customer_id,last_order_date,recency,frequency,monetary,r_score,f_score,m_score,rfm_segment
100001,2025-11-25,37,25,19246.07,5,5,5,Champions
100002,2025-12-11,21,2,1410.3200000000002,5,2,4,Potential Loyalists
100004,2025-03-20,287,2,878.8399999999999,2,2,3,Lost
100005,2024-04-05,636,2,402.81,1,2,2,Lost
100006,2025-10-30,63,13,4349.85,4,5,5,Champions
100007,2025-04-23,253,1,410.48,3,1,2,Others
100008,2025-08-24,130,15,12468.14,3,5,5,Loyal
100009,2024-07-01,549,2,436.9,1,2,2,Lost
100010,2025-09-02,121,3,455.94,4,3,2,Potential Loyalists
100011,2025-01-10,356,2,869.8,2,2,3,Lost
100012,2024-06-02,578,1,1250.49,1,1,3,Lost
100013,2025-02-28,307,7,3844.8,2,5,5,At Risk
100014,2025-12-11,21,4,2034.8600000000001,5,4,4,Champions
100016,2025-03-15,292,2,141.95,2,2,1,Lost
100018,2025-07-31,154,1,355.86,3,1,2,Others
100020,2024-12-10,387,1,811.5899999999999,2,1,3,Lost
100021,2025-10-17,76,2,520.8199999999999,4,2,2,Potential Loyalists
100022,2025-07-26,159,1,814.59,3,1,3,Others
100023,2025-11-17,45,8,3442.69,4,5,5,Champions
100024,2025-06-18,197,4,366.37,3,4,2,Others
100025,2025-05-26,220,1,667.51,3,1,2,Others
100027,2025-12-16,16,2,578.73,5,2,2,Potential Loyalists
100028,2024-07-03,547,2,604.4000000000001,1,2,2,Lost
100029,2025-07-30,155,5,2317.9,3,4,4,Loyal
100030,2025-07-24,161,3,813.25,3,3,3,Others
100031,2025-12-25,7,23,16173.45,5,5,5,Champions
100032,2024-06-05,575,1,71.94,1,1,1,Lost
100033,2025-03-29,278,1,1133.79,3,1,3,Others
100034,2024-06-09,571,1,107.84,1,1,1,Lost
100036,2024-03-02,670,1,97.63,1,1,1,Lost
100037,2025-03-11,296,2,1532.28,2,2,4,Lost
100038,2025-09-17,106,4,1151.11,4,4,3,Loyal
100040,2025-12-25,7,16,7837.889999999999,5,5,5,Champions
100041,2025-12-28,4,5,1479.1399999999999,5,4,4,Champions
100042,2025-12-07,25,10,4898.3,5,5,5,Champions
100044,2023-12-29,734,2,141.18,1,2,1,Lost
100045,2025-10-11,82,1,1011.9300000000001,4,1,3,Potential Loyalists
100046,2025-11-29,33,3,303.1,5,3,2,Potential Loyalists
100047,2025-12-18,14,3,1722.88,5,3,4,Potential Loyalists
100048,2025-12-28,4,13,2925.77,5,5,5,Champions
100049,2024-01-08,724,1,70.09,1,1,1,Lost
100052,2023-02-13,1053,1,394.2,1,1,2,Lost
100053,2023-07-27,889,1,89.68,1,1,1,Lost
100054,2025-09-21,102,1,238.03,4,1,1,Potential Loyalists
100055,2025-04-29,247,3,3093.8999999999996,3,3,5,Others
100056,2025-11-26,36,7,2462.53,5,5,4,Champions
100057,2025-10-02,91,3,993.69,4,3,3,Potential Loyalists
100058,2024-08-29,490,1,224.7,2,1,1,Lost
100059,2023-08-22,863,1,1038.34,1,1,3,Lost
100060,2023-06-18,928,2,1692.28,1,2,4,Lost
100061,2025-11-27,35,4,1226.5700000000002,5,4,3,Loyal
100062,2025-01-08,358,2,1795.26,2,2,4,Lost
100064,2025-12-15,17,3,777.73,5,3,3,Potential Loyalists
100065,2025-08-28,126,3,3517.61,4,3,5,Potential Loyalists
100066,2025-12-14,18,11,6796.429999999999,5,5,5,Champions
100067,2025-09-18,105,1,598.82,4,1,2,Potential Loyalists
100068,2025-10-23,70,6,3011.5099999999998,4,5,5,Champions
100069,2025-08-14,140,3,437.01,3,3,2,Others
100071,2025-09-18,105,2,3412.25,4,2,5,Potential Loyalists
100072,2024-05-12,599,2,1257.17,1,2,3,Lost
100075,2025-03-23,284,3,951.1,2,3,3,Others
100076,2025-07-31,154,1,422.47,3,1,2,Others
100077,2025-12-22,10,7,1473.49,5,5,4,Champions
100078,2025-06-09,206,1,85.54,3,1,1,Others
100080,2024-02-03,698,1,450.22,1,1,2,Lost
100081,2025-08-22,132,3,1026.91,3,3,3,Others
100082,2025-02-27,308,1,1279.23,2,1,3,Lost
100084,2025-01-19,347,5,3493.63,2,4,5,At Risk
100085,2024-12-28,369,2,1357.9099999999999,2,2,3,Lost
100087,2024-10-10,448,1,548.28,2,1,2,Lost
100088,2025-11-23,39,4,1419.26,5,4,4,Champions
100089,2023-09-11,843,2,346.67,1,2,2,Lost
100090,2025-12-07,25,2,145.0,5,2,1,Potential Loyalists
100091,2025-08-15,139,2,644.25,3,2,2,Others
100092,2025-07-27,158,6,3203.71,3,5,5,Loyal
100093,2025-11-26,36,2,780.42,5,2,3,Potential Loyalists
100094,2025-11-09,53,2,1018.38,4,2,3,Potential Loyalists
100096,2024-10-16,442,1,302.3,2,1,2,Lost
100098,2025-09-25,98,6,1411.6299999999999,4,5,4,Champions
100099,2024-09-13,475,1,51.95,2,1,1,Lost
100100,2025-02-12,323,9,4515.05,2,5,5,At Risk
100101,2024-06-02,578,1,1245.12,1,1,3,Lost
100102,2024-01-09,723,2,1076.92,1,2,3,Lost
100104,2025-06-07,208,3,2187.58,3,3,4,Others
100105,2025-05-22,224,4,1437.14,3,4,4,Loyal
100106,2025-06-16,199,1,344.01,3,1,2,Others
100107,2025-07-15,170,1,136.78,3,1,1,Others
100108,2025-09-22,101,12,4846.990000000001,4,5,5,Champions
100109,2025-12-25,7,9,2539.68,5,5,4,Champions
100110,2024-01-18,714,1,352.34,1,1,2,Lost
100111,2024-06-25,555,3,990.3700000000001,1,3,3,Others
100112,2023-09-30,824,1,210.21,1,1,1,Lost
100115,2024-11-14,413,1,199.14999999999998,2,1,1,Lost
100116,2025-12-10,22,5,1850.37,5,4,4,Champions
100117,2024-03-21,651,1,137.85,1,1,1,Lost
100118,2025-09-07,116,2,549.4200000000001,4,2,2,Potential Loyalists
100119,2025-05-05,241,5,2714.36,3,4,5,Loyal
100120,2025-08-12,142,2,286.3,3,2,1,Others
100121,2025-12-25,7,12,4485.7,5,5,5,Champions
100122,2025-10-04,89,5,762.45,4,4,3,Loyal
100123,2024-04-24,617,1,106.30000000000001,1,1,1,Lost
100124,2025-11-19,43,2,1238.27,4,2,3,Potential Loyalists
100125,2025-09-26,97,6,2385.22,4,5,4,Champions
100126,2024-04-05,636,1,192.66,1,1,1,Lost
100127,2024-05-31,580,6,2666.07,1,5,5,At Risk
100128,2025-10-27,66,1,65.03999999999999,4,1,1,Potential Loyalists
100129,2024-11-03,424,1,277.62,2,1,1,Lost
100130,2025-10-15,78,3,1837.52,4,3,4,Potential Loyalists
100131,2023-07-23,893,1,113.64000000000001,1,1,1,Lost
100135,2023-09-09,845,1,109.06,1,1,1,Lost
100136,2025-02-04,331,1,193.32,2,1,1,Lost
100137,2025-03-11,296,2,540.81,2,2,2,Lost
100138,2025-01-29,337,7,2579.4700000000003,2,5,4,At Risk
100140,2025-12-14,18,3,558.5,5,3,2,Potential Loyalists
100142,2025-12-29,3,10,2985.6,5,5,5,Champions
100143,2025-01-23,343,10,6720.72,2,5,5,At Risk
100144,2025-12-31,1,6,2728.52,5,5,5,Champions
100145,2025-06-10,205,1,471.39,3,1,2,Others
100146,2025-11-15,47,3,1703.7,4,3,4,Potential Loyalists
100147,2024-12-05,392,1,197.16,2,1,1,Lost
100148,2025-07-04,181,13,7628.320000000001,3,5,5,Loyal
100149,2024-05-06,605,2,1662.21,1,2,4,Lost
100151,2024-04-17,624,1,124.81,1,1,1,Lost
100152,2023-06-23,923,1,590.0699999999999,1,1,2,Lost
100153,2024-12-13,384,1,445.0,2,1,2,Lost
100155,2025-06-01,214,1,1069.21,3,1,3,Others
100157,2025-04-09,267,1,612.25,3,1,2,Others
100158,2025-08-17,137,1,128.44,3,1,1,Others
100159,2024-03-13,659,1,11.49,1,1,1,Lost
100161,2023-03-23,1015,1,16.59,1,1,1,Lost
100162,2025-06-20,195,8,2300.29,3,5,4,Loyal
100163,2025-05-07,239,10,7393.429999999999,3,5,5,Loyal
100164,2025-02-02,333,2,241.6,2,2,1,Lost
100165,2025-12-13,19,4,4193.86,5,4,5,Champions
100168,2025-11-09,53,2,343.8,4,2,2,Potential Loyalists
100169,2024-09-07,481,1,47.56,2,1,1,Lost
100170,2025-12-01,31,7,2490.19,5,5,4,Champions
100172,2025-09-23,100,2,2041.11,4,2,4,Potential Loyalists
100173,2025-06-10,205,2,1102.86,3,2,3,Others
100175,2023-03-05,1033,1,390.39,1,1,2,Lost
100176,2025-11-14,48,1,247.85000000000002,4,1,1,Potential Loyalists
100177,2024-10-21,437,5,4213.25,2,4,5,At Risk
100178,2025-12-09,23,4,1294.07,5,4,3,Loyal
100179,2024-12-05,392,4,1828.04,2,4,4,At Risk
100181,2024-10-16,442,2,537.1800000000001,2,2,2,Lost
100182,2023-12-30,733,3,462.8,1,3,2,Others
100183,2024-12-30,367,1,395.44,2,1,2,Lost
100184,2025-04-16,260,1,1928.04,3,1,4,Others
100186,2025-12-22,10,1,580.89,5,1,2,Potential Loyalists
100187,2023-09-21,833,1,827.39,1,1,3,Lost
100188,2024-12-23,374,7,1683.69,2,5,4,At Risk
100189,2025-06-22,193,3,1345.42,3,3,3,Others
100190,2025-11-09,53,3,247.73,4,3,1,Potential Loyalists
100191,2024-10-08,450,1,49.17,2,1,1,Lost
100192,2025-11-13,49,10,4155.18,4,5,5,Champions
100193,2025-01-04,362,2,618.84,2,2,2,Lost
100194,2025-12-10,22,1,76.65,5,1,1,Potential Loyalists
100195,2024-03-05,667,1,326.08,1,1,2,Lost
100196,2023-03-31,1007,1,121.59,1,1,1,Lost
100199,2024-07-31,519,2,975.0400000000001,2,2,3,Lost
100200,2025-12-27,5,1,449.93,5,1,2,Potential Loyalists
100202,2025-12-22,10,21,10621.27,5,5,5,Champions
100205,2025-12-19,13,3,1217.51,5,3,3,Potential Loyalists
100206,2024-08-14,505,4,421.99,2,4,2,Others
100207,2025-11-13,49,6,2263.45,4,5,4,Champions
100209,2025-04-25,251,3,1334.85,3,3,3,Others
100210,2024-07-31,519,5,365.67,2,4,2,Others
100211,2025-03-09,298,2,2301.74,2,2,4,Lost
100212,2025-11-03,59,4,2195.91,4,4,4,Champions
100213,2025-06-03,212,1,63.28,3,1,1,Others
100214,2023-11-06,787,3,2364.98,1,3,4,Others
100215,2025-12-07,25,3,220.45,5,3,1,Potential Loyalists
100216,2025-11-19,43,6,2631.21,4,5,4,Champions
100217,2025-11-23,39,2,1257.0900000000001,5,2,3,Potential Loyalists
100218,2023-08-10,875,1,462.08000000000004,1,1,2,Lost
100219,2025-05-20,226,1,275.55,3,1,1,Others
100220,2025-11-18,44,2,949.18,4,2,3,Potential Loyalists
100221,2025-08-09,145,2,977.91,3,2,3,Others
100222,2025-10-20,73,3,1014.3199999999999,4,3,3,Potential Loyalists
100223,2024-10-13,445,3,1953.89,2,3,4,Others
100224,2025-01-14,352,3,631.72,2,3,2,Others
100226,2024-03-19,653,2,512.85,1,2,2,Lost
100228,2025-12-07,25,1,92.12,5,1,1,Potential Loyalists
100229,2023-07-07,909,1,374.93,1,1,2,Lost
100231,2024-08-20,499,1,73.38,2,1,1,Lost
100232,2025-02-12,323,5,874.85,2,4,3,At Risk
100233,2024-11-03,424,2,591.22,2,2,2,Lost
100234,2025-08-17,137,5,1497.62,3,4,4,Loyal
100236,2025-10-02,91,3,333.76,4,3,2,Potential Loyalists
100237,2025-10-12,81,11,7977.56,4,5,5,Champions
100238,2025-03-04,303,3,583.8199999999999,2,3,2,Others
100239,2025-07-21,164,1,412.25,3,1,2,Others
100240,2023-11-12,781,1,732.8399999999999,1,1,3,Lost
100241,2023-06-25,921,1,817.3300000000002,1,1,3,Lost
100242,2025-03-30,277,3,495.39,3,3,2,Others
100243,2024-02-11,690,1,2374.88,1,1,4,Lost
100244,2024-11-21,406,1,1474.81,2,1,4,Lost
100245,2025-12-04,28,4,2064.87,5,4,4,Champions
100246,2025-03-17,290,1,400.84,2,1,2,Lost
100247,2023-06-06,940,1,264.0,1,1,1,Lost
100248,2025-11-25,37,6,2513.9,5,5,4,Champions
100249,2024-10-05,453,1,658.92,2,1,2,Lost
100250,2023-08-14,871,1,532.13,1,1,2,Lost
100252,2023-10-23,801,2,340.64,1,2,2,Lost
100253,2023-06-15,931,1,1691.8700000000001,1,1,4,Lost
100254,2025-12-11,21,4,2007.23,5,4,4,Champions
100255,2024-08-04,515,1,262.49,2,1,1,Lost
100256,2025-08-08,146,10,3152.76,3,5,5,Loyal
100257,2025-09-16,107,1,474.34,4,1,2,Potential Loyalists
100259,2024-05-19,592,3,1427.09,1,3,4,Others
100261,2023-02-15,1051,1,976.25,1,1,3,Lost
100263,2025-12-27,5,3,1792.92,5,3,4,Potential Loyalists
100264,2025-10-23,70,2,227.28,4,2,1,Potential Loyalists
100265,2025-11-20,42,9,7471.32,5,5,5,Champions
100266,2023-05-19,958,2,280.44,1,2,1,Lost
100267,2023-07-12,904,1,229.18,1,1,1,Lost
100269,2024-11-08,419,3,1403.99,2,3,4,Others
100270,2025-11-03,59,13,10358.0,4,5,5,Champions
100271,2023-01-01,1096,1,484.15999999999997,1,1,2,Lost
100272,2025-11-12,50,8,3260.06,4,5,5,Champions
100274,2023-12-24,739,1,704.19,1,1,2,Lost
100275,2025-07-29,156,2,1174.64,3,2,3,Others
100276,2023-09-23,831,1,703.9200000000001,1,1,2,Lost
100278,2025-10-07,86,8,2844.2200000000003,4,5,5,Champions
100280,2025-08-15,139,4,1091.42,3,4,3,Loyal
100281,2024-05-26,585,1,233.95,1,1,1,Lost
100282,2025-11-12,50,6,1390.81,4,5,3,Loyal
100283,2025-07-14,171,1,298.99,3,1,2,Others
100284,2025-10-05,88,5,2501.88,4,4,4,Champions
100286,2025-12-17,15,6,2423.45,5,5,4,Champions
100287,2025-10-01,92,7,2843.5,4,5,5,Champions
100288,2025-06-29,186,2,1733.79,3,2,4,Others
100289,2025-10-01,92,1,201.53,4,1,1,Potential Loyalists
100291,2024-04-29,612,1,30.88,1,1,1,Lost
100292,2024-08-10,509,4,2548.04,2,4,4,At Risk
100293,2025-09-23,100,6,3463.42,4,5,5,Champions
100294,2025-08-21,133,5,1675.81,3,4,4,Loyal
100295,2025-07-27,158,1,83.56,3,1,1,Others
100296,2025-08-26,128,10,5000.76,4,5,5,Champions
100297,2025-10-23,70,9,2673.43,4,5,5,Champions
100300,2025-11-27,35,2,226.99,5,2,1,Potential Loyalists
100301,2025-12-16,16,4,3573.27,5,4,5,Champions
100304,2025-09-14,109,4,557.67,4,4,2,Others
100305,2024-01-24,708,1,31.41,1,1,1,Lost
100306,2025-12-31,1,3,1109.65,5,3,3,Potential Loyalists
100307,2025-10-21,72,11,4936.76,4,5,5,Champions
100308,2025-11-24,38,9,2687.06,5,5,5,Champions
100310,2025-12-10,22,2,600.86,5,2,2,Potential Loyalists
100311,2024-04-28,613,3,392.44,1,3,2,Others
100312,2025-12-28,4,15,3950.83,5,5,5,Champions
100313,2024-11-15,412,4,1229.58,2,4,3,At Risk
100314,2025-11-05,57,3,2086.64,4,3,4,Potential Loyalists
100315,2025-11-14,48,4,767.39,4,4,3,Loyal
100316,2025-04-28,248,4,1701.49,3,4,4,Loyal
100317,2025-06-18,197,4,748.73,3,4,3,Loyal
100319,2025-09-04,119,3,1240.18,4,3,3,Potential Loyalists
100321,2025-12-03,29,11,3265.66,5,5,5,Champions
100322,2025-11-23,39,10,4409.35,5,5,5,Champions
100323,2024-11-30,397,2,423.21000000000004,2,2,2,Lost
100324,2024-09-09,479,1,244.73999999999998,2,1,1,Lost
100326,2025-05-02,244,6,1329.0800000000002,3,5,3,Loyal
100327,2025-12-06,26,3,377.02000000000004,5,3,2,Potential Loyalists
100329,2025-07-25,160,1,1235.16,3,1,3,Others
100331,2024-04-12,629,2,263.02,1,2,1,Lost
100332,2025-12-29,3,3,888.55,5,3,3,Potential Loyalists
100333,2024-01-28,704,2,630.68,1,2,2,Lost
100335,2025-11-11,51,5,4875.93,4,4,5,Champions
100336,2024-08-25,494,1,222.72,2,1,1,Lost
100337,2024-10-17,441,4,2179.05,2,4,4,At Risk
100338,2025-09-19,104,5,1714.79,4,4,4,Champions
100341,2025-11-01,61,2,710.37,4,2,2,Potential Loyalists
100344,2024-07-25,525,1,1042.57,2,1,3,Lost
100345,2025-11-03,59,1,477.22999999999996,4,1,2,Potential Loyalists
100349,2025-06-28,187,3,481.06,3,3,2,Others
100352,2025-02-25,310,2,635.35,2,2,2,Lost
100354,2025-12-03,29,7,4441.67,5,5,5,Champions
100357,2024-06-15,565,6,2524.58,1,5,4,At Risk
100358,2025-12-07,25,3,457.55,5,3,2,Potential Loyalists
100359,2025-12-18,14,6,2959.5699999999997,5,5,5,Champions
100361,2025-09-12,111,3,270.94,4,3,1,Potential Loyalists
100362,2025-11-12,50,3,607.52,4,3,2,Potential Loyalists
100363,2023-07-30,886,1,168.58,1,1,1,Lost
100364,2025-04-17,259,2,384.39000000000004,3,2,2,Others
100365,2024-11-02,425,1,132.64,2,1,1,Lost
100367,2024-12-14,383,1,303.78,2,1,2,Lost
100370,2025-12-06,26,1,1073.22,5,1,3,Potential Loyalists
100371,2025-09-23,100,2,1723.47,4,2,4,Potential Loyalists
100372,2025-10-30,63,8,5284.78,4,5,5,Champions
100373,2025-08-15,139,1,763.0600000000001,3,1,3,Others
100374,2025-11-17,45,5,2527.55,4,4,4,Champions
100375,2025-11-10,52,2,118.62,4,2,1,Potential Loyalists
100376,2024-04-13,628,1,431.99,1,1,2,Lost
100377,2025-12-30,2,8,2320.6,5,5,4,Champions
100378,2025-01-17,349,7,3794.3900000000003,2,5,5,At Risk
100380,2025-12-20,12,48,22354.77,5,5,5,Champions
100382,2023-12-17,746,1,52.51,1,1,1,Lost
100383,2025-10-21,72,5,1570.91,4,4,4,Champions
100385,2025-05-17,229,2,1340.24,3,2,3,Others
100386,2023-09-05,849,3,2773.4,1,3,5,Others
100387,2025-09-05,118,4,1880.17,4,4,4,Champions
100388,2025-06-24,191,5,1931.66,3,4,4,Loyal
100389,2025-08-26,128,10,5954.29,4,5,5,Champions
100391,2025-06-17,198,2,234.79999999999998,3,2,1,Others
100392,2025-04-27,249,2,2451.11,3,2,4,Others
100394,2025-04-23,253,1,732.93,3,1,3,Others
100395,2025-06-13,202,2,1145.45,3,2,3,Others
100397,2025-11-13,49,12,4738.38,4,5,5,Champions
100398,2025-11-18,44,7,2300.75,4,5,4,Champions
100399,2025-11-16,46,4,1146.4,4,4,3,Loyal
100400,2023-10-30,794,1,33.37,1,1,1,Lost
100401,2025-08-13,141,7,3650.0299999999997,3,5,5,Loyal
100403,2025-09-19,104,1,1125.6100000000001,4,1,3,Potential Loyalists
100404,2025-11-14,48,1,120.46,4,1,1,Potential Loyalists
100405,2025-10-31,62,2,219.25,4,2,1,Potential Loyalists
100406,2025-01-08,358,2,1035.39,2,2,3,Lost
100407,2024-04-20,621,1,265.43,1,1,1,Lost
100408,2025-12-28,4,13,7807.08,5,5,5,Champions
100410,2025-01-05,361,4,706.09,2,4,2,Others
100411,2024-03-05,667,4,2295.43,1,4,4,At Risk
100412,2024-12-07,390,1,2297.94,2,1,4,Lost
100413,2025-11-23,39,1,205.96,5,1,1,Potential Loyalists
100414,2025-09-12,111,1,59.65,4,1,1,Potential Loyalists
100415,2024-12-21,376,1,130.02,2,1,1,Lost
100416,2025-02-05,330,11,5501.68,2,5,5,At Risk
100417,2025-11-28,34,1,3376.65,5,1,5,Potential Loyalists
100418,2024-07-24,526,1,130.43,2,1,1,Lost
100421,2025-08-04,150,2,1390.2200000000003,3,2,3,Others
100422,2025-04-15,261,1,54.57,3,1,1,Others
100424,2023-04-16,991,1,91.64,1,1,1,Lost
100427,2025-10-18,75,19,7340.88,4,5,5,Champions
100428,2025-02-13,322,3,1268.0900000000001,2,3,3,Others
100429,2024-10-30,428,1,834.62,2,1,3,Lost
100430,2025-06-17,198,2,1034.25,3,2,3,Others
100431,2024-12-06,391,1,297.72,2,1,2,Lost
100432,2025-11-05,57,3,372.25,4,3,2,Potential Loyalists
100433,2024-10-25,433,1,227.68,2,1,1,Lost
100434,2025-05-31,215,5,841.2,3,4,3,Loyal
100435,2025-09-29,94,11,5125.93,4,5,5,Champions
100436,2025-12-30,2,1,2339.0,5,1,4,Potential Loyalists
100439,2025-01-25,341,5,2315.73,2,4,4,At Risk
100440,2025-10-14,79,4,872.1300000000001,4,4,3,Loyal
100441,2025-04-11,265,2,398.26,3,2,2,Others
100442,2025-04-27,249,1,351.17999999999995,3,1,2,Others
100443,2025-04-29,247,8,4451.36,3,5,5,Loyal
100444,2024-03-16,656,1,125.96000000000001,1,1,1,Lost
100445,2025-04-19,257,1,395.33,3,1,2,Others
100446,2025-11-04,58,11,8614.27,4,5,5,Champions
100447,2024-03-25,647,1,112.68,1,1,1,Lost
100448,2025-06-10,205,3,1212.08,3,3,3,Others
100449,2023-06-02,944,1,528.25,1,1,2,Lost
100450,2025-11-20,42,7,4212.68,5,5,5,Champions
100453,2025-09-09,114,4,2170.79,4,4,4,Champions
100455,2025-12-13,19,7,2632.55,5,5,4,Champions
100456,2024-10-08,450,4,4033.23,2,4,5,At Risk
100457,2025-12-07,25,11,2773.9900000000002,5,5,5,Champions
100458,2025-01-18,348,2,1532.18,2,2,4,Lost
100459,2024-12-12,385,1,764.23,2,1,3,Lost
100460,2024-04-03,638,2,2516.48,1,2,4,Lost
100461,2024-03-01,671,3,3594.29,1,3,5,Others
100462,2023-06-13,933,1,432.47,1,1,2,Lost
100463,2025-12-10,22,4,2385.56,5,4,4,Champions
100464,2023-02-04,1062,1,240.97,1,1,1,Lost
100465,2025-08-11,143,4,1353.01,3,4,3,Loyal
100466,2024-12-31,366,1,1246.89,2,1,3,Lost
100467,2025-12-12,20,7,4104.87,5,5,5,Champions
100469,2023-02-26,1040,1,1046.4899999999998,1,1,3,Lost
100470,2024-04-17,624,1,248.37,1,1,1,Lost
100471,2025-11-08,54,2,333.02,4,2,2,Potential Loyalists
100473,2024-12-27,370,3,1747.04,2,3,4,Others
100474,2023-02-03,1063,1,103.43,1,1,1,Lost
100475,2025-10-12,81,7,2585.67,4,5,4,Champions
100476,2025-04-16,260,4,1475.69,3,4,4,Loyal
100477,2025-12-17,15,4,487.3,5,4,2,Others
100478,2025-03-07,300,3,2902.88,2,3,5,Others
100480,2025-12-10,22,9,3025.54,5,5,5,Champions
100482,2025-12-12,20,8,3414.04,5,5,5,Champions
100483,2025-12-24,8,3,1464.0500000000002,5,3,4,Potential Loyalists
100484,2025-01-31,335,1,797.27,2,1,3,Lost
100485,2023-06-17,929,2,687.4,1,2,2,Lost
100486,2025-12-28,4,3,2471.8500000000004,5,3,4,Potential Loyalists
100488,2023-02-20,1046,1,633.28,1,1,2,Lost
100489,2025-11-17,45,7,3702.3599999999997,4,5,5,Champions
100490,2025-12-11,21,4,738.4100000000001,5,4,3,Loyal
100492,2025-03-14,293,2,911.78,2,2,3,Lost
100494,2023-11-09,784,1,1010.2,1,1,3,Lost
100495,2025-07-06,179,2,2343.17,3,2,4,Others
100496,2025-12-12,20,6,1973.4299999999998,5,5,4,Champions
100497,2025-08-02,152,1,30.05,3,1,1,Others
100498,2025-12-28,4,2,601.8499999999999,5,2,2,Potential Loyalists
100500,2025-12-24,8,2,2161.14,5,2,4,Potential Loyalists
100501,2025-08-09,145,6,1311.3899999999999,3,5,3,Loyal
100505,2025-10-22,71,1,758.0699999999999,4,1,3,Potential Loyalists
100506,2024-10-02,456,2,1260.75,2,2,3,Lost
100507,2024-11-14,413,1,89.72,2,1,1,Lost
100508,2025-11-03,59,2,500.39,4,2,2,Potential Loyalists
100509,2023-08-06,879,1,157.12,1,1,1,Lost
100510,2025-06-27,188,5,1164.45,3,4,3,Loyal
100511,2025-05-10,236,3,1488.73,3,3,4,Others
100512,2025-12-19,13,1,425.62,5,1,2,Potential Loyalists
100513,2024-01-31,701,1,67.22,1,1,1,Lost
100514,2025-06-29,186,2,376.68,3,2,2,Others
100515,2025-02-11,324,4,2334.88,2,4,4,At Risk
100517,2025-11-03,59,5,2209.2000000000003,4,4,4,Champions
100518,2025-05-24,222,2,1206.6299999999999,3,2,3,Others
100521,2025-12-19,13,15,10507.199999999999,5,5,5,Champions
100522,2025-12-29,3,13,4581.74,5,5,5,Champions
100523,2025-06-13,202,3,3492.89,3,3,5,Others
100524,2025-04-16,260,5,850.66,3,4,3,Loyal
100525,2023-03-12,1026,1,48.45,1,1,1,Lost
100526,2024-01-26,706,5,2225.11,1,4,4,At Risk
100527,2024-09-15,473,1,624.9200000000001,2,1,2,Lost
100528,2025-06-02,213,8,6803.3099999999995,3,5,5,Loyal
100530,2025-08-23,131,2,795.52,3,2,3,Others
100531,2025-07-17,168,8,2076.2599999999998,3,5,4,Loyal
100532,2023-09-12,842,2,1023.19,1,2,3,Lost
100534,2024-10-19,439,2,598.49,2,2,2,Lost
100535,2025-12-16,16,4,626.23,5,4,2,Others
100536,2025-09-01,122,3,513.57,4,3,2,Potential Loyalists
100537,2025-12-25,7,3,899.27,5,3,3,Potential Loyalists
100538,2024-02-29,672,2,352.54,1,2,2,Lost
100539,2025-06-07,208,4,861.98,3,4,3,Loyal
100541,2024-01-23,709,1,743.53,1,1,3,Lost
100542,2024-06-14,566,2,1311.67,1,2,3,Lost
100546,2025-11-04,58,2,1160.69,4,2,3,Potential Loyalists
100547,2024-11-24,403,1,599.91,2,1,2,Lost
100549,2025-02-16,319,2,214.7,2,2,1,Lost
100550,2025-11-01,61,9,3294.97,4,5,5,Champions
100551,2025-07-08,177,5,6192.5,3,4,5,Loyal
100552,2025-06-09,206,3,1326.9499999999998,3,3,3,Others
100554,2025-12-17,15,3,886.65,5,3,3,Potential Loyalists
100558,2025-09-17,106,4,1344.3,4,4,3,Loyal
100559,2025-11-15,47,3,1102.1599999999999,4,3,3,Potential Loyalists
100560,2025-09-27,96,17,5556.64,4,5,5,Champions
100562,2025-11-29,33,6,1809.34,5,5,4,Champions
100564,2025-10-30,63,1,92.39,4,1,1,Potential Loyalists
100565,2025-10-04,89,2,524.46,4,2,2,Potential Loyalists
100566,2024-09-19,469,7,2184.16,2,5,4,At Risk
100567,2024-12-07,390,1,180.08,2,1,1,Lost
100568,2025-04-15,261,4,1261.03,3,4,3,Loyal
100569,2025-03-06,301,6,1738.09,2,5,4,At Risk
100570,2024-08-31,488,3,1980.67,2,3,4,Others
100571,2025-03-15,292,3,2345.75,2,3,4,Others
100572,2025-08-13,141,10,4496.97,3,5,5,Loyal
100574,2025-06-25,190,6,1924.47,3,5,4,Loyal
100575,2025-02-28,307,1,487.71,2,1,2,Lost
100576,2025-11-12,50,1,175.68,4,1,1,Potential Loyalists
100577,2025-12-16,16,19,5895.0,5,5,5,Champions
100578,2025-11-01,61,6,2450.2,4,5,4,Champions
100580,2023-12-18,745,1,320.06,1,1,2,Lost
100581,2023-10-08,816,1,372.74,1,1,2,Lost
100582,2025-05-11,235,4,1209.24,3,4,3,Loyal
100583,2025-12-03,29,5,1594.71,5,4,4,Champions
100585,2025-01-12,354,2,514.99,2,2,2,Lost
100586,2025-03-17,290,3,1439.18,2,3,4,Others
100587,2024-09-22,466,3,3724.7999999999997,2,3,5,Others
100588,2023-06-02,944,1,38.26,1,1,1,Lost
100589,2025-10-19,74,4,571.7,4,4,2,Others
100590,2025-09-22,101,3,916.19,4,3,3,Potential Loyalists
100591,2025-11-17,45,1,10.97,4,1,1,Potential Loyalists
100592,2025-12-07,25,9,6270.61,5,5,5,Champions
100595,2025-02-01,334,1,156.35,2,1,1,Lost
100596,2025-12-24,8,4,2013.96,5,4,4,Champions
100598,2025-12-26,6,13,5895.74,5,5,5,Champions
100599,2025-05-21,225,2,1028.76,3,2,3,Others
100600,2025-04-09,267,1,56.23,3,1,1,Others
100601,2025-12-10,22,7,3409.0,5,5,5,Champions
100602,2025-03-12,295,1,526.28,2,1,2,Lost
100603,2025-05-28,218,8,2754.52,3,5,5,Loyal
100606,2025-09-05,118,7,2493.65,4,5,4,Champions
100607,2023-07-17,899,1,1021.38,1,1,3,Lost
100608,2025-03-10,297,1,40.22,2,1,1,Lost
100609,2023-09-11,843,2,1342.9,1,2,3,Lost
100610,2024-10-14,444,5,1613.1699999999998,2,4,4,At Risk
100611,2025-11-10,52,5,1640.58,4,4,4,Champions
100612,2025-12-16,16,4,1147.52,5,4,3,Loyal
100613,2025-12-19,13,2,634.41,5,2,2,Potential Loyalists
100614,2025-03-17,290,1,70.95,2,1,1,Lost
100615,2025-01-22,344,3,1507.79,2,3,4,Others
100617,2025-03-13,294,5,1931.12,2,4,4,At Risk
100618,2025-10-14,79,5,2082.1400000000003,4,4,4,Champions
100619,2024-12-06,391,1,147.25,2,1,1,Lost
100620,2025-07-24,161,3,1514.3200000000002,3,3,4,Others
100622,2025-09-10,113,7,7005.95,4,5,5,Champions
100623,2025-03-27,280,3,1019.42,3,3,3,Others
100624,2025-07-18,167,6,3910.4,3,5,5,Loyal
100625,2025-10-25,68,1,723.1500000000001,4,1,2,Potential Loyalists
100626,2025-11-16,46,2,1005.74,4,2,3,Potential Loyalists
100627,2023-10-09,815,1,381.72,1,1,2,Lost
100629,2025-09-04,119,4,1266.69,4,4,3,Loyal
100633,2025-09-11,112,5,1800.9,4,4,4,Champions
100635,2023-11-16,777,2,452.47,1,2,2,Lost
100636,2024-02-03,698,1,972.71,1,1,3,Lost
100637,2024-03-06,666,1,850.47,1,1,3,Lost
100640,2024-05-12,599,3,1831.8500000000001,1,3,4,Others
100641,2025-12-09,23,1,91.46000000000001,5,1,1,Potential Loyalists
100642,2025-12-08,24,3,953.75,5,3,3,Potential Loyalists
100645,2025-11-13,49,6,3988.88,4,5,5,Champions
100647,2025-05-18,228,3,1202.1200000000001,3,3,3,Others
100648,2025-07-13,172,5,1576.8899999999999,3,4,4,Loyal
100650,2025-11-25,37,5,825.4300000000001,5,4,3,Loyal
100651,2025-05-05,241,2,1147.22,3,2,3,Others
100652,2025-12-15,17,13,9437.88,5,5,5,Champions
100654,2024-07-12,538,1,14.09,1,1,1,Lost
100655,2024-07-04,546,2,580.28,1,2,2,Lost
100656,2025-05-24,222,5,1427.6999999999998,3,4,4,Loyal
100657,2025-05-03,243,2,1268.4099999999999,3,2,3,Others
100659,2023-08-24,861,1,132.07,1,1,1,Lost
100660,2025-10-11,82,2,892.59,4,2,3,Potential Loyalists
100662,2025-12-18,14,9,5745.1,5,5,5,Champions
100663,2025-12-11,21,7,2431.12,5,5,4,Champions
100664,2025-11-06,56,6,2253.13,4,5,4,Champions
100667,2025-06-23,192,3,2051.0099999999998,3,3,4,Others
100668,2025-11-26,36,6,933.4599999999999,5,5,3,Loyal
100669,2025-10-09,84,10,5008.1900000000005,4,5,5,Champions
100670,2025-10-18,75,3,1121.6399999999999,4,3,3,Potential Loyalists
100674,2025-12-25,7,25,12777.15,5,5,5,Champions
100676,2025-12-26,6,1,185.5,5,1,1,Potential Loyalists
100677,2025-05-19,227,1,87.06,3,1,1,Others
100678,2025-01-10,356,2,85.98,2,2,1,Lost
100680,2024-06-19,561,1,191.42,1,1,1,Lost
100682,2025-03-24,283,1,132.91,3,1,1,Others
100683,2025-07-13,172,1,490.58,3,1,2,Others
100684,2025-02-15,320,1,433.05,2,1,2,Lost
100685,2025-11-29,33,7,6147.62,5,5,5,Champions
100686,2024-08-22,497,3,499.82,2,3,2,Others
100687,2024-12-25,372,1,187.85,2,1,1,Lost
100688,2024-05-28,583,1,458.36,1,1,2,Lost
100689,2024-09-18,470,2,129.22,2,2,1,Lost
100691,2025-02-13,322,3,743.62,2,3,3,Others
100693,2024-10-15,443,1,460.91,2,1,2,Lost
100694,2025-11-08,54,1,1785.76,4,1,4,Potential Loyalists
100695,2025-10-10,83,2,680.99,4,2,2,Potential Loyalists
100696,2024-10-22,436,2,182.37,2,2,1,Lost
100697,2024-11-24,403,3,1014.5200000000001,2,3,3,Others
100698,2024-12-04,393,2,385.05,2,2,2,Lost
100700,2024-03-13,659,1,370.64,1,1,2,Lost
100703,2024-12-26,371,4,1912.28,2,4,4,At Risk
100704,2024-11-20,407,3,1123.71,2,3,3,Others
100705,2025-12-26,6,4,2660.63,5,4,5,Champions
100706,2025-05-25,221,6,4530.43,3,5,5,Loyal
100707,2025-07-20,165,7,4237.61,3,5,5,Loyal
100708,2023-12-22,741,1,410.52,1,1,2,Lost
100710,2025-03-25,282,1,684.08,3,1,2,Others
100711,2023-11-16,777,1,61.11,1,1,1,Lost
100712,2025-03-04,303,6,1563.24,2,5,4,At Risk
100713,2024-12-07,390,4,2080.92,2,4,4,At Risk
100714,2025-07-15,170,5,2924.87,3,4,5,Loyal
100715,2025-11-20,42,16,4637.22,5,5,5,Champions
100717,2025-12-15,17,9,5846.05,5,5,5,Champions
100722,2025-08-07,147,4,1706.91,3,4,4,Loyal
100723,2024-11-22,405,1,554.9399999999999,2,1,2,Lost
100724,2025-09-07,116,2,1171.78,4,2,3,Potential Loyalists
100725,2023-04-03,1004,1,522.65,1,1,2,Lost
100726,2025-07-09,176,4,1174.26,3,4,3,Loyal
100727,2025-12-07,25,1,186.76999999999998,5,1,1,Potential Loyalists
100728,2025-12-22,10,1,259.17,5,1,1,Potential Loyalists
100729,2025-09-01,122,3,1031.1,4,3,3,Potential Loyalists
100730,2025-07-08,177,2,1103.08,3,2,3,Others
100731,2023-11-01,792,1,497.77,1,1,2,Lost
100732,2025-12-08,24,14,5661.71,5,5,5,Champions
100733,2025-09-21,102,3,847.5699999999999,4,3,3,Potential Loyalists
100734,2024-06-14,566,1,206.89,1,1,1,Lost
100735,2025-12-12,20,13,2849.71,5,5,5,Champions
100737,2025-12-18,14,6,1402.8600000000001,5,5,3,Loyal
100741,2024-06-20,560,1,111.91,1,1,1,Lost
100742,2025-02-05,330,1,1226.24,2,1,3,Lost
100743,2023-07-09,907,1,409.24,1,1,2,Lost
100744,2025-08-04,150,3,2420.67,3,3,4,Others
100745,2025-07-15,170,2,214.22000000000003,3,2,1,Others
100747,2025-05-07,239,6,1880.11,3,5,4,Loyal
100748,2025-12-13,19,2,311.65,5,2,2,Potential Loyalists
100749,2025-07-29,156,1,27.41,3,1,1,Others
100750,2025-05-05,241,1,55.28,3,1,1,Others
100751,2025-09-02,121,2,652.5899999999999,4,2,2,Potential Loyalists
100752,2025-07-13,172,2,2539.9500000000003,3,2,4,Others
100753,2025-06-17,198,6,1518.66,3,5,4,Loyal
100754,2024-01-08,724,2,1527.26,1,2,4,Lost
100755,2025-06-03,212,1,148.9,3,1,1,Others
100756,2025-12-14,18,3,1272.3,5,3,3,Potential Loyalists
100758,2023-03-11,1027,1,163.87,1,1,1,Lost
100759,2024-09-23,465,2,346.43,2,2,2,Lost
100760,2025-09-27,96,1,46.65,4,1,1,Potential Loyalists
100761,2024-11-06,421,2,326.12,2,2,2,Lost
100762,2025-05-25,221,3,1202.9099999999999,3,3,3,Others
100765,2025-11-03,59,1,1745.72,4,1,4,Potential Loyalists
100766,2024-08-31,488,4,1664.09,2,4,4,At Risk
100768,2025-04-19,257,3,1475.06,3,3,4,Others
100770,2025-11-17,45,9,6041.43,4,5,5,Champions
100771,2025-11-16,46,4,319.58,4,4,2,Others
100773,2025-04-13,263,6,6629.2300000000005,3,5,5,Loyal
100775,2025-12-15,17,4,1580.3000000000002,5,4,4,Champions
100777,2024-12-19,378,2,1403.1399999999999,2,2,4,Lost
100778,2024-12-22,375,2,716.4300000000001,2,2,2,Lost
100780,2025-11-01,61,6,2863.8900000000003,4,5,5,Champions
100781,2025-07-30,155,8,2000.03,3,5,4,Loyal
100783,2025-04-25,251,5,2366.86,3,4,4,Loyal
100784,2025-10-16,77,1,503.89,4,1,2,Potential Loyalists
100785,2023-11-19,774,1,161.93,1,1,1,Lost
100786,2025-07-13,172,4,1910.6599999999999,3,4,4,Loyal
100787,2025-06-18,197,1,72.39,3,1,1,Others
100790,2025-12-13,19,2,2298.39,5,2,4,Potential Loyalists
100791,2023-01-08,1089,1,175.78,1,1,1,Lost
100792,2025-04-09,267,3,1118.6,3,3,3,Others
100793,2025-05-27,219,4,1689.7299999999998,3,4,4,Loyal
100794,2025-11-13,49,4,1639.13,4,4,4,Champions
100795,2024-03-31,641,2,403.2,1,2,2,Lost
100797,2025-08-19,135,2,1655.5900000000001,3,2,4,Others
100798,2025-01-31,335,1,26.57,2,1,1,Lost
100799,2023-10-19,805,3,790.72,1,3,3,Others
100800,2025-11-24,38,7,3074.85,5,5,5,Champions
100801,2025-08-27,127,2,1636.62,4,2,4,Potential Loyalists
100802,2025-11-24,38,3,1168.27,5,3,3,Potential Loyalists
100803,2024-11-15,412,4,966.3499999999999,2,4,3,At Risk
100804,2025-04-23,253,1,873.11,3,1,3,Others
100805,2025-12-04,28,1,21.08,5,1,1,Potential Loyalists
100806,2025-12-22,10,3,1350.57,5,3,3,Potential Loyalists
100807,2025-03-14,293,4,2264.6499999999996,2,4,4,At Risk
100808,2024-08-29,490,1,468.67,2,1,2,Lost
100810,2023-10-08,816,1,558.49,1,1,2,Lost
100812,2025-07-20,165,2,634.23,3,2,2,Others
100813,2025-03-30,277,1,120.04,3,1,1,Others
100814,2025-09-01,122,1,96.29,4,1,1,Potential Loyalists
100815,2024-10-06,452,1,118.65,2,1,1,Lost
100816,2024-02-15,686,1,79.6,1,1,1,Lost
100817,2025-05-16,230,2,619.73,3,2,2,Others
100818,2023-07-09,907,1,206.08,1,1,1,Lost
100819,2025-10-02,91,3,1765.2600000000002,4,3,4,Potential Loyalists
100820,2024-09-27,461,4,1648.52,2,4,4,At Risk
100821,2024-12-28,369,1,408.89,2,1,2,Lost
100822,2024-09-14,474,1,89.7,2,1,1,Lost
100823,2024-12-30,367,3,633.47,2,3,2,Others
100824,2023-05-15,962,1,475.97,1,1,2,Lost
100827,2025-02-26,309,1,157.02,2,1,1,Lost
100828,2025-12-24,8,16,6087.29,5,5,5,Champions
100831,2024-12-05,392,2,1057.07,2,2,3,Lost
100832,2025-12-19,13,2,583.79,5,2,2,Potential Loyalists
100833,2023-05-29,948,2,1647.08,1,2,4,Lost
100834,2025-05-26,220,5,2711.46,3,4,5,Loyal
100835,2025-06-13,202,5,1243.31,3,4,3,Loyal
100837,2025-10-14,79,8,8000.33,4,5,5,Champions
100838,2025-09-05,118,5,1381.55,4,4,3,Loyal
100839,2025-11-22,40,1,994.68,5,1,3,Potential Loyalists
100840,2025-10-09,84,4,658.22,4,4,2,Others
100841,2024-12-13,384,7,2460.98,2,5,4,At Risk
100842,2025-05-11,235,2,2109.5,3,2,4,Others
100843,2024-07-14,536,2,820.25,1,2,3,Lost
100844,2025-12-11,21,17,9577.48,5,5,5,Champions
100846,2025-08-23,131,1,602.91,3,1,2,Others
100847,2023-02-08,1058,1,120.46000000000001,1,1,1,Lost
100848,2024-05-11,600,1,41.94,1,1,1,Lost
100849,2025-06-08,207,1,55.52,3,1,1,Others
100853,2025-12-20,12,3,621.9100000000001,5,3,2,Potential Loyalists
100854,2025-01-05,361,2,274.5,2,2,1,Lost
100855,2025-12-02,30,1,457.59000000000003,5,1,2,Potential Loyalists
100856,2024-10-07,451,1,39.32,2,1,1,Lost
100857,2024-09-15,473,8,4397.09,2,5,5,At Risk
100858,2025-02-22,313,1,540.35,2,1,2,Lost
100860,2025-04-29,247,2,272.67,3,2,1,Others
100861,2023-12-29,734,1,177.68,1,1,1,Lost
100862,2025-11-16,46,6,4958.44,4,5,5,Champions
100865,2025-12-17,15,11,5337.83,5,5,5,Champions
100866,2024-05-31,580,1,598.19,1,1,2,Lost
100869,2025-06-29,186,1,30.41,3,1,1,Others
100870,2023-04-07,1000,1,131.98,1,1,1,Lost
100871,2023-06-22,924,1,420.75,1,1,2,Lost
100872,2023-11-23,770,1,120.07000000000001,1,1,1,Lost
100873,2024-08-14,505,2,1252.28,2,2,3,Lost
100874,2023-03-14,1024,2,692.85,1,2,2,Lost
100875,2025-08-22,132,5,1163.29,3,4,3,Loyal
100877,2025-12-31,1,13,5125.0599999999995,5,5,5,Champions
100878,2025-12-24,8,4,2706.9700000000003,5,4,5,Champions
100879,2025-12-25,7,10,3105.02,5,5,5,Champions
100880,2025-04-04,272,10,5038.84,3,5,5,Loyal
100881,2023-09-05,849,1,70.14,1,1,1,Lost
100883,2025-03-24,283,1,72.84,3,1,1,Others
100884,2025-12-24,8,3,2043.36,5,3,4,Potential Loyalists
100885,2025-06-19,196,3,1820.9699999999998,3,3,4,Others
100886,2024-08-29,490,1,592.8299999999999,2,1,2,Lost
100887,2025-08-28,126,3,2893.1099999999997,4,3,5,Potential Loyalists
100888,2025-01-23,343,4,2496.31,2,4,4,At Risk
100894,2025-12-19,13,3,696.53,5,3,2,Potential Loyalists
100896,2025-07-24,161,1,119.28,3,1,1,Others
100897,2025-07-22,163,1,1416.64,3,1,4,Others
100898,2025-12-30,2,5,1182.25,5,4,3,Loyal
100899,2025-04-12,264,3,2978.05,3,3,5,Others
100900,2025-12-16,16,12,5087.83,5,5,5,Champions
100901,2025-10-21,72,1,198.19,4,1,1,Potential Loyalists
100902,2024-03-20,652,1,107.95,1,1,1,Lost
100903,2025-10-24,69,3,1622.25,4,3,4,Potential Loyalists
100905,2025-10-27,66,11,4691.73,4,5,5,Champions
100906,2025-11-27,35,9,3224.12,5,5,5,Champions
100907,2025-10-13,80,5,906.4200000000001,4,4,3,Loyal
100908,2023-08-01,884,1,592.24,1,1,2,Lost
100909,2023-06-22,924,2,195.88,1,2,1,Lost
100910,2025-07-28,157,2,443.59000000000003,3,2,2,Others
100912,2024-07-24,526,4,554.54,2,4,2,Others
100913,2025-11-04,58,3,1884.39,4,3,4,Potential Loyalists
100914,2025-10-30,63,8,5437.1,4,5,5,Champions
100915,2025-08-12,142,2,2044.32,3,2,4,Others
100917,2024-12-02,395,1,916.36,2,1,3,Lost
100918,2025-12-28,4,6,1732.12,5,5,4,Champions
100920,2025-08-10,144,2,3066.27,3,2,5,Others
100921,2025-12-19,13,9,3669.79,5,5,5,Champions
100922,2025-05-05,241,3,1165.8899999999999,3,3,3,Others
100923,2025-08-22,132,1,155.13,3,1,1,Others
100924,2025-07-07,178,2,378.7,3,2,2,Others
100925,2025-11-03,59,4,4250.8,4,4,5,Champions
100926,2025-12-06,26,6,2830.81,5,5,5,Champions
100927,2025-12-24,8,10,3065.73,5,5,5,Champions
100930,2024-11-20,407,1,227.51,2,1,1,Lost
100931,2025-06-25,190,1,393.86,3,1,2,Others
100932,2025-05-30,216,6,2729.71,3,5,5,Loyal
100933,2025-05-01,245,2,807.1800000000001,3,2,3,Others
100934,2025-08-07,147,4,2093.59,3,4,4,Loyal
100935,2025-11-27,35,8,1201.9,5,5,3,Loyal
100936,2025-11-22,40,3,328.68,5,3,2,Potential Loyalists
100938,2024-04-23,618,1,71.86,1,1,1,Lost
100939,2025-12-25,7,1,173.16,5,1,1,Potential Loyalists
100940,2025-01-09,357,2,1065.8,2,2,3,Lost
100941,2025-11-23,39,11,6034.0,5,5,5,Champions
100942,2025-08-15,139,7,1251.01,3,5,3,Loyal
100943,2025-12-15,17,3,162.33999999999997,5,3,1,Potential Loyalists
100944,2024-12-26,371,1,433.74,2,1,2,Lost
100946,2025-09-04,119,3,3589.94,4,3,5,Potential Loyalists
100947,2024-02-02,699,2,469.84000000000003,1,2,2,Lost
100948,2024-04-15,626,2,637.23,1,2,2,Lost
100949,2025-05-27,219,2,342.86,3,2,2,Others
100950,2024-12-21,376,1,1051.1100000000001,2,1,3,Lost
100952,2024-05-12,599,1,41.31,1,1,1,Lost
100954,2025-05-11,235,2,163.92,3,2,1,Others
100955,2025-05-26,220,2,2183.26,3,2,4,Others
100957,2025-08-18,136,1,540.51,3,1,2,Others
100959,2024-10-06,452,2,198.81,2,2,1,Lost
100961,2024-12-07,390,4,2048.88,2,4,4,At Risk
100963,2025-10-19,74,2,384.74,4,2,2,Potential Loyalists
100964,2025-02-08,327,3,1248.24,2,3,3,Others
100966,2025-10-21,72,8,2228.45,4,5,4,Champions
100967,2025-12-31,1,4,857.97,5,4,3,Loyal
100968,2025-10-14,79,1,52.51,4,1,1,Potential Loyalists
100969,2025-11-03,59,7,2544.23,4,5,4,Champions
100971,2025-10-27,66,1,1103.47,4,1,3,Potential Loyalists
100973,2025-11-10,52,5,3776.19,4,4,5,Champions
100974,2023-01-25,1072,1,270.38,1,1,1,Lost
100975,2025-07-28,157,6,4236.67,3,5,5,Loyal
100976,2023-10-22,802,1,257.86,1,1,1,Lost
100977,2025-02-20,315,1,27.32,2,1,1,Lost
100979,2025-12-14,18,2,846.35,5,2,3,Potential Loyalists
100984,2025-11-20,42,6,2301.37,5,5,4,Champions
100987,2025-11-22,40,13,8032.58,5,5,5,Champions
100989,2024-09-27,461,4,2694.6800000000003,2,4,5,At Risk
100992,2025-12-06,26,6,5709.22,5,5,5,Champions
100993,2025-08-26,128,2,1629.1100000000001,4,2,4,Potential Loyalists
100994,2025-06-17,198,1,493.03,3,1,2,Others
100996,2025-12-11,21,2,728.3399999999999,5,2,2,Potential Loyalists
100997,2025-12-25,7,3,2759.44,5,3,5,Potential Loyalists
100998,2025-07-24,161,8,4585.1900000000005,3,5,5,Loyal
100999,2025-05-25,221,1,253.69,3,1,1,Others
101000,2023-11-30,763,1,411.32000000000005,1,1,2,Lost
101001,2024-10-26,432,1,482.2,2,1,2,Lost
101002,2025-10-12,81,4,708.36,4,4,2,Others
101005,2024-06-03,577,3,705.91,1,3,2,Others
101006,2025-12-01,31,3,822.04,5,3,3,Potential Loyalists
101007,2025-11-01,61,3,1410.6100000000001,4,3,4,Potential Loyalists
101008,2024-06-01,579,3,1237.92,1,3,3,Others
101009,2025-09-29,94,1,229.94,4,1,1,Potential Loyalists
101010,2024-12-24,373,7,2244.61,2,5,4,At Risk
101011,2025-12-09,23,2,442.28000000000003,5,2,2,Potential Loyalists
101012,2025-07-18,167,4,3974.94,3,4,5,Loyal
101014,2024-09-02,486,6,1442.02,2,5,4,At Risk
101015,2025-11-08,54,2,321.86,4,2,2,Potential Loyalists
101016,2025-10-24,69,5,2801.9,4,4,5,Champions
101022,2024-11-01,426,1,388.0,2,1,2,Lost
101023,2025-06-09,206,3,941.95,3,3,3,Others
101024,2024-07-20,530,2,1275.2900000000002,2,2,3,Lost
101025,2025-05-05,241,1,570.21,3,1,2,Others
101027,2025-12-01,31,1,1696.63,5,1,4,Potential Loyalists
101028,2025-01-19,347,13,3624.51,2,5,5,At Risk
101029,2025-09-28,95,1,691.85,4,1,2,Potential Loyalists
101030,2025-07-13,172,1,947.99,3,1,3,Others
101031,2024-02-23,678,6,1207.98,1,5,3,At Risk
101032,2023-02-16,1050,1,650.19,1,1,2,Lost
101033,2023-12-07,756,1,102.61,1,1,1,Lost
101034,2025-03-26,281,2,725.03,3,2,2,Others
101035,2024-10-06,452,2,729.1800000000001,2,2,2,Lost
101037,2024-12-18,379,3,472.61,2,3,2,Others
101039,2025-02-27,308,3,1879.63,2,3,4,Others
101040,2024-12-27,370,1,643.25,2,1,2,Lost
101041,2025-11-30,32,7,3557.4300000000003,5,5,5,Champions
101043,2024-09-02,486,3,3515.8199999999997,2,3,5,Others
101044,2025-03-28,279,1,440.32,3,1,2,Others
101045,2025-01-04,362,6,4898.110000000001,2,5,5,At Risk
101047,2025-12-26,6,9,6319.81,5,5,5,Champions
101048,2025-12-30,2,3,1151.96,5,3,3,Potential Loyalists
101049,2024-09-17,471,1,880.73,2,1,3,Lost
101050,2025-12-08,24,15,5553.39,5,5,5,Champions
101051,2025-02-19,316,1,992.4,2,1,3,Lost
101052,2025-06-05,210,5,2620.91,3,4,4,Loyal
101053,2025-06-25,190,1,510.51,3,1,2,Others
101054,2025-11-26,36,3,492.02,5,3,2,Potential Loyalists
101055,2025-01-12,354,8,2815.12,2,5,5,At Risk
101057,2025-09-29,94,4,1833.57,4,4,4,Champions
101058,2025-12-26,6,4,1240.8700000000001,5,4,3,Loyal
101061,2025-10-08,85,3,1037.85,4,3,3,Potential Loyalists
101062,2025-05-01,245,2,1869.67,3,2,4,Others
101063,2024-12-28,369,3,440.19000000000005,2,3,2,Others
101064,2025-09-04,119,1,626.9000000000001,4,1,2,Potential Loyalists
101065,2024-02-17,684,1,1233.67,1,1,3,Lost
101067,2025-12-06,26,8,6690.95,5,5,5,Champions
101069,2025-12-19,13,2,483.72,5,2,2,Potential Loyalists
101071,2024-12-11,386,5,2366.71,2,4,4,At Risk
101072,2024-12-23,374,2,2303.0299999999997,2,2,4,Lost
101073,2023-12-09,754,1,33.42,1,1,1,Lost
101074,2023-06-07,939,3,564.51,1,3,2,Others
101075,2025-12-14,18,1,261.06,5,1,1,Potential Loyalists
101076,2024-12-02,395,2,294.19,2,2,2,Lost
101078,2024-05-08,603,3,1871.39,1,3,4,Others
101079,2025-04-29,247,2,2104.02,3,2,4,Others
101080,2025-12-19,13,7,3556.34,5,5,5,Champions
101081,2025-12-15,17,6,2553.52,5,5,4,Champions
101082,2023-05-01,976,1,51.64,1,1,1,Lost
101083,2025-10-11,82,8,4327.78,4,5,5,Champions
101084,2024-03-18,654,1,129.52,1,1,1,Lost
101085,2023-12-09,754,2,930.49,1,2,3,Lost
101086,2025-11-03,59,14,6639.24,4,5,5,Champions
101087,2025-09-23,100,1,13.02,4,1,1,Potential Loyalists
101089,2023-01-15,1082,1,453.85,1,1,2,Lost
101090,2025-12-03,29,10,3487.66,5,5,5,Champions
101091,2024-08-04,515,2,250.35,2,2,1,Lost
101092,2025-12-03,29,7,4173.2,5,5,5,Champions
101093,2025-12-04,28,2,3540.31,5,2,5,Potential Loyalists
101096,2024-01-01,731,2,169.24,1,2,1,Lost
101097,2025-12-26,6,6,1362.54,5,5,3,Loyal
101099,2023-11-20,773,2,344.52,1,2,2,Lost
101101,2025-07-14,171,3,1308.17,3,3,3,Others
101102,2025-01-01,365,1,721.37,2,1,2,Lost
101103,2025-07-15,170,2,576.46,3,2,2,Others
101104,2025-12-25,7,13,7031.63,5,5,5,Champions
101105,2025-05-13,233,2,750.54,3,2,3,Others
101106,2024-11-04,423,2,572.1199999999999,2,2,2,Lost
101107,2023-08-03,882,1,122.05,1,1,1,Lost
101109,2025-12-16,16,3,598.74,5,3,2,Potential Loyalists
101110,2025-07-01,184,1,90.89,3,1,1,Others
101111,2023-05-17,960,1,72.78,1,1,1,Lost
101112,2025-05-09,237,4,4273.84,3,4,5,Loyal
101113,2025-11-29,33,1,161.78,5,1,1,Potential Loyalists
101115,2025-09-01,122,9,3636.7400000000002,4,5,5,Champions
101116,2024-06-21,559,1,184.57,1,1,1,Lost
101117,2025-11-28,34,6,3797.54,5,5,5,Champions
101118,2025-06-30,185,3,830.23,3,3,3,Others
101119,2025-11-23,39,6,1462.58,5,5,4,Champions
101120,2025-11-08,54,14,8347.960000000001,4,5,5,Champions
101121,2025-02-06,329,4,1402.79,2,4,3,At Risk
101123,2025-01-21,345,2,1214.3899999999999,2,2,3,Lost
101124,2023-07-17,899,1,321.18,1,1,2,Lost
101127,2025-12-06,26,9,2388.15,5,5,4,Champions
101128,2025-08-23,131,9,3528.84,3,5,5,Loyal
101129,2024-12-04,393,3,451.25,2,3,2,Others
101130,2025-01-31,335,1,431.08000000000004,2,1,2,Lost
101131,2025-03-20,287,3,1517.23,2,3,4,Others
101133,2025-11-01,61,7,1751.38,4,5,4,Champions
101134,2025-10-22,71,2,890.11,4,2,3,Potential Loyalists
101135,2025-12-24,8,7,2467.11,5,5,4,Champions
101136,2025-12-30,2,16,6395.92,5,5,5,Champions
101137,2024-03-03,669,2,738.1600000000001,1,2,3,Lost
101138,2025-12-17,15,1,284.88,5,1,1,Potential Loyalists
101139,2025-12-18,14,14,4641.54,5,5,5,Champions
101140,2024-07-28,522,2,691.07,2,2,2,Lost
101141,2023-10-03,821,1,43.04,1,1,1,Lost
101143,2025-11-19,43,9,5346.5,4,5,5,Champions
101144,2023-07-21,895,2,640.4200000000001,1,2,2,Lost
101145,2023-12-19,744,1,552.89,1,1,2,Lost
101147,2025-12-25,7,4,2680.2599999999998,5,4,5,Champions
101148,2024-12-02,395,3,739.6,2,3,3,Others
101149,2025-09-22,101,7,2087.25,4,5,4,Champions
101150,2025-02-09,326,1,270.97,2,1,1,Lost
101151,2024-11-15,412,4,980.8499999999999,2,4,3,At Risk
101152,2023-11-05,788,2,1168.1399999999999,1,2,3,Lost
101154,2024-03-27,645,2,264.44,1,2,1,Lost
101155,2025-06-19,196,4,4767.88,3,4,5,Loyal
101156,2025-10-14,79,4,2132.3,4,4,4,Champions
101157,2025-12-25,7,10,6209.04,5,5,5,Champions
101159,2025-12-02,30,1,173.15,5,1,1,Potential Loyalists
101160,2023-04-30,977,1,207.78,1,1,1,Lost
101161,2025-09-24,99,1,1948.59,4,1,4,Potential Loyalists
101162,2024-01-02,730,2,590.79,1,2,2,Lost
101163,2024-05-15,596,4,1819.75,1,4,4,At Risk
101164,2025-03-09,298,7,1432.93,2,5,4,At Risk
101165,2025-12-19,13,3,2518.9,5,3,4,Potential Loyalists
101167,2025-11-03,59,4,1289.08,4,4,3,Loyal
101168,2025-05-02,244,5,1397.82,3,4,3,Loyal
101170,2025-12-01,31,4,823.38,5,4,3,Loyal
101171,2025-12-02,30,2,3145.6200000000003,5,2,5,Potential Loyalists
101172,2025-10-28,65,9,6069.7,4,5,5,Champions
101173,2025-09-15,108,3,398.27,4,3,2,Potential Loyalists
101175,2025-11-11,51,1,39.47,4,1,1,Potential Loyalists
101176,2023-06-30,916,1,78.2,1,1,1,Lost
101177,2024-02-15,686,1,490.04,1,1,2,Lost
101179,2023-04-08,999,1,788.21,1,1,3,Lost
101182,2025-10-27,66,1,147.82,4,1,1,Potential Loyalists
101183,2025-11-21,41,3,432.73,5,3,2,Potential Loyalists
101186,2025-02-06,329,3,567.01,2,3,2,Others
101187,2025-08-30,124,2,760.0899999999999,4,2,3,Potential Loyalists
101188,2025-12-26,6,2,639.64,5,2,2,Potential Loyalists
101189,2024-11-18,409,3,1139.17,2,3,3,Others
101190,2024-11-08,419,2,2065.4900000000002,2,2,4,Lost
101191,2023-06-14,932,1,178.47,1,1,1,Lost
101192,2025-06-22,193,7,5679.9,3,5,5,Loyal
101193,2024-07-13,537,2,1123.44,1,2,3,Lost
101194,2025-12-05,27,3,2507.81,5,3,4,Potential Loyalists
101195,2025-12-23,9,4,1417.73,5,4,4,Champions
101196,2025-05-04,242,3,757.82,3,3,3,Others
101197,2025-11-16,46,15,8046.56,4,5,5,Champions
101198,2025-05-22,224,1,306.22,3,1,2,Others
101199,2025-12-04,28,4,5436.64,5,4,5,Champions
101200,2025-08-08,146,1,2773.5299999999997,3,1,5,Others
101201,2024-01-04,728,4,2493.64,1,4,4,At Risk
101203,2025-01-17,349,1,300.73,2,1,2,Lost
101204,2024-10-14,444,1,285.06,2,1,1,Lost
101205,2025-04-01,275,6,1776.28,3,5,4,Loyal
101206,2024-01-20,712,2,514.95,1,2,2,Lost
101207,2023-02-19,1047,1,494.5,1,1,2,Lost
101209,2025-12-28,4,3,1558.78,5,3,4,Potential Loyalists
101210,2025-08-30,124,2,3171.1400000000003,4,2,5,Potential Loyalists
101211,2024-04-07,634,1,1093.1699999999998,1,1,3,Lost
101212,2024-01-13,719,1,107.51,1,1,1,Lost
101213,2025-12-26,6,7,1551.57,5,5,4,Champions
101215,2025-09-09,114,4,1275.44,4,4,3,Loyal
101216,2025-01-08,358,3,744.21,2,3,3,Others
101217,2023-11-04,789,1,1010.89,1,1,3,Lost
101218,2025-09-25,98,5,1324.51,4,4,3,Loyal
101219,2025-08-13,141,2,892.87,3,2,3,Others
101220,2025-11-07,55,4,2458.67,4,4,4,Champions
101221,2025-01-03,363,2,1683.8899999999999,2,2,4,Lost
101222,2025-09-20,103,2,883.84,4,2,3,Potential Loyalists
101223,2025-08-30,124,5,2623.7400000000002,4,4,4,Champions
101224,2024-11-14,413,1,457.38,2,1,2,Lost
101225,2023-07-20,896,1,206.42000000000002,1,1,1,Lost
101227,2023-12-14,749,2,315.72,1,2,2,Lost
101228,2025-08-24,130,3,220.93,3,3,1,Others
101233,2023-05-06,971,1,268.99,1,1,1,Lost
101234,2025-08-22,132,4,1544.52,3,4,4,Loyal
101236,2025-10-20,73,4,1190.3,4,4,3,Loyal
101237,2023-01-07,1090,1,1673.26,1,1,4,Lost
101238,2025-12-19,13,13,11582.83,5,5,5,Champions
101239,2025-12-26,6,16,7770.0199999999995,5,5,5,Champions
101240,2025-10-14,79,8,1414.84,4,5,4,Champions
101241,2025-05-27,219,1,121.03,3,1,1,Others
101243,2025-08-15,139,3,1963.5100000000002,3,3,4,Others
101244,2025-04-16,260,5,1571.58,3,4,4,Loyal
101245,2025-11-27,35,7,1599.7,5,5,4,Champions
101246,2024-07-17,533,2,836.17,2,2,3,Lost
101248,2025-09-10,113,2,156.28,4,2,1,Potential Loyalists
101251,2025-09-14,109,2,136.47,4,2,1,Potential Loyalists
101253,2025-12-31,1,10,6513.79,5,5,5,Champions
101254,2024-12-25,372,2,406.62,2,2,2,Lost
101255,2024-12-28,369,9,4023.31,2,5,5,At Risk
101256,2025-11-18,44,4,2161.26,4,4,4,Champions
101258,2025-07-20,165,1,111.41,3,1,1,Others
101261,2024-02-13,688,1,41.92,1,1,1,Lost
101262,2025-09-19,104,2,820.33,4,2,3,Potential Loyalists
101263,2024-08-02,517,1,2686.71,2,1,5,Lost
101265,2025-05-11,235,7,2990.49,3,5,5,Loyal
101266,2025-12-04,28,2,161.14,5,2,1,Potential Loyalists
101267,2023-11-10,783,2,663.2099999999999,1,2,2,Lost
101268,2025-10-30,63,9,3569.21,4,5,5,Champions
101269,2025-05-01,245,1,326.21,3,1,2,Others
101271,2025-08-17,137,12,3794.17,3,5,5,Loyal
101272,2025-02-25,310,5,1117.95,2,4,3,At Risk
101273,2025-01-19,347,6,903.22,2,5,3,At Risk
101274,2025-11-08,54,6,1475.08,4,5,4,Champions
101275,2025-05-24,222,5,1629.81,3,4,4,Loyal
101276,2024-11-29,398,2,878.88,2,2,3,Lost
101277,2024-01-04,728,2,1309.11,1,2,3,Lost
101278,2025-03-22,285,2,724.5799999999999,2,2,2,Lost
101279,2024-10-01,457,1,140.49,2,1,1,Lost
101280,2023-11-19,774,1,1492.77,1,1,4,Lost
101281,2025-08-30,124,12,5510.6900000000005,4,5,5,Champions
101283,2024-07-07,543,2,291.96,1,2,1,Lost
101285,2025-10-06,87,5,1708.0,4,4,4,Champions
101286,2023-12-10,753,1,615.3,1,1,2,Lost
101287,2025-11-30,32,3,300.01,5,3,2,Potential Loyalists
101288,2025-07-05,180,3,388.93,3,3,2,Others
101289,2024-02-13,688,1,11.66,1,1,1,Lost
101290,2024-08-10,509,3,1395.45,2,3,3,Others
101291,2024-10-08,450,6,2392.76,2,5,4,At Risk
101292,2025-11-15,47,5,712.3199999999999,4,4,2,Others
101294,2024-03-19,653,2,1426.8600000000001,1,2,4,Lost
101295,2025-09-22,101,10,4328.17,4,5,5,Champions
101298,2025-01-03,363,1,192.70999999999998,2,1,1,Lost
101299,2025-11-25,37,6,1884.5,5,5,4,Champions
101300,2025-09-01,122,7,4194.36,4,5,5,Champions
101302,2025-08-14,140,2,514.69,3,2,2,Others
101303,2025-10-05,88,9,3543.74,4,5,5,Champions
101304,2025-02-02,333,5,2322.36,2,4,4,At Risk
101305,2024-12-07,390,5,2125.0,2,4,4,At Risk
101306,2024-12-09,388,2,571.18,2,2,2,Lost
101307,2025-10-04,89,5,3219.59,4,4,5,Champions
101309,2024-11-05,422,2,577.49,2,2,2,Lost
101311,2025-07-07,178,6,2569.56,3,5,4,Loyal
101314,2025-08-14,140,3,1147.5,3,3,3,Others
101315,2025-03-10,297,5,3646.58,2,4,5,At Risk
101316,2024-12-19,378,6,2424.23,2,5,4,At Risk
101318,2025-12-18,14,7,2062.96,5,5,4,Champions
101319,2024-10-01,457,1,1334.4099999999999,2,1,3,Lost
101323,2025-12-04,28,4,4360.89,5,4,5,Champions
101326,2025-06-03,212,15,7567.18,3,5,5,Loyal
101327,2025-09-10,113,6,1930.06,4,5,4,Champions
101328,2025-10-16,77,5,5299.5,4,4,5,Champions
101330,2025-11-09,53,1,155.21,4,1,1,Potential Loyalists
101331,2025-06-19,196,2,156.32999999999998,3,2,1,Others
101332,2024-07-23,527,3,1859.73,2,3,4,Others
101333,2025-10-02,91,4,2100.87,4,4,4,Champions
101334,2025-08-15,139,1,230.74,3,1,1,Others
101335,2024-04-05,636,1,302.02,1,1,2,Lost
101336,2025-12-03,29,8,1828.6100000000001,5,5,4,Champions
101338,2025-06-24,191,2,1830.94,3,2,4,Others
101339,2025-12-05,27,18,6978.4800000000005,5,5,5,Champions
101340,2025-12-26,6,1,977.79,5,1,3,Potential Loyalists
101341,2025-11-12,50,2,538.01,4,2,2,Potential Loyalists
101343,2025-10-12,81,4,1336.1499999999999,4,4,3,Loyal
101345,2025-11-04,58,16,7742.54,4,5,5,Champions
101346,2023-06-25,921,1,66.01,1,1,1,Lost
101347,2025-02-02,333,2,206.88,2,2,1,Lost
101348,2025-10-16,77,11,4520.29,4,5,5,Champions
101349,2024-08-10,509,4,4103.0,2,4,5,At Risk
101350,2025-09-18,105,2,142.82,4,2,1,Potential Loyalists
101351,2025-06-22,193,5,4211.82,3,4,5,Loyal
101353,2025-08-22,132,1,1172.84,3,1,3,Others
101354,2023-10-29,795,1,144.14,1,1,1,Lost
101355,2025-11-08,54,1,751.77,4,1,3,Potential Loyalists
101356,2025-06-01,214,4,4558.6900000000005,3,4,5,Loyal
101357,2025-11-02,60,2,631.76,4,2,2,Potential Loyalists
101358,2025-07-16,169,5,2238.09,3,4,4,Loyal
101359,2025-10-26,67,6,1667.87,4,5,4,Champions
101362,2025-11-28,34,6,2220.49,5,5,4,Champions
101363,2023-07-02,914,1,421.08,1,1,2,Lost
101364,2025-12-04,28,5,1475.28,5,4,4,Champions
101365,2025-12-23,9,15,6558.29,5,5,5,Champions
101366,2025-12-19,13,12,9188.33,5,5,5,Champions
101367,2024-08-09,510,2,1816.69,2,2,4,Lost
101368,2025-06-13,202,2,1136.32,3,2,3,Others
101369,2023-10-17,807,1,201.03,1,1,1,Lost
101370,2025-09-08,115,4,1374.53,4,4,3,Loyal
101371,2025-12-15,17,7,2729.37,5,5,5,Champions
101374,2025-09-14,109,3,723.6800000000001,4,3,2,Potential Loyalists
101375,2025-11-28,34,6,7114.59,5,5,5,Champions
101376,2025-08-05,149,3,837.8500000000001,3,3,3,Others
101378,2024-05-22,589,1,299.82,1,1,2,Lost
101379,2025-10-07,86,2,194.72,4,2,1,Potential Loyalists
101380,2025-12-11,21,6,2070.8,5,5,4,Champions
101381,2025-02-22,313,2,1110.28,2,2,3,Lost
101382,2024-04-09,632,1,77.86,1,1,1,Lost
101383,2024-04-17,624,1,194.47,1,1,1,Lost
101385,2025-03-16,291,1,832.84,2,1,3,Lost
101386,2025-11-07,55,2,913.94,4,2,3,Potential Loyalists
101387,2023-10-30,794,1,87.13,1,1,1,Lost
101388,2025-09-23,100,5,3873.84,4,4,5,Champions
101389,2024-12-08,389,1,313.87,2,1,2,Lost
101390,2023-12-18,745,1,336.15,1,1,2,Lost
101391,2025-12-16,16,2,570.47,5,2,2,Potential Loyalists
101392,2024-10-31,427,1,31.74,2,1,1,Lost
101393,2025-11-24,38,8,2566.73,5,5,4,Champions
101394,2023-06-27,919,1,113.56,1,1,1,Lost
101395,2025-03-30,277,4,2310.7,3,4,4,Loyal
101399,2024-05-27,584,2,161.91,1,2,1,Lost
101400,2025-08-25,129,2,592.0500000000001,3,2,2,Others
101402,2025-12-23,9,1,75.15,5,1,1,Potential Loyalists
101404,2025-02-21,314,2,1659.88,2,2,4,Lost
101405,2025-12-19,13,8,4470.54,5,5,5,Champions
101406,2024-08-08,511,4,1037.6399999999999,2,4,3,At Risk
101407,2025-06-16,199,2,1435.59,3,2,4,Others
101408,2023-01-17,1080,1,605.2,1,1,2,Lost
101410,2025-12-22,10,4,1258.68,5,4,3,Loyal
101411,2025-08-02,152,10,3670.9300000000003,3,5,5,Loyal
101412,2023-09-30,824,1,30.73,1,1,1,Lost
101414,2025-12-04,28,1,941.52,5,1,3,Potential Loyalists
101415,2025-11-16,46,4,982.4,4,4,3,Loyal
101416,2024-09-09,479,1,485.67999999999995,2,1,2,Lost
101417,2025-11-17,45,3,1799.3999999999999,4,3,4,Potential Loyalists
101418,2024-09-29,459,1,178.08,2,1,1,Lost
101420,2024-08-24,495,4,1303.38,2,4,3,At Risk
101421,2023-11-14,779,2,796.11,1,2,3,Lost
101422,2024-05-16,595,3,1115.87,1,3,3,Others
101423,2024-03-02,670,3,865.75,1,3,3,Others
101424,2024-04-20,621,3,2327.55,1,3,4,Others
101425,2025-11-11,51,1,328.43,4,1,2,Potential Loyalists
101426,2025-06-17,198,2,1636.03,3,2,4,Others
101427,2025-11-23,39,5,2614.31,5,4,4,Champions
101428,2025-11-28,34,9,5354.12,5,5,5,Champions
101429,2025-12-23,9,6,2277.17,5,5,4,Champions
101430,2025-10-07,86,4,2563.46,4,4,4,Champions
101431,2023-05-09,968,1,95.23,1,1,1,Lost
101433,2025-11-06,56,1,891.9399999999999,4,1,3,Potential Loyalists
101434,2025-12-23,9,7,2188.81,5,5,4,Champions
101435,2025-06-11,204,3,349.55,3,3,2,Others
101436,2024-10-10,448,2,403.03000000000003,2,2,2,Lost
101437,2024-04-14,627,2,1035.95,1,2,3,Lost
101438,2025-09-30,93,3,2323.81,4,3,4,Potential Loyalists
101442,2023-04-08,999,1,255.51,1,1,1,Lost
101443,2024-05-28,583,2,258.0,1,2,1,Lost
101444,2025-11-14,48,3,2597.34,4,3,4,Potential Loyalists
101446,2023-12-23,740,1,989.44,1,1,3,Lost
101447,2025-11-11,51,4,1045.78,4,4,3,Loyal
101448,2025-09-22,101,2,1572.51,4,2,4,Potential Loyalists
101449,2025-06-24,191,3,1805.89,3,3,4,Others
101450,2025-10-20,73,3,1476.29,4,3,4,Potential Loyalists
101451,2025-12-04,28,84,43769.57,5,5,5,Champions
101452,2025-11-21,41,2,238.66000000000003,5,2,1,Potential Loyalists
101453,2025-12-16,16,1,218.56,5,1,1,Potential Loyalists
101454,2025-03-20,287,2,605.38,2,2,2,Lost
101455,2024-09-23,465,1,151.47,2,1,1,Lost
101456,2024-07-15,535,1,51.27,1,1,1,Lost
101457,2025-12-27,5,2,812.1700000000001,5,2,3,Potential Loyalists
101458,2025-07-04,181,5,2881.26,3,4,5,Loyal
101459,2025-06-07,208,3,1714.4,3,3,4,Others
101461,2025-01-03,363,3,1098.28,2,3,3,Others
101462,2025-12-25,7,6,2408.8,5,5,4,Champions
101463,2025-02-18,317,4,1547.96,2,4,4,At Risk
101464,2025-04-27,249,1,60.32,3,1,1,Others
101465,2023-05-12,965,1,882.1700000000001,1,1,3,Lost
101467,2025-03-31,276,3,2065.87,3,3,4,Others
101468,2025-11-23,39,3,809.4,5,3,3,Potential Loyalists
101469,2023-03-13,1025,1,400.76,1,1,2,Lost
101470,2025-12-27,5,2,746.0799999999999,5,2,3,Potential Loyalists
101471,2025-08-19,135,8,5514.54,3,5,5,Loyal
101472,2025-11-30,32,3,1458.78,5,3,4,Potential Loyalists
101473,2025-06-07,208,2,596.5,3,2,2,Others
101475,2025-09-19,104,3,2764.36,4,3,5,Potential Loyalists
101476,2025-04-21,255,2,934.8299999999999,3,2,3,Others
101477,2025-08-07,147,1,250.26,3,1,1,Others
101478,2024-05-11,600,1,938.28,1,1,3,Lost
101480,2025-09-28,95,10,2493.52,4,5,4,Champions
101481,2025-01-31,335,2,720.87,2,2,2,Lost
101482,2025-07-09,176,1,549.9399999999999,3,1,2,Others
101483,2023-07-04,912,1,54.07,1,1,1,Lost
101486,2025-09-05,118,1,175.51,4,1,1,Potential Loyalists
101487,2025-11-09,53,3,435.48,4,3,2,Potential Loyalists
101489,2024-10-21,437,3,1615.12,2,3,4,Others
101493,2025-09-04,119,1,16.84,4,1,1,Potential Loyalists
101494,2023-12-18,745,1,860.87,1,1,3,Lost
101495,2025-11-12,50,5,5160.13,4,4,5,Champions
101498,2025-02-12,323,3,2277.7,2,3,4,Others
101499,2024-05-18,593,1,237.60999999999999,1,1,1,Lost
101500,2024-11-11,416,4,1052.78,2,4,3,At Risk
101501,2025-02-21,314,3,840.13,2,3,3,Others
101502,2025-08-17,137,3,416.87,3,3,2,Others
101503,2025-07-20,165,14,4818.7300000000005,3,5,5,Loyal
101504,2025-08-08,146,1,614.4000000000001,3,1,2,Others
101505,2025-02-26,309,2,672.43,2,2,2,Lost
101506,2025-11-13,49,15,12401.58,4,5,5,Champions
101508,2025-11-18,44,2,801.4300000000001,4,2,3,Potential Loyalists
101513,2025-05-26,220,2,338.13,3,2,2,Others
101514,2025-09-24,99,1,365.24,4,1,2,Potential Loyalists
101516,2025-09-01,122,5,2356.52,4,4,4,Champions
101517,2025-02-17,318,5,3416.71,2,4,5,At Risk
101518,2024-03-28,644,1,361.01,1,1,2,Lost
101519,2025-12-22,10,12,4107.67,5,5,5,Champions
101520,2023-08-02,883,2,400.81,1,2,2,Lost
101521,2025-07-27,158,3,584.56,3,3,2,Others
101522,2025-06-18,197,4,1515.01,3,4,4,Loyal
101523,2025-11-24,38,6,1735.75,5,5,4,Champions
101524,2025-02-19,316,2,1394.6200000000001,2,2,3,Lost
101525,2025-11-02,60,28,11860.77,4,5,5,Champions
101526,2025-12-24,8,6,2386.58,5,5,4,Champions
101528,2023-07-13,903,1,69.52,1,1,1,Lost
101529,2023-05-02,975,1,199.93,1,1,1,Lost
101530,2025-03-24,283,2,35.42,3,2,1,Others
101531,2025-12-10,22,20,10031.43,5,5,5,Champions
101533,2024-02-12,689,3,3185.92,1,3,5,Others
101535,2024-01-03,729,1,298.89,1,1,2,Lost
101536,2024-04-14,627,1,166.37,1,1,1,Lost
101537,2025-09-22,101,8,5594.8099999999995,4,5,5,Champions
101538,2025-02-04,331,1,488.71000000000004,2,1,2,Lost
101539,2025-02-19,316,2,770.24,2,2,3,Lost
101540,2025-11-06,56,2,457.39,4,2,2,Potential Loyalists
101544,2025-10-09,84,3,517.11,4,3,2,Potential Loyalists
101545,2025-01-07,359,4,1059.69,2,4,3,At Risk
101546,2024-03-26,646,2,740.06,1,2,3,Lost
101547,2024-07-17,533,1,804.81,2,1,3,Lost
101548,2025-11-29,33,3,948.4200000000001,5,3,3,Potential Loyalists
101550,2024-04-02,639,1,218.93,1,1,1,Lost
101551,2023-10-21,803,1,170.07,1,1,1,Lost
101553,2025-02-25,310,1,554.85,2,1,2,Lost
101554,2024-12-08,389,5,1420.01,2,4,4,At Risk
101555,2025-12-22,10,15,4110.18,5,5,5,Champions
101556,2023-10-27,797,1,81.37,1,1,1,Lost
101557,2024-10-25,433,1,1042.28,2,1,3,Lost
101558,2025-11-21,41,2,879.81,5,2,3,Potential Loyalists
101559,2024-03-13,659,1,279.75,1,1,1,Lost
101560,2025-10-14,79,1,229.03,4,1,1,Potential Loyalists
101561,2025-12-05,27,14,6953.76,5,5,5,Champions
101563,2023-04-09,998,1,75.12,1,1,1,Lost
101564,2025-05-05,241,4,2000.3400000000001,3,4,4,Loyal
101565,2024-08-14,505,3,856.87,2,3,3,Others
101568,2023-03-02,1036,1,68.16,1,1,1,Lost
101570,2023-07-26,890,2,284.66,1,2,1,Lost
101571,2025-10-30,63,4,1955.94,4,4,4,Champions
101572,2025-01-27,339,1,157.51,2,1,1,Lost
101575,2025-09-01,122,21,11307.05,4,5,5,Champions
101576,2025-11-06,56,4,898.47,4,4,3,Loyal
101578,2025-01-09,357,2,168.27999999999997,2,2,1,Lost
101579,2025-06-17,198,2,1386.51,3,2,3,Others
101580,2023-12-24,739,1,61.39,1,1,1,Lost
101581,2025-11-06,56,2,2583.89,4,2,4,Potential Loyalists
101582,2025-08-13,141,2,543.95,3,2,2,Others
101583,2025-05-26,220,2,568.7,3,2,2,Others
101584,2025-10-22,71,4,2714.46,4,4,5,Champions
101585,2024-10-18,440,2,851.7099999999999,2,2,3,Lost
101586,2025-10-06,87,8,3991.15,4,5,5,Champions
101588,2023-10-21,803,2,1825.13,1,2,4,Lost
101589,2025-09-12,111,9,2553.73,4,5,4,Champions
101590,2025-07-21,164,3,1359.39,3,3,3,Others
101591,2024-03-17,655,2,375.1,1,2,2,Lost
101592,2025-11-29,33,2,446.59000000000003,5,2,2,Potential Loyalists
101593,2025-12-11,21,39,16068.15,5,5,5,Champions
101594,2023-04-24,983,1,400.97,1,1,2,Lost
101595,2025-12-11,21,5,2154.6,5,4,4,Champions
101597,2025-01-15,351,2,1716.55,2,2,4,Lost
101598,2024-02-19,682,4,1697.4099999999999,1,4,4,At Risk
101599,2025-05-07,239,4,5265.09,3,4,5,Loyal
101601,2024-12-04,393,6,2761.82,2,5,5,At Risk
101602,2024-12-30,367,2,402.78000000000003,2,2,2,Lost
101603,2024-10-14,444,2,1237.59,2,2,3,Lost
101604,2025-11-28,34,11,3981.63,5,5,5,Champions
101605,2024-11-27,400,3,868.0699999999999,2,3,3,Others
101606,2025-12-30,2,13,8214.84,5,5,5,Champions
101607,2025-06-16,199,4,1727.0699999999997,3,4,4,Loyal
101608,2024-08-05,514,3,627.69,2,3,2,Others
101610,2025-07-01,184,2,764.7,3,2,3,Others
101612,2025-12-09,23,6,2018.4899999999998,5,5,4,Champions
101613,2024-12-09,388,1,93.05,2,1,1,Lost
101614,2025-05-31,215,3,1091.52,3,3,3,Others
101616,2025-12-24,8,14,8059.36,5,5,5,Champions
101617,2025-04-08,268,10,5185.49,3,5,5,Loyal
101618,2025-07-26,159,2,419.97,3,2,2,Others
101619,2025-08-03,151,2,196.19,3,2,1,Others
101621,2024-12-05,392,1,2405.8199999999997,2,1,4,Lost
101624,2025-12-22,10,8,2998.54,5,5,5,Champions
101625,2025-11-14,48,2,1180.72,4,2,3,Potential Loyalists
101627,2023-01-20,1077,1,60.66,1,1,1,Lost
101629,2025-02-22,313,1,155.19,2,1,1,Lost
101630,2023-09-24,830,2,1851.3000000000002,1,2,4,Lost
101631,2023-04-28,979,3,2659.46,1,3,5,Others
101632,2025-01-29,337,1,311.31,2,1,2,Lost
101633,2025-11-05,57,5,4506.76,4,4,5,Champions
101635,2025-12-09,23,5,1180.29,5,4,3,Loyal
101637,2025-11-21,41,2,520.62,5,2,2,Potential Loyalists
101638,2025-03-31,276,4,1318.3500000000001,3,4,3,Loyal
101639,2024-12-20,377,3,894.37,2,3,3,Others
101640,2024-02-18,683,2,529.9200000000001,1,2,2,Lost
101641,2025-01-18,348,5,2459.17,2,4,4,At Risk
101643,2025-03-30,277,3,820.66,3,3,3,Others
101644,2025-10-13,80,2,358.31,4,2,2,Potential Loyalists
101648,2025-10-10,83,4,1932.31,4,4,4,Champions
101649,2025-12-20,12,8,1714.49,5,5,4,Champions
101650,2025-11-09,53,2,74.27000000000001,4,2,1,Potential Loyalists
101653,2023-06-14,932,1,814.1,1,1,3,Lost
101654,2025-11-22,40,15,8419.75,5,5,5,Champions
101655,2025-12-15,17,4,2709.15,5,4,5,Champions
101656,2025-02-16,319,4,1996.44,2,4,4,At Risk
101658,2025-11-16,46,3,1798.54,4,3,4,Potential Loyalists
101659,2025-07-03,182,3,967.29,3,3,3,Others
101660,2025-12-16,16,3,1467.27,5,3,4,Potential Loyalists
101661,2024-04-29,612,1,199.7,1,1,1,Lost
101664,2025-10-18,75,2,830.54,4,2,3,Potential Loyalists
101667,2023-12-28,735,1,428.23,1,1,2,Lost
101669,2025-10-04,89,2,539.49,4,2,2,Potential Loyalists
101672,2024-05-31,580,1,386.1,1,1,2,Lost
101673,2025-01-06,360,2,1291.03,2,2,3,Lost
101675,2025-12-30,2,6,2121.94,5,5,4,Champions
101676,2024-04-29,612,1,1791.39,1,1,4,Lost
101677,2025-01-16,350,1,38.76,2,1,1,Lost
101678,2024-07-25,525,4,1262.8,2,4,3,At Risk
101679,2025-01-22,344,2,253.08,2,2,1,Lost
101680,2025-11-20,42,5,3797.19,5,4,5,Champions
101682,2025-10-18,75,5,1755.77,4,4,4,Champions
101683,2025-05-09,237,1,260.56,3,1,1,Others
101684,2023-02-02,1064,1,297.0,1,1,2,Lost
101685,2025-08-19,135,12,4173.4,3,5,5,Loyal
101686,2023-08-11,874,1,260.12,1,1,1,Lost
101687,2025-11-30,32,10,3197.5699999999997,5,5,5,Champions
101688,2024-06-08,572,1,124.94,1,1,1,Lost
101689,2023-09-11,843,3,1147.1,1,3,3,Others
101690,2023-05-16,961,1,120.28999999999999,1,1,1,Lost
101691,2025-08-04,150,4,3146.69,3,4,5,Loyal
101692,2025-12-19,13,13,3704.14,5,5,5,Champions
101694,2023-12-27,736,2,663.11,1,2,2,Lost
101695,2025-12-28,4,9,2795.5,5,5,5,Champions
101697,2025-01-09,357,4,1925.93,2,4,4,At Risk
101700,2025-10-21,72,1,579.1999999999999,4,1,2,Potential Loyalists
101701,2025-12-01,31,16,5393.91,5,5,5,Champions
101702,2025-09-07,116,4,2486.03,4,4,4,Champions
101703,2025-11-30,32,5,2201.13,5,4,4,Champions
101704,2023-09-14,840,1,51.26,1,1,1,Lost
101706,2024-09-11,477,3,1399.05,2,3,3,Others
101708,2025-11-21,41,1,866.61,5,1,3,Potential Loyalists
101711,2023-05-07,970,1,161.06,1,1,1,Lost
101712,2025-01-07,359,1,110.92,2,1,1,Lost
101713,2024-07-16,534,1,838.1700000000001,2,1,3,Lost
101715,2024-04-24,617,3,509.83,1,3,2,Others
101716,2024-02-08,693,1,454.15,1,1,2,Lost
101718,2025-06-02,213,1,247.74,3,1,1,Others
101720,2024-11-20,407,4,2186.2599999999998,2,4,4,At Risk
101721,2023-09-21,833,1,589.67,1,1,2,Lost
101722,2025-12-13,19,1,370.87,5,1,2,Potential Loyalists
101723,2025-12-29,3,11,3391.13,5,5,5,Champions
101725,2025-12-22,10,5,1121.57,5,4,3,Loyal
101726,2024-12-31,366,1,79.85,2,1,1,Lost
101727,2025-12-09,23,13,8797.05,5,5,5,Champions
101728,2025-11-11,51,3,526.69,4,3,2,Potential Loyalists
101729,2025-11-20,42,1,410.09999999999997,4,1,2,Potential Loyalists
101730,2025-11-11,51,4,2665.4300000000003,4,4,5,Champions
101731,2025-12-16,16,16,4761.93,5,5,5,Champions
101732,2025-11-06,56,4,3899.21,4,4,5,Champions
101733,2024-12-09,388,2,350.89,2,2,2,Lost
101734,2024-08-27,492,2,640.79,2,2,2,Lost
101735,2023-12-28,735,2,485.75,1,2,2,Lost
101736,2025-12-18,14,14,5958.65,5,5,5,Champions
101737,2025-06-15,200,2,1219.39,3,2,3,Others
101738,2025-11-13,49,1,871.14,4,1,3,Potential Loyalists
101740,2025-10-20,73,2,397.62,4,2,2,Potential Loyalists
101742,2025-07-26,159,3,1825.6399999999999,3,3,4,Others
101743,2024-10-07,451,1,731.34,2,1,3,Lost
101744,2025-10-19,74,5,2435.8199999999997,4,4,4,Champions
101745,2025-11-22,40,1,86.24000000000001,5,1,1,Potential Loyalists
101747,2024-09-22,466,2,261.87,2,2,1,Lost
101749,2024-11-03,424,8,1094.92,2,5,3,At Risk
101750,2025-10-09,84,3,3198.27,4,3,5,Potential Loyalists
101752,2023-12-17,746,2,1542.73,1,2,4,Lost
101753,2024-05-26,585,1,167.69,1,1,1,Lost
101755,2023-03-25,1013,1,248.46,1,1,1,Lost
101756,2025-08-26,128,6,4010.38,4,5,5,Champions
101757,2024-11-16,411,5,4554.28,2,4,5,At Risk
101758,2025-06-29,186,3,905.1700000000001,3,3,3,Others
101759,2025-12-05,27,7,4297.84,5,5,5,Champions
101760,2025-10-31,62,13,5334.15,4,5,5,Champions
101762,2025-10-31,62,5,3638.8700000000003,4,4,5,Champions
101765,2025-10-21,72,8,2737.3199999999997,4,5,5,Champions
101766,2025-05-08,238,4,1819.6699999999998,3,4,4,Loyal
101771,2025-02-14,321,2,1293.79,2,2,3,Lost
101772,2025-12-28,4,12,2989.69,5,5,5,Champions
101773,2025-12-29,3,4,1845.6000000000001,5,4,4,Champions
101774,2023-02-27,1039,1,1143.24,1,1,3,Lost
101775,2025-09-25,98,1,119.3,4,1,1,Potential Loyalists
101776,2023-11-09,784,1,59.35,1,1,1,Lost
101777,2025-12-21,11,10,5452.46,5,5,5,Champions
101778,2023-06-27,919,1,12.91,1,1,1,Lost
101779,2025-12-30,2,13,4034.33,5,5,5,Champions
101781,2025-08-15,139,2,847.0,3,2,3,Others
101782,2025-10-16,77,3,530.28,4,3,2,Potential Loyalists
101783,2024-01-20,712,2,368.22,1,2,2,Lost
101785,2025-06-25,190,1,195.76999999999998,3,1,1,Others
101786,2025-06-23,192,2,1059.01,3,2,3,Others
101787,2024-03-02,670,1,212.28,1,1,1,Lost
101790,2024-02-08,693,1,1561.99,1,1,4,Lost
101791,2025-11-10,52,5,832.35,4,4,3,Loyal
101792,2024-06-15,565,2,739.8,1,2,3,Lost
101793,2024-09-22,466,1,101.66,2,1,1,Lost
101796,2025-07-21,164,3,1663.34,3,3,4,Others
101797,2025-05-03,243,3,1270.88,3,3,3,Others
101799,2025-09-29,94,11,4876.49,4,5,5,Champions
101800,2025-05-15,231,5,5388.4,3,4,5,Loyal
101801,2025-11-30,32,3,410.61,5,3,2,Potential Loyalists
101803,2025-12-16,16,4,1106.31,5,4,3,Loyal
101804,2024-12-30,367,3,643.78,2,3,2,Others
101805,2023-11-15,778,1,95.22,1,1,1,Lost
101806,2025-06-10,205,4,3370.9,3,4,5,Loyal
101807,2024-12-14,383,2,222.89,2,2,1,Lost
101808,2025-08-11,143,9,6659.79,3,5,5,Loyal
101809,2023-11-16,777,2,1464.88,1,2,4,Lost
101810,2025-03-13,294,9,4256.83,2,5,5,At Risk
101811,2024-11-27,400,7,1665.72,2,5,4,At Risk
101813,2025-12-28,4,6,2519.36,5,5,4,Champions
101816,2024-10-17,441,1,657.35,2,1,2,Lost
101817,2025-06-17,198,10,4432.400000000001,3,5,5,Loyal
101818,2025-11-11,51,1,911.5300000000001,4,1,3,Potential Loyalists
101819,2025-10-04,89,5,1590.0500000000002,4,4,4,Champions
101820,2024-11-01,426,4,1268.9,2,4,3,At Risk
101822,2024-06-12,568,1,113.5,1,1,1,Lost
101823,2025-10-27,66,5,1449.04,4,4,4,Champions
101824,2024-03-29,643,1,614.95,1,1,2,Lost
101825,2025-07-29,156,2,727.4000000000001,3,2,2,Others
101829,2024-08-08,511,3,240.06,2,3,1,Others
101830,2023-12-25,738,1,252.65,1,1,1,Lost
101831,2025-11-09,53,3,1200.65,4,3,3,Potential Loyalists
101835,2025-09-25,98,8,5050.92,4,5,5,Champions
101836,2025-11-13,49,4,1959.8899999999999,4,4,4,Champions
101839,2025-03-05,302,2,325.85,2,2,2,Lost
101840,2025-12-16,16,4,2451.42,5,4,4,Champions
101842,2025-11-13,49,1,257.49,4,1,1,Potential Loyalists
101844,2024-08-01,518,1,84.09,2,1,1,Lost
101845,2025-11-04,58,2,769.67,4,2,3,Potential Loyalists
101846,2025-08-28,126,2,180.48999999999998,4,2,1,Potential Loyalists
101848,2025-03-01,306,6,1858.54,2,5,4,At Risk
101850,2025-02-02,333,2,499.9,2,2,2,Lost
101851,2025-06-30,185,2,766.71,3,2,3,Others
101852,2025-09-27,96,1,790.8100000000001,4,1,3,Potential Loyalists
101853,2025-06-13,202,5,4530.05,3,4,5,Loyal
101854,2025-05-05,241,2,190.52,3,2,1,Others
101855,2024-10-09,449,3,990.28,2,3,3,Others
101856,2025-10-17,76,4,1766.49,4,4,4,Champions
101858,2025-11-16,46,2,1465.0,4,2,4,Potential Loyalists
101860,2025-08-07,147,1,86.36,3,1,1,Others
101861,2024-04-25,616,2,1475.43,1,2,4,Lost
101862,2023-11-23,770,1,797.36,1,1,3,Lost
101863,2025-12-03,29,5,707.12,5,4,2,Others
101864,2023-09-10,844,2,1944.39,1,2,4,Lost
101865,2025-12-23,9,8,1963.03,5,5,4,Champions
101866,2025-08-05,149,3,655.77,3,3,2,Others
101868,2025-12-14,18,8,1803.81,5,5,4,Champions
101869,2023-07-22,894,1,38.89,1,1,1,Lost
101873,2025-02-09,326,1,795.7099999999999,2,1,3,Lost
101877,2025-05-28,218,6,3451.44,3,5,5,Loyal
101878,2024-11-27,400,1,77.77,2,1,1,Lost
101879,2025-02-07,328,2,417.09000000000003,2,2,2,Lost
101880,2024-11-12,415,1,932.12,2,1,3,Lost
101881,2024-05-15,596,2,295.23,1,2,2,Lost
101883,2023-06-20,926,2,859.73,1,2,3,Lost
101885,2025-12-27,5,8,5205.19,5,5,5,Champions
101886,2025-03-17,290,1,91.26,2,1,1,Lost
101887,2025-11-18,44,3,1544.56,4,3,4,Potential Loyalists
101889,2025-10-23,70,2,922.8000000000001,4,2,3,Potential Loyalists
101892,2025-11-13,49,4,1165.1299999999999,4,4,3,Loyal
101893,2025-11-06,56,13,7076.93,4,5,5,Champions
101894,2023-08-20,865,2,347.95,1,2,2,Lost
101895,2025-03-29,278,1,622.74,3,1,2,Others
101896,2023-07-01,915,1,28.86,1,1,1,Lost
101897,2024-12-24,373,5,3033.11,2,4,5,At Risk
101898,2025-06-12,203,2,637.4300000000001,3,2,2,Others
101899,2025-07-24,161,1,1504.4099999999999,3,1,4,Others
101900,2025-06-17,198,2,308.86,3,2,2,Others
101902,2025-12-19,13,10,3206.7999999999997,5,5,5,Champions
101904,2025-11-28,34,3,2496.76,5,3,4,Potential Loyalists
101905,2024-12-15,382,1,602.71,2,1,2,Lost
101906,2025-04-21,255,4,1190.03,3,4,3,Loyal
101907,2024-06-01,579,1,414.03,1,1,2,Lost
101910,2024-05-20,591,1,89.12,1,1,1,Lost
101911,2025-11-06,56,14,5033.26,4,5,5,Champions
101912,2025-12-23,9,6,3476.21,5,5,5,Champions
101914,2024-09-22,466,6,5211.88,2,5,5,At Risk
101915,2025-08-02,152,2,308.63,3,2,2,Others
101916,2025-01-29,337,5,1792.55,2,4,4,At Risk
101918,2024-11-05,422,2,873.6500000000001,2,2,3,Lost
101919,2025-05-23,223,2,1846.88,3,2,4,Others
101920,2025-07-24,161,6,1729.65,3,5,4,Loyal
101923,2025-12-16,16,11,6884.38,5,5,5,Champions
101924,2025-06-11,204,5,600.42,3,4,2,Others
101925,2025-11-07,55,1,51.72,4,1,1,Potential Loyalists
101926,2025-02-02,333,3,1778.84,2,3,4,Others
101927,2025-12-20,12,5,2951.67,5,4,5,Champions
101928,2025-11-13,49,17,11293.44,4,5,5,Champions
101929,2025-10-17,76,4,1338.44,4,4,3,Loyal
101930,2025-01-03,363,4,2078.59,2,4,4,At Risk
101932,2023-05-21,956,1,826.77,1,1,3,Lost
101934,2025-09-15,108,2,333.97,4,2,2,Potential Loyalists
101935,2024-04-05,636,2,620.42,1,2,2,Lost
101936,2024-06-15,565,3,1087.44,1,3,3,Others
101937,2025-11-30,32,6,2654.7200000000003,5,5,5,Champions
101938,2025-12-22,10,9,5692.56,5,5,5,Champions
101939,2025-04-04,272,7,3713.8,3,5,5,Loyal
101940,2025-05-16,230,3,577.01,3,3,2,Others
101941,2025-11-24,38,3,798.75,5,3,3,Potential Loyalists
101942,2025-01-14,352,7,2825.27,2,5,5,At Risk
101943,2025-10-19,74,5,1239.6100000000001,4,4,3,Loyal
101945,2025-10-27,66,2,798.4200000000001,4,2,3,Potential Loyalists
101946,2023-06-02,944,1,312.43,1,1,2,Lost
101947,2025-12-22,10,8,2264.6099999999997,5,5,4,Champions
101948,2025-12-06,26,3,1920.78,5,3,4,Potential Loyalists
101949,2025-09-07,116,10,4296.48,4,5,5,Champions
101951,2025-06-03,212,3,2047.16,3,3,4,Others
101952,2025-10-03,90,1,47.67,4,1,1,Potential Loyalists
101954,2025-02-26,309,1,66.89999999999999,2,1,1,Lost
101955,2025-10-05,88,9,2783.26,4,5,5,Champions
101957,2023-08-16,869,1,346.11,1,1,2,Lost
101958,2024-11-04,423,1,24.81,2,1,1,Lost
101959,2025-04-29,247,5,2392.84,3,4,4,Loyal
101962,2025-12-13,19,6,823.97,5,5,3,Loyal
101963,2025-11-25,37,7,2660.37,5,5,5,Champions
101964,2025-12-27,5,5,3054.03,5,4,5,Champions
101965,2025-07-15,170,2,508.65999999999997,3,2,2,Others
101966,2025-04-28,248,3,318.37,3,3,2,Others
101967,2023-06-12,934,1,159.66,1,1,1,Lost
101968,2023-02-11,1055,1,33.55,1,1,1,Lost
101969,2025-07-13,172,6,2683.13,3,5,5,Loyal
101970,2025-03-20,287,3,1715.22,2,3,4,Others
101971,2024-04-20,621,1,299.49,1,1,2,Lost
101972,2025-02-18,317,3,4434.18,2,3,5,Others
101974,2025-05-12,234,7,2516.48,3,5,4,Loyal
101976,2025-11-12,50,3,804.9200000000001,4,3,3,Potential Loyalists
101977,2024-01-11,721,3,1029.19,1,3,3,Others
101978,2025-09-05,118,1,207.8,4,1,1,Potential Loyalists
101980,2025-05-20,226,1,246.13,3,1,1,Others
101983,2025-11-30,32,5,2393.85,5,4,4,Champions
101984,2025-12-13,19,12,5256.5599999999995,5,5,5,Champions
101986,2024-09-01,487,2,381.29999999999995,2,2,2,Lost
101988,2025-12-04,28,3,590.09,5,3,2,Potential Loyalists
101990,2024-04-29,612,1,205.11,1,1,1,Lost
101993,2025-03-19,288,3,3157.56,2,3,5,Others
101994,2025-08-24,130,2,379.78999999999996,3,2,2,Others
101996,2025-12-18,14,11,3444.88,5,5,5,Champions
101998,2024-05-28,583,1,1032.48,1,1,3,Lost
101999,2025-12-25,7,3,1219.57,5,3,3,Potential Loyalists
102000,2025-10-24,69,2,324.1,4,2,2,Potential Loyalists
102002,2025-01-11,355,2,2111.09,2,2,4,Lost
102004,2025-12-08,24,14,4451.04,5,5,5,Champions
102005,2023-12-25,738,1,3855.46,1,1,5,Lost
102006,2025-11-15,47,2,915.75,4,2,3,Potential Loyalists
102007,2023-06-13,933,1,76.84,1,1,1,Lost
102008,2025-10-10,83,5,2012.21,4,4,4,Champions
102010,2025-03-08,299,2,1137.35,2,2,3,Lost
102011,2025-12-19,13,2,735.1400000000001,5,2,3,Potential Loyalists
102016,2025-07-08,177,5,1486.78,3,4,4,Loyal
102017,2023-09-25,829,2,891.57,1,2,3,Lost
102018,2024-09-23,465,2,1406.61,2,2,4,Lost
102021,2025-12-22,10,1,1065.65,5,1,3,Potential Loyalists
102022,2024-07-09,541,8,2958.5699999999997,1,5,5,At Risk
102025,2025-04-29,247,3,3902.76,3,3,5,Others
102026,2023-07-09,907,1,84.14,1,1,1,Lost
102027,2025-09-08,115,5,2059.61,4,4,4,Champions
102028,2023-08-16,869,1,44.17,1,1,1,Lost
102029,2023-06-13,933,2,636.12,1,2,2,Lost
102030,2025-12-14,18,3,700.03,5,3,2,Potential Loyalists
102031,2025-07-22,163,4,535.1899999999999,3,4,2,Others
102032,2025-04-30,246,1,190.98000000000002,3,1,1,Others
102033,2025-05-26,220,6,2265.89,3,5,4,Loyal
102034,2025-10-01,92,12,4693.41,4,5,5,Champions
102035,2025-11-16,46,4,3378.38,4,4,5,Champions
102038,2025-02-12,323,3,1044.84,2,3,3,Others
102039,2025-12-24,8,4,1120.25,5,4,3,Loyal
102040,2025-01-04,362,4,1141.52,2,4,3,At Risk
102043,2025-12-23,9,3,1082.17,5,3,3,Potential Loyalists
102045,2024-02-29,672,2,1637.4,1,2,4,Lost
102046,2025-05-25,221,2,308.3,3,2,2,Others
102047,2024-10-10,448,1,54.93,2,1,1,Lost
102048,2025-11-13,49,8,3809.83,4,5,5,Champions
102049,2025-01-20,346,1,172.43,2,1,1,Lost
102051,2025-08-24,130,1,702.93,3,1,2,Others
102052,2025-10-24,69,2,336.23,4,2,2,Potential Loyalists
102053,2025-12-27,5,28,15548.77,5,5,5,Champions
102054,2024-01-29,703,2,1239.03,1,2,3,Lost
102056,2024-03-11,661,1,471.44,1,1,2,Lost
102058,2024-12-16,381,2,4946.360000000001,2,2,5,Lost
102059,2025-11-16,46,1,43.77,4,1,1,Potential Loyalists
102061,2024-12-17,380,3,1153.18,2,3,3,Others
102062,2024-05-12,599,3,1109.0,1,3,3,Others
102063,2024-11-08,419,6,2152.69,2,5,4,At Risk
102065,2025-11-23,39,10,6566.41,5,5,5,Champions
102067,2025-10-23,70,14,5780.1900000000005,4,5,5,Champions
102068,2023-05-23,954,1,93.94,1,1,1,Lost
102069,2025-10-07,86,8,4476.05,4,5,5,Champions
102071,2025-12-31,1,1,1247.79,5,1,3,Potential Loyalists
102072,2025-11-13,49,4,2665.62,4,4,5,Champions
102074,2024-12-26,371,4,1278.32,2,4,3,At Risk
102076,2025-12-15,17,2,102.1,5,2,1,Potential Loyalists
102077,2025-11-18,44,6,2510.38,4,5,4,Champions
102078,2024-12-13,384,1,2301.54,2,1,4,Lost
102081,2023-03-28,1010,1,432.14,1,1,2,Lost
102085,2025-12-27,5,6,3855.39,5,5,5,Champions
102086,2025-11-17,45,4,1122.61,4,4,3,Loyal
102087,2025-08-01,153,8,1839.7,3,5,4,Loyal
102088,2024-08-09,510,2,891.5,2,2,3,Lost
102089,2025-07-12,173,2,241.39000000000001,3,2,1,Others
102092,2025-12-22,10,1,73.03,5,1,1,Potential Loyalists
102094,2025-04-20,256,2,806.12,3,2,3,Others
102095,2025-05-25,221,4,1135.94,3,4,3,Loyal
102096,2025-10-16,77,5,997.5799999999999,4,4,3,Loyal
102097,2025-10-17,76,9,2003.3899999999999,4,5,4,Champions
102098,2025-06-08,207,10,4008.4300000000003,3,5,5,Loyal
102100,2024-05-13,598,2,836.86,1,2,3,Lost
102101,2023-07-14,902,1,135.23000000000002,1,1,1,Lost
102103,2025-12-17,15,3,405.61,5,3,2,Potential Loyalists
102104,2025-11-30,32,7,2579.09,5,5,4,Champions
102106,2025-02-27,308,1,125.0,2,1,1,Lost
102108,2024-04-19,622,2,703.3,1,2,2,Lost
102109,2024-05-08,603,1,2467.38,1,1,4,Lost
102110,2025-02-13,322,1,91.31,2,1,1,Lost
102111,2025-11-08,54,3,1445.98,4,3,4,Potential Loyalists
102112,2025-08-24,130,3,3210.71,3,3,5,Others
102113,2025-05-15,231,2,309.87,3,2,2,Others
102114,2025-10-08,85,2,291.38,4,2,1,Potential Loyalists
102115,2024-12-20,377,4,2700.73,2,4,5,At Risk
102117,2025-08-06,148,4,1936.67,3,4,4,Loyal
102118,2024-12-17,380,3,2746.2200000000003,2,3,5,Others
102119,2024-09-20,468,1,351.82,2,1,2,Lost
102120,2025-09-29,94,1,478.46000000000004,4,1,2,Potential Loyalists
102121,2024-06-02,578,2,287.21999999999997,1,2,1,Lost
102122,2023-04-12,995,1,235.22,1,1,1,Lost
102125,2023-04-24,983,2,1528.92,1,2,4,Lost
102128,2024-04-15,626,1,138.99,1,1,1,Lost
102129,2025-10-31,62,2,603.73,4,2,2,Potential Loyalists
102132,2025-06-30,185,4,2259.42,3,4,4,Loyal
102134,2025-10-26,67,3,341.94,4,3,2,Potential Loyalists
102135,2025-09-09,114,1,163.3,4,1,1,Potential Loyalists
102137,2025-04-22,254,2,91.59,3,2,1,Others
102138,2025-02-10,325,2,2168.34,2,2,4,Lost
102139,2025-04-09,267,2,2116.7599999999998,3,2,4,Others
102143,2024-05-29,582,3,1234.5500000000002,1,3,3,Others
102144,2025-08-03,151,3,809.14,3,3,3,Others
102146,2025-10-03,90,1,266.42,4,1,1,Potential Loyalists
102148,2024-08-04,515,2,781.7299999999999,2,2,3,Lost
102149,2024-11-06,421,4,1197.3400000000001,2,4,3,At Risk
102150,2023-08-14,871,1,184.99,1,1,1,Lost
102156,2025-12-01,31,2,768.9300000000001,5,2,3,Potential Loyalists
102157,2024-12-28,369,3,697.38,2,3,2,Others
102160,2023-06-28,918,1,1459.87,1,1,4,Lost
102161,2025-11-02,60,10,4402.57,4,5,5,Champions
102162,2023-05-29,948,1,493.96,1,1,2,Lost
102163,2025-06-06,209,4,1082.84,3,4,3,Loyal
102164,2025-09-16,107,5,3394.77,4,4,5,Champions
102166,2024-11-04,423,1,88.33,2,1,1,Lost
102168,2025-09-22,101,6,2863.2,4,5,5,Champions
102169,2025-04-02,274,1,659.63,3,1,2,Others
102171,2023-07-25,891,2,250.08,1,2,1,Lost
102172,2024-08-12,507,2,1070.3600000000001,2,2,3,Lost
102173,2025-11-19,43,13,7240.02,4,5,5,Champions
102174,2024-09-26,462,1,659.27,2,1,2,Lost
102175,2025-10-18,75,11,5099.68,4,5,5,Champions
102176,2025-11-08,54,1,15.92,4,1,1,Potential Loyalists
102178,2025-10-12,81,7,1772.05,4,5,4,Champions
102180,2025-05-17,229,1,350.44000000000005,3,1,2,Others
102182,2024-12-02,395,4,3638.4,2,4,5,At Risk
102183,2024-08-16,503,2,693.03,2,2,2,Lost
102184,2024-11-16,411,3,1074.71,2,3,3,Others
102185,2025-10-09,84,1,421.07,4,1,2,Potential Loyalists
102187,2025-08-26,128,2,902.7900000000001,4,2,3,Potential Loyalists
102189,2025-08-31,123,2,2701.98,4,2,5,Potential Loyalists
102190,2025-12-01,31,12,5749.33,5,5,5,Champions
102191,2023-11-21,772,1,612.92,1,1,2,Lost
102193,2025-06-06,209,3,825.28,3,3,3,Others
102194,2025-02-08,327,7,8595.9,2,5,5,At Risk
102195,2024-06-24,556,5,3628.9,1,4,5,At Risk
102196,2023-05-02,975,1,60.09,1,1,1,Lost
102197,2025-07-16,169,2,1029.42,3,2,3,Others
102198,2023-11-25,768,1,47.09,1,1,1,Lost
102200,2024-05-08,603,1,52.32,1,1,1,Lost
102201,2025-12-24,8,1,548.38,5,1,2,Potential Loyalists
102203,2024-03-02,670,1,989.0699999999999,1,1,3,Lost
102204,2025-12-28,4,4,1453.3899999999999,5,4,4,Champions
102205,2024-08-04,515,1,826.35,2,1,3,Lost
102206,2025-11-24,38,3,1314.78,5,3,3,Potential Loyalists
102207,2025-09-08,115,1,207.44,4,1,1,Potential Loyalists
102208,2023-12-15,748,1,1176.1,1,1,3,Lost
102209,2023-07-16,900,1,44.9,1,1,1,Lost
102210,2025-12-07,25,5,1376.46,5,4,3,Loyal
102211,2023-12-26,737,3,2374.69,1,3,4,Others
102212,2025-11-13,49,4,917.68,4,4,3,Loyal
102213,2025-10-18,75,2,269.5,4,2,1,Potential Loyalists
102214,2025-05-10,236,3,803.13,3,3,3,Others
102215,2024-06-13,567,3,667.26,1,3,2,Others
102216,2024-10-09,449,4,1705.33,2,4,4,At Risk
102217,2025-11-08,54,11,3577.88,4,5,5,Champions
102218,2025-08-24,130,2,733.81,3,2,3,Others
102219,2025-06-07,208,2,211.92000000000002,3,2,1,Others
102221,2025-04-13,263,2,758.6099999999999,3,2,3,Others
102222,2025-12-27,5,3,626.15,5,3,2,Potential Loyalists
102223,2025-10-07,86,4,3042.67,4,4,5,Champions
102226,2023-12-24,739,1,41.18,1,1,1,Lost
102227,2024-11-14,413,3,1065.0900000000001,2,3,3,Others
102229,2025-12-04,28,2,538.1,5,2,2,Potential Loyalists
102230,2025-09-07,116,1,277.92,4,1,1,Potential Loyalists
102232,2025-09-02,121,2,707.8,4,2,2,Potential Loyalists
102234,2024-03-21,651,2,547.55,1,2,2,Lost
102236,2025-06-05,210,6,667.01,3,5,2,Others
102237,2025-10-15,78,11,6806.94,4,5,5,Champions
102238,2025-12-05,27,3,501.06,5,3,2,Potential Loyalists
102239,2024-06-13,567,2,1388.99,1,2,3,Lost
102240,2023-08-11,874,1,162.66000000000003,1,1,1,Lost
102242,2025-11-27,35,6,1785.92,5,5,4,Champions
102243,2023-10-31,793,1,285.57,1,1,1,Lost
102244,2025-12-21,11,6,1376.3400000000001,5,5,3,Loyal
102245,2024-12-28,369,3,1345.91,2,3,3,Others
102246,2025-09-02,121,4,2279.02,4,4,4,Champions
102248,2025-12-16,16,17,9500.98,5,5,5,Champions
102250,2023-10-17,807,1,631.55,1,1,2,Lost
102251,2024-05-17,594,1,508.79999999999995,1,1,2,Lost
102252,2025-10-21,72,6,2706.86,4,5,5,Champions
102253,2025-11-28,34,2,553.5699999999999,5,2,2,Potential Loyalists
102255,2024-07-24,526,1,112.94,2,1,1,Lost
102256,2025-09-23,100,5,2881.29,4,4,5,Champions
102257,2023-07-12,904,1,666.94,1,1,2,Lost
102258,2025-10-15,78,5,1809.8300000000002,4,4,4,Champions
102259,2025-12-02,30,5,2436.58,5,4,4,Champions
102261,2025-10-18,75,15,3939.1800000000003,4,5,5,Champions
102263,2025-07-10,175,2,1023.25,3,2,3,Others
102264,2025-09-15,108,17,7524.07,4,5,5,Champions
102265,2025-12-01,31,2,901.0699999999999,5,2,3,Potential Loyalists
102266,2025-12-29,3,4,4404.72,5,4,5,Champions
102267,2025-10-08,85,1,1316.12,4,1,3,Potential Loyalists
102268,2025-09-06,117,1,114.52,4,1,1,Potential Loyalists
102269,2025-07-28,157,8,2836.14,3,5,5,Loyal
102270,2024-12-27,370,2,1296.81,2,2,3,Lost
102271,2025-12-30,2,4,722.08,5,4,2,Others
102272,2025-06-10,205,6,3389.22,3,5,5,Loyal
102274,2025-11-28,34,17,6710.38,5,5,5,Champions
102277,2025-12-24,8,4,1262.01,5,4,3,Loyal
102278,2024-07-14,536,3,1084.93,1,3,3,Others
102279,2023-06-29,917,2,720.49,1,2,2,Lost
102280,2025-12-29,3,2,593.06,5,2,2,Potential Loyalists
102281,2025-04-22,254,3,1250.99,3,3,3,Others
102282,2025-12-26,6,2,1384.65,5,2,3,Potential Loyalists
102283,2025-05-02,244,4,1662.39,3,4,4,Loyal
102284,2025-12-09,23,1,671.76,5,1,2,Potential Loyalists
102285,2025-09-26,97,3,2051.61,4,3,4,Potential Loyalists
102286,2025-05-26,220,1,105.77,3,1,1,Others
102288,2025-08-20,134,4,2701.76,3,4,5,Loyal
102290,2025-11-01,61,2,276.69,4,2,1,Potential Loyalists
102291,2025-04-28,248,1,261.27,3,1,1,Others
102292,2025-12-17,15,7,1602.69,5,5,4,Champions
102293,2025-04-09,267,1,158.88,3,1,1,Others
102295,2025-11-05,57,2,1189.22,4,2,3,Potential Loyalists
102296,2025-12-31,1,5,4028.0899999999997,5,4,5,Champions
102297,2023-11-28,765,1,360.16999999999996,1,1,2,Lost
102298,2025-05-05,241,4,2054.84,3,4,4,Loyal
102299,2023-10-04,820,2,883.55,1,2,3,Lost
102301,2025-09-04,119,5,1779.86,4,4,4,Champions
102302,2024-12-01,396,1,362.62,2,1,2,Lost
102303,2024-11-17,410,4,2274.19,2,4,4,At Risk
102304,2025-04-09,267,1,57.09,3,1,1,Others
102305,2025-11-24,38,6,4177.14,5,5,5,Champions
102306,2025-12-29,3,5,3249.03,5,4,5,Champions
102307,2025-06-29,186,3,2557.15,3,3,4,Others
102308,2025-09-16,107,4,2040.4199999999998,4,4,4,Champions
102310,2025-12-14,18,7,5352.93,5,5,5,Champions
102312,2025-10-01,92,4,1278.12,4,4,3,Loyal
102313,2023-02-22,1044,1,669.28,1,1,2,Lost
102314,2025-07-19,166,2,645.23,3,2,2,Others
102315,2025-12-04,28,17,7984.299999999999,5,5,5,Champions
102316,2025-02-26,309,1,429.02000000000004,2,1,2,Lost
102320,2025-12-01,31,4,1622.9,5,4,4,Champions
102321,2024-11-21,406,1,96.58,2,1,1,Lost
102322,2023-12-23,740,1,55.730000000000004,1,1,1,Lost
102323,2025-10-31,62,1,119.21,4,1,1,Potential Loyalists
102324,2024-07-14,536,1,178.47,1,1,1,Lost
102325,2025-11-24,38,7,3381.25,5,5,5,Champions
102326,2023-12-19,744,2,488.36,1,2,2,Lost
102327,2025-10-15,78,5,1834.92,4,4,4,Champions
102328,2025-12-28,4,9,4955.3,5,5,5,Champions
102329,2024-12-25,372,2,558.3100000000001,2,2,2,Lost
102330,2025-01-07,359,1,42.03,2,1,1,Lost
102331,2025-05-19,227,2,1175.87,3,2,3,Others
102333,2025-12-28,4,1,145.34,5,1,1,Potential Loyalists
102334,2025-12-15,17,2,3185.01,5,2,5,Potential Loyalists
102335,2025-11-21,41,4,895.5500000000001,5,4,3,Loyal
102336,2025-11-05,57,8,4191.14,4,5,5,Champions
102339,2025-08-26,128,2,1466.56,4,2,4,Potential Loyalists
102340,2025-05-20,226,1,641.9,3,1,2,Others
102341,2025-11-02,60,3,1432.45,4,3,4,Potential Loyalists
102344,2024-09-25,463,1,382.24,2,1,2,Lost
102346,2024-04-16,625,3,1672.6599999999999,1,3,4,Others
102347,2025-12-27,5,7,3158.5299999999997,5,5,5,Champions
102348,2025-04-18,258,1,273.01,3,1,1,Others
102349,2025-12-24,8,23,9719.88,5,5,5,Champions
102350,2025-10-15,78,10,1735.3600000000001,4,5,4,Champions
102351,2025-06-29,186,2,1689.26,3,2,4,Others
102352,2023-11-02,791,2,432.99,1,2,2,Lost
102354,2024-11-11,416,2,309.21999999999997,2,2,2,Lost
102355,2024-10-25,433,2,1369.04,2,2,3,Lost
102356,2024-11-27,400,4,1591.25,2,4,4,At Risk
102358,2024-12-31,366,1,86.31,2,1,1,Lost
102361,2023-11-09,784,1,157.0,1,1,1,Lost
102362,2025-11-26,36,2,556.25,5,2,2,Potential Loyalists
102364,2025-12-18,14,2,2145.02,5,2,4,Potential Loyalists
102365,2025-10-14,79,13,4394.76,4,5,5,Champions
102366,2025-05-02,244,8,3861.54,3,5,5,Loyal
102367,2025-09-05,118,4,1938.54,4,4,4,Champions
102368,2025-11-14,48,10,4236.51,4,5,5,Champions
102369,2025-07-30,155,2,2005.38,3,2,4,Others
102370,2025-10-09,84,5,5881.209999999999,4,4,5,Champions
102372,2025-09-24,99,5,2510.09,4,4,4,Champions
102374,2024-04-26,615,3,789.36,1,3,3,Others
102375,2025-11-22,40,7,2870.14,5,5,5,Champions
102377,2025-08-02,152,1,684.72,3,1,2,Others
102378,2025-10-01,92,1,1560.57,4,1,4,Potential Loyalists
102379,2023-12-19,744,1,106.75,1,1,1,Lost
102380,2025-10-09,84,1,1879.31,4,1,4,Potential Loyalists
102382,2025-09-20,103,9,4569.47,4,5,5,Champions
102383,2025-12-03,29,1,594.35,5,1,2,Potential Loyalists
102384,2025-11-30,32,3,2531.81,5,3,4,Potential Loyalists
102385,2025-12-03,29,2,936.0,5,2,3,Potential Loyalists
102386,2024-10-02,456,1,624.51,2,1,2,Lost
102387,2025-05-30,216,2,627.01,3,2,2,Others
102389,2025-11-23,39,4,1686.05,5,4,4,Champions
102390,2025-12-20,12,6,4760.0,5,5,5,Champions
102391,2023-11-29,764,3,1292.82,1,3,3,Others
102392,2025-09-09,114,3,2708.3,4,3,5,Potential Loyalists
102393,2023-01-28,1069,1,1359.2299999999998,1,1,3,Lost
102394,2025-12-10,22,2,408.65000000000003,5,2,2,Potential Loyalists
102395,2025-09-23,100,2,528.9,4,2,2,Potential Loyalists
102396,2025-03-16,291,3,291.05,2,3,1,Others
102397,2025-08-05,149,3,1601.88,3,3,4,Others
102398,2025-12-03,29,1,343.49,5,1,2,Potential Loyalists
102402,2025-03-09,298,3,1912.46,2,3,4,Others
102404,2025-12-08,24,7,3662.14,5,5,5,Champions
102405,2023-11-27,766,1,340.28000000000003,1,1,2,Lost
102406,2024-12-09,388,9,3503.14,2,5,5,At Risk
102408,2024-06-07,573,4,2038.74,1,4,4,At Risk
102410,2024-12-16,381,2,975.76,2,2,3,Lost
102411,2025-10-15,78,3,1274.85,4,3,3,Potential Loyalists
102412,2025-05-25,221,6,2960.2799999999997,3,5,5,Loyal
102413,2024-12-01,396,4,1022.3399999999999,2,4,3,At Risk
102415,2025-12-10,22,1,803.4100000000001,5,1,3,Potential Loyalists
102416,2025-01-14,352,3,711.54,2,3,2,Others
102417,2025-02-13,322,1,483.4,2,1,2,Lost
102419,2025-05-04,242,4,1009.4300000000001,3,4,3,Loyal
102420,2025-12-20,12,27,12755.42,5,5,5,Champions
102421,2023-07-26,890,1,417.17,1,1,2,Lost
102422,2024-12-18,379,6,5373.2300000000005,2,5,5,At Risk
102423,2025-06-30,185,4,511.31,3,4,2,Others
102424,2025-07-20,165,1,12.68,3,1,1,Others
102426,2025-05-14,232,2,449.12,3,2,2,Others
102427,2025-03-10,297,2,2230.45,2,2,4,Lost
102429,2024-11-09,418,1,769.3100000000001,2,1,3,Lost
102431,2025-07-07,178,3,1564.81,3,3,4,Others
102432,2025-12-26,6,3,1880.53,5,3,4,Potential Loyalists
102436,2025-11-21,41,15,7985.14,5,5,5,Champions
102438,2023-04-29,978,1,151.64,1,1,1,Lost
102439,2024-10-22,436,1,31.43,2,1,1,Lost
102440,2025-04-06,270,2,701.15,3,2,2,Others
102441,2025-12-30,2,13,10652.22,5,5,5,Champions
102442,2025-03-04,303,1,82.65,2,1,1,Lost
102443,2025-10-24,69,1,2403.75,4,1,4,Potential Loyalists
102444,2025-12-22,10,2,954.39,5,2,3,Potential Loyalists
102445,2024-08-19,500,2,1370.0,2,2,3,Lost
102446,2025-12-07,25,3,3733.21,5,3,5,Potential Loyalists
102449,2025-07-21,164,1,99.52000000000001,3,1,1,Others
102451,2024-04-13,628,1,195.13,1,1,1,Lost
102452,2025-09-04,119,5,3569.12,4,4,5,Champions
102453,2024-04-18,623,1,1141.67,1,1,3,Lost
102454,2025-06-01,214,2,232.56,3,2,1,Others
102455,2025-06-20,195,1,1844.39,3,1,4,Others
102456,2024-07-02,548,1,825.19,1,1,3,Lost
102457,2025-04-21,255,2,296.21000000000004,3,2,2,Others
102458,2025-12-28,4,5,2125.66,5,4,4,Champions
102459,2025-05-30,216,12,3133.29,3,5,5,Loyal
102460,2023-11-10,783,3,781.45,1,3,3,Others
102461,2024-11-17,410,5,2298.53,2,4,4,At Risk
102462,2023-09-11,843,2,1282.05,1,2,3,Lost
102463,2024-11-27,400,2,2873.99,2,2,5,Lost
102464,2025-02-21,314,1,224.44,2,1,1,Lost
102465,2025-01-17,349,3,1813.75,2,3,4,Others
102466,2025-04-06,270,2,1598.8600000000001,3,2,4,Others
102467,2025-10-02,91,7,1647.81,4,5,4,Champions
102468,2024-12-30,367,2,391.55999999999995,2,2,2,Lost
102470,2023-09-08,846,1,666.94,1,1,2,Lost
102471,2025-12-23,9,13,6511.47,5,5,5,Champions
102473,2025-03-20,287,2,846.28,2,2,3,Lost
102474,2025-12-12,20,2,1341.78,5,2,3,Potential Loyalists
102475,2025-06-12,203,1,81.28,3,1,1,Others
102476,2024-10-27,431,2,1314.56,2,2,3,Lost
102477,2025-05-17,229,2,1425.25,3,2,4,Others
102478,2025-12-07,25,5,4675.51,5,4,5,Champions
102479,2025-07-24,161,6,1412.42,3,5,4,Loyal
102482,2025-11-06,56,7,7029.11,4,5,5,Champions
102483,2025-03-22,285,1,18.8,2,1,1,Lost
102484,2025-05-20,226,1,401.23,3,1,2,Others
102485,2025-12-27,5,9,3669.3199999999997,5,5,5,Champions
102486,2024-01-13,719,1,365.88,1,1,2,Lost
102487,2024-12-25,372,2,1683.28,2,2,4,Lost
102489,2025-09-08,115,4,499.84000000000003,4,4,2,Others
102490,2024-12-02,395,1,211.43,2,1,1,Lost
102491,2025-08-18,136,9,4014.26,3,5,5,Loyal
102492,2025-12-15,17,3,1696.3999999999999,5,3,4,Potential Loyalists
102493,2025-12-18,14,9,1400.52,5,5,3,Loyal
102494,2025-02-07,328,6,1396.17,2,5,3,At Risk
102495,2024-01-20,712,3,2088.79,1,3,4,Others
102496,2025-08-16,138,2,367.84000000000003,3,2,2,Others
102497,2025-12-25,7,10,3188.61,5,5,5,Champions
102499,2024-11-05,422,1,512.65,2,1,2,Lost
102500,2024-11-11,416,3,334.29,2,3,2,Others
102501,2025-09-03,120,1,168.53,4,1,1,Potential Loyalists
102502,2025-12-30,2,1,825.33,5,1,3,Potential Loyalists
102503,2025-09-21,102,1,93.03,4,1,1,Potential Loyalists
102504,2025-12-18,14,30,14554.970000000001,5,5,5,Champions
102506,2025-10-23,70,4,735.39,4,4,3,Loyal
102507,2024-10-17,441,4,504.59000000000003,2,4,2,Others
102508,2025-12-10,22,5,1819.8799999999999,5,4,4,Champions
102509,2024-06-30,550,3,785.33,1,3,3,Others
102510,2023-08-14,871,1,327.18,1,1,2,Lost
102511,2025-05-06,240,2,310.04999999999995,3,2,2,Others
102512,2025-08-15,139,9,2794.21,3,5,5,Loyal
102513,2025-08-09,145,4,1211.8,3,4,3,Loyal
102514,2025-05-06,240,1,801.24,3,1,3,Others
102515,2025-12-31,1,17,7434.7,5,5,5,Champions
102516,2025-12-04,28,5,4085.53,5,4,5,Champions
102517,2024-10-16,442,3,1797.4399999999998,2,3,4,Others
102518,2025-12-31,1,5,4216.61,5,4,5,Champions
102519,2025-12-11,21,3,228.04999999999998,5,3,1,Potential Loyalists
102521,2025-12-21,11,17,4181.43,5,5,5,Champions
102522,2024-06-05,575,2,352.89,1,2,2,Lost
102524,2025-11-01,61,2,1413.94,4,2,4,Potential Loyalists
102525,2025-12-21,11,13,6118.42,5,5,5,Champions
102526,2025-12-30,2,5,1371.6399999999999,5,4,3,Loyal
102527,2025-07-08,177,8,5377.64,3,5,5,Loyal
102528,2025-04-09,267,3,3302.2599999999998,3,3,5,Others
102530,2025-09-30,93,8,3543.4900000000002,4,5,5,Champions
102531,2025-10-21,72,6,2502.13,4,5,4,Champions
102532,2025-12-04,28,11,3740.84,5,5,5,Champions
102533,2023-12-28,735,1,28.48,1,1,1,Lost
102534,2025-11-09,53,8,2476.49,4,5,4,Champions
102535,2024-10-31,427,1,644.3000000000001,2,1,2,Lost
102536,2025-12-14,18,3,560.09,5,3,2,Potential Loyalists
102537,2025-03-24,283,6,2006.81,3,5,4,Loyal
102538,2025-12-21,11,16,6843.34,5,5,5,Champions
102539,2024-01-02,730,1,348.87,1,1,2,Lost
102541,2025-08-24,130,3,1671.19,3,3,4,Others
102543,2025-01-01,365,1,73.66,2,1,1,Lost
102544,2025-10-10,83,9,2791.8799999999997,4,5,5,Champions
102545,2024-02-05,696,1,179.17,1,1,1,Lost
102546,2025-06-22,193,2,307.87,3,2,2,Others
102547,2025-12-16,16,41,14827.01,5,5,5,Champions
102549,2024-04-29,612,1,102.67,1,1,1,Lost
102551,2023-11-10,783,1,1072.6,1,1,3,Lost
102552,2025-01-25,341,1,472.55,2,1,2,Lost
102553,2025-12-29,3,1,202.29,5,1,1,Potential Loyalists
102554,2025-05-01,245,7,5448.17,3,5,5,Loyal
102555,2023-04-25,982,1,199.63,1,1,1,Lost
102556,2025-11-06,56,9,5199.27,4,5,5,Champions
102558,2025-11-22,40,3,1158.84,5,3,3,Potential Loyalists
102559,2024-04-04,637,2,1883.3899999999999,1,2,4,Lost
102560,2025-11-12,50,3,1628.76,4,3,4,Potential Loyalists
102561,2025-07-15,170,6,1353.72,3,5,3,Loyal
102562,2025-10-12,81,3,816.6600000000001,4,3,3,Potential Loyalists
102563,2025-03-28,279,4,2739.9900000000002,3,4,5,Loyal
102565,2024-08-17,502,1,1071.94,2,1,3,Lost
102566,2023-11-18,775,1,432.17,1,1,2,Lost
102567,2024-07-04,546,3,661.56,1,3,2,Others
102569,2025-08-28,126,2,737.88,4,2,3,Potential Loyalists
102570,2024-01-03,729,2,1203.5900000000001,1,2,3,Lost
102571,2025-04-09,267,5,2531.0899999999997,3,4,4,Loyal
102573,2025-02-27,308,2,180.36,2,2,1,Lost
102574,2025-10-02,91,6,2138.46,4,5,4,Champions
102575,2025-09-12,111,4,819.4100000000001,4,4,3,Loyal
102576,2024-08-30,489,1,346.16,2,1,2,Lost
102577,2025-04-06,270,1,472.3,3,1,2,Others
102579,2023-11-27,766,1,754.88,1,1,3,Lost
102580,2025-01-26,340,3,755.34,2,3,3,Others
102581,2025-07-01,184,5,1647.43,3,4,4,Loyal
102582,2025-11-21,41,2,1727.49,5,2,4,Potential Loyalists
102583,2025-09-21,102,4,7990.06,4,4,5,Champions
102584,2025-07-05,180,1,68.13,3,1,1,Others
102585,2023-04-26,981,1,82.28,1,1,1,Lost
102586,2023-04-05,1002,1,116.25,1,1,1,Lost
102587,2025-12-20,12,2,1110.78,5,2,3,Potential Loyalists
102588,2025-02-09,326,2,1334.8500000000001,2,2,3,Lost
102589,2025-12-26,6,3,1698.78,5,3,4,Potential Loyalists
102590,2025-07-07,178,2,275.87,3,2,1,Others
102591,2025-11-26,36,3,2548.19,5,3,4,Potential Loyalists
102593,2025-12-12,20,2,720.97,5,2,2,Potential Loyalists
102594,2025-06-02,213,3,997.76,3,3,3,Others
102595,2023-03-22,1016,1,127.43,1,1,1,Lost
102596,2025-04-17,259,1,83.18,3,1,1,Others
102599,2025-01-01,365,1,703.75,2,1,2,Lost
102600,2025-09-20,103,8,2699.17,4,5,5,Champions
102601,2025-12-30,2,13,4510.24,5,5,5,Champions
102603,2025-07-07,178,6,4735.89,3,5,5,Loyal
102604,2025-12-11,21,2,531.3,5,2,2,Potential Loyalists
102605,2025-07-24,161,7,3655.2,3,5,5,Loyal
102606,2025-09-16,107,9,4400.02,4,5,5,Champions
102607,2024-09-08,480,3,2704.0,2,3,5,Others
102608,2025-04-01,275,4,516.35,3,4,2,Others
102609,2025-06-09,206,1,318.66999999999996,3,1,2,Others
102610,2025-10-01,92,2,105.92999999999999,4,2,1,Potential Loyalists
102611,2025-04-17,259,2,380.54,3,2,2,Others
102613,2024-02-17,684,1,912.87,1,1,3,Lost
102615,2024-11-12,415,1,116.04,2,1,1,Lost
102616,2023-11-25,768,2,215.08999999999997,1,2,1,Lost
102617,2025-05-23,223,2,973.5799999999999,3,2,3,Others
102618,2025-04-02,274,4,1532.56,3,4,4,Loyal
102620,2025-10-05,88,5,1070.0900000000001,4,4,3,Loyal
102621,2024-09-30,458,1,46.18,2,1,1,Lost
102622,2025-12-01,31,2,4176.650000000001,5,2,5,Potential Loyalists
102623,2025-09-17,106,3,1564.23,4,3,4,Potential Loyalists
102624,2024-12-24,373,1,340.40999999999997,2,1,2,Lost
102625,2025-12-16,16,5,2574.8900000000003,5,4,4,Champions
102626,2025-12-27,5,2,769.89,5,2,3,Potential Loyalists
102628,2024-11-04,423,2,1738.06,2,2,4,Lost
102629,2025-09-22,101,5,4189.22,4,4,5,Champions
102630,2025-11-12,50,9,2563.2,4,5,4,Champions
102631,2023-10-15,809,1,573.99,1,1,2,Lost
102632,2024-04-24,617,3,257.88,1,3,1,Others
102633,2025-09-10,113,12,2609.34,4,5,4,Champions
102634,2025-12-04,28,5,4144.49,5,4,5,Champions
102635,2024-04-01,640,1,184.35000000000002,1,1,1,Lost
102636,2025-04-04,272,4,2679.46,3,4,5,Loyal
102637,2025-07-31,154,4,3731.18,3,4,5,Loyal
102638,2024-12-06,391,2,730.76,2,2,3,Lost
102639,2024-08-30,489,2,115.42,2,2,1,Lost
102641,2025-10-08,85,3,1207.1,4,3,3,Potential Loyalists
102643,2024-05-12,599,1,505.49,1,1,2,Lost
102646,2025-04-27,249,3,1946.15,3,3,4,Others
102647,2025-05-28,218,4,2676.49,3,4,5,Loyal
102648,2025-12-03,29,2,987.8199999999999,5,2,3,Potential Loyalists
102651,2025-12-24,8,5,2049.44,5,4,4,Champions
102652,2023-05-19,958,1,331.5,1,1,2,Lost
102653,2024-12-14,383,1,927.22,2,1,3,Lost
102656,2025-12-02,30,3,1385.57,5,3,3,Potential Loyalists
102657,2023-07-28,888,1,13.62,1,1,1,Lost
102661,2025-06-17,198,2,452.97,3,2,2,Others
102662,2023-10-19,805,2,1317.34,1,2,3,Lost
102663,2025-12-03,29,10,2551.18,5,5,4,Champions
102665,2024-08-11,508,4,5892.9,2,4,5,At Risk
102667,2024-09-18,470,1,104.68,2,1,1,Lost
102668,2025-11-14,48,4,1351.45,4,4,3,Loyal
102669,2024-12-21,376,2,1078.0,2,2,3,Lost
102670,2023-03-12,1026,1,234.97,1,1,1,Lost
102671,2025-03-31,276,6,2021.04,3,5,4,Loyal
102672,2024-10-13,445,2,906.16,2,2,3,Lost
102673,2023-03-24,1014,1,878.98,1,1,3,Lost
102674,2025-05-21,225,9,3103.77,3,5,5,Loyal
102675,2025-10-25,68,2,980.73,4,2,3,Potential Loyalists
102676,2023-12-30,733,1,47.57,1,1,1,Lost
102677,2025-12-16,16,10,4502.02,5,5,5,Champions
102678,2025-11-04,58,15,5526.05,4,5,5,Champions
102679,2024-09-25,463,2,245.58,2,2,1,Lost
102680,2025-11-27,35,10,5681.18,5,5,5,Champions
102681,2025-06-06,209,1,68.86,3,1,1,Others
102682,2024-10-03,455,2,229.61,2,2,1,Lost
102683,2025-12-26,6,2,1319.2700000000002,5,2,3,Potential Loyalists
102684,2023-09-29,825,2,680.73,1,2,2,Lost
102686,2025-12-19,13,3,273.14,5,3,1,Potential Loyalists
102687,2025-12-01,31,2,930.4599999999999,5,2,3,Potential Loyalists
102688,2025-12-05,27,3,4000.2400000000002,5,3,5,Potential Loyalists
102689,2025-08-21,133,3,893.95,3,3,3,Others
102690,2025-12-09,23,1,1191.06,5,1,3,Potential Loyalists
102692,2025-07-04,181,2,263.26,3,2,1,Others
102693,2024-12-11,386,5,702.26,2,4,2,Others
102694,2025-02-13,322,1,33.64,2,1,1,Lost
102695,2025-12-01,31,9,3334.87,5,5,5,Champions
102696,2025-05-01,245,3,711.5400000000001,3,3,2,Others
102698,2025-09-14,109,2,496.41,4,2,2,Potential Loyalists
102699,2025-10-22,71,5,2360.74,4,4,4,Champions
102700,2024-02-20,681,1,712.48,1,1,2,Lost
102701,2023-10-24,800,1,673.35,1,1,2,Lost
102702,2025-12-20,12,12,5673.97,5,5,5,Champions
102703,2023-10-30,794,1,594.77,1,1,2,Lost
102704,2025-11-01,61,15,5890.49,4,5,5,Champions
102705,2024-02-07,694,2,1402.27,1,2,3,Lost
102706,2025-12-16,16,8,2024.4,5,5,4,Champions
102707,2025-07-18,167,10,4326.5,3,5,5,Loyal
102708,2025-12-07,25,9,2845.73,5,5,5,Champions
102709,2025-12-08,24,2,723.9399999999999,5,2,2,Potential Loyalists
102710,2025-06-13,202,2,886.47,3,2,3,Others
102711,2024-09-22,466,1,240.84,2,1,1,Lost
102713,2024-10-24,434,3,2932.61,2,3,5,Others
102714,2023-07-28,888,1,2038.76,1,1,4,Lost
102717,2025-01-05,361,2,620.63,2,2,2,Lost
102720,2025-10-01,92,3,468.71,4,3,2,Potential Loyalists
102721,2024-08-19,500,2,1159.64,2,2,3,Lost
102723,2025-11-16,46,5,2047.96,4,4,4,Champions
102724,2025-03-06,301,2,634.5699999999999,2,2,2,Lost
102727,2024-04-13,628,4,905.16,1,4,3,At Risk
102729,2025-12-23,9,3,1550.3700000000001,5,3,4,Potential Loyalists
102732,2025-08-20,134,1,401.1,3,1,2,Others
102734,2025-10-13,80,1,42.73,4,1,1,Potential Loyalists
102735,2023-11-17,776,2,673.7,1,2,2,Lost
102736,2023-12-24,739,1,171.99,1,1,1,Lost
102737,2024-12-28,369,4,1559.25,2,4,4,At Risk
102738,2025-10-24,69,7,1156.95,4,5,3,Loyal
102739,2025-11-06,56,7,7055.32,4,5,5,Champions
102740,2025-11-24,38,8,2260.59,5,5,4,Champions
102741,2025-12-19,13,4,3928.7,5,4,5,Champions
102742,2025-11-29,33,1,95.37,5,1,1,Potential Loyalists
102743,2025-09-05,118,3,1773.5,4,3,4,Potential Loyalists
102744,2025-12-16,16,13,8739.77,5,5,5,Champions
102745,2025-07-26,159,2,437.63,3,2,2,Others
102747,2023-05-20,957,1,814.4300000000001,1,1,3,Lost
102748,2025-09-20,103,8,4508.13,4,5,5,Champions
102749,2025-06-15,200,8,3863.18,3,5,5,Loyal
102750,2025-04-25,251,2,99.61000000000001,3,2,1,Others
102751,2025-06-01,214,6,1523.86,3,5,4,Loyal
102753,2025-09-08,115,4,1496.2,4,4,4,Champions
102755,2025-09-06,117,2,1330.07,4,2,3,Potential Loyalists
102757,2024-07-08,542,1,234.0,1,1,1,Lost
102758,2025-11-27,35,5,3595.8,5,4,5,Champions
102759,2025-10-15,78,3,1041.25,4,3,3,Potential Loyalists
102761,2025-11-23,39,18,8213.51,5,5,5,Champions
102762,2024-08-22,497,3,350.03,2,3,2,Others
102763,2024-11-05,422,3,757.1700000000001,2,3,3,Others
102764,2025-12-20,12,5,2000.8000000000002,5,4,4,Champions
102766,2025-10-02,91,10,2313.26,4,5,4,Champions
102768,2025-07-23,162,5,2018.37,3,4,4,Loyal
102769,2024-10-16,442,1,499.67,2,1,2,Lost
102770,2025-09-19,104,1,249.87,4,1,1,Potential Loyalists
102771,2025-07-29,156,3,398.22,3,3,2,Others
102772,2025-06-03,212,5,1688.18,3,4,4,Loyal
102773,2025-04-21,255,2,1051.01,3,2,3,Others
102774,2025-11-17,45,2,232.0,4,2,1,Potential Loyalists
102775,2025-12-25,7,2,1065.55,5,2,3,Potential Loyalists
102776,2025-09-03,120,4,3187.9,4,4,5,Champions
102777,2023-08-18,867,1,416.0,1,1,2,Lost
102778,2025-12-10,22,4,797.0899999999999,5,4,3,Loyal
102779,2025-11-22,40,7,4760.68,5,5,5,Champions
102780,2023-10-08,816,1,224.53,1,1,1,Lost
102781,2025-07-06,179,7,2847.71,3,5,5,Loyal
102782,2024-10-04,454,1,92.38,2,1,1,Lost
102783,2024-01-15,717,1,235.32,1,1,1,Lost
102784,2025-08-14,140,4,2010.9,3,4,4,Loyal
102785,2025-06-03,212,4,3083.48,3,4,5,Loyal
102786,2025-11-06,56,2,680.24,4,2,2,Potential Loyalists
102787,2025-11-22,40,9,5230.33,5,5,5,Champions
102792,2025-06-07,208,1,51.58,3,1,1,Others
102794,2024-04-09,632,1,341.2,1,1,2,Lost
102795,2025-03-30,277,2,493.5,3,2,2,Others
102798,2024-07-30,520,3,854.54,2,3,3,Others
102799,2024-06-03,577,1,120.54,1,1,1,Lost
102801,2024-12-28,369,5,2144.94,2,4,4,At Risk
102802,2025-03-11,296,5,2253.08,2,4,4,At Risk
102803,2025-09-12,111,1,202.25,4,1,1,Potential Loyalists
102804,2025-12-10,22,5,1571.12,5,4,4,Champions
102806,2023-12-10,753,2,429.03,1,2,2,Lost
102807,2023-06-10,936,1,286.51,1,1,1,Lost
102809,2025-03-02,305,1,104.75,2,1,1,Lost
102810,2025-03-27,280,3,746.86,3,3,3,Others
102811,2025-12-17,15,2,118.77000000000001,5,2,1,Potential Loyalists
102813,2025-09-19,104,4,2640.9100000000003,4,4,4,Champions
102814,2024-12-26,371,4,1494.5700000000002,2,4,4,At Risk
102815,2023-07-18,898,1,411.38,1,1,2,Lost
102816,2024-07-04,546,3,575.41,1,3,2,Others
102817,2025-12-18,14,4,1766.65,5,4,4,Champions
102820,2025-08-18,136,10,2077.99,3,5,4,Loyal
102822,2025-11-28,34,19,5334.53,5,5,5,Champions
102824,2024-04-21,620,1,194.6,1,1,1,Lost
102825,2025-12-25,7,16,12193.24,5,5,5,Champions
102826,2025-03-06,301,5,3028.36,2,4,5,At Risk
102827,2024-08-11,508,1,540.42,2,1,2,Lost
102830,2025-05-04,242,3,542.03,3,3,2,Others
102831,2025-11-21,41,2,290.90999999999997,5,2,1,Potential Loyalists
102832,2024-08-08,511,3,1156.81,2,3,3,Others
102834,2025-01-24,342,4,1191.72,2,4,3,At Risk
102836,2025-12-01,31,3,580.3399999999999,5,3,2,Potential Loyalists
102837,2024-12-07,390,1,127.5,2,1,1,Lost
102838,2025-11-14,48,8,5537.1900000000005,4,5,5,Champions
102839,2025-06-21,194,6,2136.1,3,5,4,Loyal
102840,2024-12-15,382,2,100.45,2,2,1,Lost
102842,2023-10-13,811,3,3777.7400000000002,1,3,5,Others
102844,2025-06-24,191,2,398.38,3,2,2,Others
102845,2025-11-22,40,6,2801.82,5,5,5,Champions
102846,2024-11-28,399,1,1857.85,2,1,4,Lost
102847,2025-12-30,2,5,3486.71,5,4,5,Champions
102849,2025-12-27,5,4,1395.8600000000001,5,4,3,Loyal
102850,2025-11-24,38,2,687.21,5,2,2,Potential Loyalists
102852,2025-08-01,153,6,2711.82,3,5,5,Loyal
102853,2025-10-03,90,2,2135.8399999999997,4,2,4,Potential Loyalists
102854,2025-08-01,153,1,60.39,3,1,1,Others
102855,2025-11-01,61,1,272.39,4,1,1,Potential Loyalists
102856,2025-12-13,19,4,1557.07,5,4,4,Champions
102857,2023-10-20,804,1,876.2,1,1,3,Lost
102858,2025-07-24,161,7,1363.91,3,5,3,Loyal
102859,2024-05-26,585,2,1363.91,1,2,3,Lost
102861,2024-02-14,687,2,593.57,1,2,2,Lost
102862,2025-11-01,61,2,1730.59,4,2,4,Potential Loyalists
102863,2025-02-02,333,3,198.01,2,3,1,Others
102864,2025-05-11,235,7,3367.5,3,5,5,Loyal
102866,2024-05-15,596,2,93.94,1,2,1,Lost
102867,2023-12-04,759,1,251.39,1,1,1,Lost
102868,2025-12-30,2,1,92.43,5,1,1,Potential Loyalists
102869,2025-03-18,289,4,1600.52,2,4,4,At Risk
102870,2024-06-02,578,1,207.31,1,1,1,Lost
102872,2025-12-23,9,9,3870.08,5,5,5,Champions
102873,2023-02-02,1064,1,26.78,1,1,1,Lost
102874,2025-10-17,76,5,1669.1,4,4,4,Champions
102875,2025-12-31,1,9,2930.03,5,5,5,Champions
102876,2025-09-20,103,4,2508.66,4,4,4,Champions
102877,2025-10-17,76,13,5587.07,4,5,5,Champions
102878,2023-07-01,915,1,486.15,1,1,2,Lost
102879,2023-02-21,1045,1,926.56,1,1,3,Lost
102880,2025-11-07,55,3,683.9,4,3,2,Potential Loyalists
102881,2023-07-03,913,1,325.98,1,1,2,Lost
102882,2024-09-09,479,1,289.49,2,1,1,Lost
102883,2025-09-13,110,7,3191.35,4,5,5,Champions
102885,2024-04-12,629,2,637.6800000000001,1,2,2,Lost
102886,2025-12-19,13,33,13585.01,5,5,5,Champions
102887,2024-01-16,716,1,169.23,1,1,1,Lost
102890,2024-12-20,377,2,698.77,2,2,2,Lost
102892,2025-11-07,55,4,3069.54,4,4,5,Champions
102893,2025-10-09,84,5,3338.66,4,4,5,Champions
102894,2025-03-30,277,11,2414.0899999999997,3,5,4,Loyal
102895,2024-09-06,482,1,150.01,2,1,1,Lost
102896,2025-12-18,14,2,2413.45,5,2,4,Potential Loyalists
102897,2024-12-03,394,4,1595.3,2,4,4,At Risk
102898,2025-12-27,5,27,10038.22,5,5,5,Champions
102903,2024-11-28,399,2,375.24,2,2,2,Lost
102904,2023-12-05,758,2,194.60000000000002,1,2,1,Lost
102905,2025-12-13,19,3,276.23,5,3,1,Potential Loyalists
102907,2023-07-16,900,1,1624.89,1,1,4,Lost
102908,2025-09-05,118,2,424.15999999999997,4,2,2,Potential Loyalists
102909,2024-01-23,709,1,61.44,1,1,1,Lost
102910,2025-12-26,6,19,6900.47,5,5,5,Champions
102912,2025-10-27,66,1,1554.4199999999998,4,1,4,Potential Loyalists
102913,2024-03-09,663,1,243.69,1,1,1,Lost
102914,2025-12-05,27,10,3238.87,5,5,5,Champions
102916,2024-06-19,561,1,181.65,1,1,1,Lost
102917,2025-06-19,196,6,2516.56,3,5,4,Loyal
102919,2023-08-26,859,2,372.34000000000003,1,2,2,Lost
102920,2025-06-25,190,3,2372.58,3,3,4,Others
102921,2025-12-28,4,20,9088.69,5,5,5,Champions
102924,2023-01-23,1074,1,13.26,1,1,1,Lost
102925,2025-12-07,25,3,1273.9,5,3,3,Potential Loyalists
102926,2025-02-09,326,4,581.87,2,4,2,Others
102927,2024-04-06,635,2,428.98,1,2,2,Lost
102928,2024-11-16,411,1,303.28000000000003,2,1,2,Lost
102930,2025-11-10,52,3,2209.09,4,3,4,Potential Loyalists
102931,2025-08-24,130,2,619.82,3,2,2,Others
102932,2024-09-09,479,5,1212.22,2,4,3,At Risk
102933,2025-12-19,13,27,10176.52,5,5,5,Champions
102934,2025-06-16,199,6,1688.79,3,5,4,Loyal
102935,2024-11-27,400,4,1332.75,2,4,3,At Risk
102937,2025-11-25,37,6,1839.42,5,5,4,Champions
102938,2023-07-08,908,1,775.24,1,1,3,Lost
102939,2025-03-04,303,3,2752.79,2,3,5,Others
102940,2024-11-16,411,3,2853.47,2,3,5,Others
102941,2025-01-03,363,1,201.07,2,1,1,Lost
102942,2025-12-06,26,6,1789.16,5,5,4,Champions
102943,2024-07-16,534,1,1232.23,1,1,3,Lost
102944,2025-06-21,194,3,1472.63,3,3,4,Others
102945,2023-03-04,1034,1,162.44,1,1,1,Lost
102946,2025-12-07,25,5,688.2,5,4,2,Others
102948,2025-12-16,16,9,4187.66,5,5,5,Champions
102949,2025-10-08,85,5,902.09,4,4,3,Loyal
102951,2024-12-21,376,2,352.52,2,2,2,Lost
102952,2025-06-01,214,5,3910.04,3,4,5,Loyal
102953,2023-09-28,826,1,874.48,1,1,3,Lost
102954,2025-10-07,86,2,2353.07,4,2,4,Potential Loyalists
102956,2024-03-29,643,2,743.67,1,2,3,Lost
102957,2023-07-30,886,1,485.56000000000006,1,1,2,Lost
102958,2023-09-06,848,2,68.07,1,2,1,Lost
102959,2025-05-12,234,1,137.19,3,1,1,Others
102960,2025-11-13,49,4,2269.7,4,4,4,Champions
102961,2025-01-01,365,2,363.6,2,2,2,Lost
102962,2024-10-07,451,2,285.89,2,2,1,Lost
102964,2025-12-07,25,2,837.3599999999999,5,2,3,Potential Loyalists
102965,2025-07-22,163,1,729.06,3,1,2,Others
102966,2025-10-24,69,13,4459.39,4,5,5,Champions
102967,2024-08-05,514,2,2841.69,2,2,5,Lost
102968,2025-02-17,318,1,76.92,2,1,1,Lost
102969,2025-11-25,37,1,15.95,5,1,1,Potential Loyalists
102970,2024-11-12,415,1,162.71,2,1,1,Lost
102972,2024-11-15,412,4,795.05,2,4,3,At Risk
102973,2025-11-07,55,2,221.68,4,2,1,Potential Loyalists
102974,2025-12-04,28,31,15202.61,5,5,5,Champions
102975,2025-10-13,80,3,660.3399999999999,4,3,2,Potential Loyalists
102977,2025-08-07,147,5,2983.0499999999997,3,4,5,Loyal
102978,2025-12-15,17,2,2153.73,5,2,4,Potential Loyalists
102980,2025-12-02,30,12,5848.5,5,5,5,Champions
102982,2024-12-19,378,7,2981.52,2,5,5,At Risk
102983,2025-02-06,329,1,385.85,2,1,2,Lost
102984,2025-10-26,67,5,2128.99,4,4,4,Champions
102985,2025-11-03,59,3,2205.58,4,3,4,Potential Loyalists
102987,2025-11-07,55,3,2896.54,4,3,5,Potential Loyalists
102988,2023-07-26,890,1,136.8,1,1,1,Lost
102989,2025-12-06,26,4,835.89,5,4,3,Loyal
102990,2025-10-10,83,3,404.44,4,3,2,Potential Loyalists
102992,2025-04-17,259,1,175.29,3,1,1,Others
102993,2023-10-16,808,1,144.56,1,1,1,Lost
102994,2024-09-28,460,1,454.38,2,1,2,Lost
102995,2025-09-04,119,7,3155.6800000000003,4,5,5,Champions
102996,2024-10-07,451,2,609.92,2,2,2,Lost
102997,2025-12-26,6,2,738.1800000000001,5,2,3,Potential Loyalists
102998,2024-08-14,505,3,1675.58,2,3,4,Others
102999,2023-08-14,871,1,447.27,1,1,2,Lost
103001,2024-01-25,707,1,499.71999999999997,1,1,2,Lost
103002,2024-01-15,717,3,571.78,1,3,2,Others
103003,2025-11-12,50,1,143.47,4,1,1,Potential Loyalists
103004,2023-01-19,1078,1,324.19,1,1,2,Lost
103005,2025-12-22,10,2,412.5,5,2,2,Potential Loyalists
103006,2025-03-24,283,2,1457.84,3,2,4,Others
103010,2025-11-13,49,1,1383.3899999999999,4,1,3,Potential Loyalists
103013,2023-12-25,738,1,497.07,1,1,2,Lost
103015,2024-11-10,417,4,659.4200000000001,2,4,2,Others
103016,2025-04-29,247,2,558.28,3,2,2,Others
103017,2025-11-16,46,2,453.31,4,2,2,Potential Loyalists
103018,2024-12-01,396,1,161.04,2,1,1,Lost
103019,2025-08-05,149,9,2597.87,3,5,4,Loyal
103020,2024-03-09,663,2,1750.4899999999998,1,2,4,Lost
103021,2025-12-13,19,30,13602.26,5,5,5,Champions
103022,2024-08-12,507,1,191.89000000000001,2,1,1,Lost
103023,2023-04-24,983,1,75.85,1,1,1,Lost
103024,2024-02-09,692,3,1550.1200000000001,1,3,4,Others
103025,2025-09-28,95,10,2471.79,4,5,4,Champions
103026,2024-06-10,570,3,241.65,1,3,1,Others
103027,2025-12-07,25,6,2624.4900000000002,5,5,4,Champions
103029,2024-09-14,474,2,1097.56,2,2,3,Lost
103031,2025-11-29,33,6,4793.91,5,5,5,Champions
103032,2025-04-11,265,8,3577.62,3,5,5,Loyal
103033,2025-12-24,8,11,5856.57,5,5,5,Champions
103035,2025-09-22,101,5,4433.08,4,4,5,Champions
103036,2025-03-28,279,2,72.76,3,2,1,Others
103037,2025-12-05,27,10,3757.59,5,5,5,Champions
103039,2025-12-21,11,7,1940.1299999999999,5,5,4,Champions
103041,2025-08-07,147,5,2731.05,3,4,5,Loyal
103045,2025-11-10,52,2,802.38,4,2,3,Potential Loyalists
103046,2024-11-03,424,2,606.34,2,2,2,Lost
103047,2025-01-23,343,2,518.03,2,2,2,Lost
103048,2024-12-29,368,4,1798.59,2,4,4,At Risk
103049,2024-02-18,683,1,1156.26,1,1,3,Lost
103050,2024-01-12,720,3,1182.43,1,3,3,Others
103051,2023-06-27,919,1,44.66,1,1,1,Lost
103052,2024-12-09,388,3,1694.8899999999999,2,3,4,Others
103054,2025-07-01,184,4,2296.19,3,4,4,Loyal
103056,2025-11-22,40,12,2938.29,5,5,5,Champions
103059,2025-12-21,11,7,3958.35,5,5,5,Champions
103060,2025-06-08,207,2,268.87,3,2,1,Others
103061,2025-12-12,20,6,1915.99,5,5,4,Champions
103062,2024-06-04,576,1,257.33,1,1,1,Lost
103063,2024-01-18,714,1,205.5,1,1,1,Lost
103064,2025-12-09,23,2,3091.9700000000003,5,2,5,Potential Loyalists
103066,2024-12-22,375,4,1045.91,2,4,3,At Risk
103067,2025-10-26,67,5,1300.1000000000001,4,4,3,Loyal
103068,2025-12-07,25,3,315.53,5,3,2,Potential Loyalists
103070,2025-11-16,46,3,1712.8000000000002,4,3,4,Potential Loyalists
103072,2024-07-16,534,3,2700.42,1,3,5,Others
103073,2025-12-16,16,6,2627.3,5,5,4,Champions
103075,2025-04-02,274,1,140.98000000000002,3,1,1,Others
103076,2024-06-12,568,1,233.29000000000002,1,1,1,Lost
103077,2025-08-10,144,5,1210.38,3,4,3,Loyal
103078,2025-05-16,230,1,1104.56,3,1,3,Others
103079,2025-12-20,12,6,1080.78,5,5,3,Loyal
103080,2023-04-26,981,1,79.33,1,1,1,Lost
103081,2024-03-24,648,1,47.26,1,1,1,Lost
103082,2025-05-30,216,1,1080.98,3,1,3,Others
103083,2024-12-30,367,2,694.1600000000001,2,2,2,Lost
103085,2024-12-17,380,2,209.77,2,2,1,Lost
103086,2023-03-11,1027,1,139.71,1,1,1,Lost
103087,2025-12-08,24,1,399.02,5,1,2,Potential Loyalists
103088,2025-01-17,349,1,513.6,2,1,2,Lost
103090,2024-07-24,526,2,113.91,2,2,1,Lost
103091,2025-02-14,321,2,244.87,2,2,1,Lost
103092,2025-07-12,173,7,2139.6099999999997,3,5,4,Loyal
103094,2025-09-22,101,4,5497.86,4,4,5,Champions
103095,2025-11-24,38,5,1665.71,5,4,4,Champions
103096,2024-07-01,549,1,180.9,1,1,1,Lost
103100,2025-12-03,29,6,3331.69,5,5,5,Champions
103102,2024-09-16,472,1,335.93,2,1,2,Lost
103103,2024-08-30,489,1,455.83,2,1,2,Lost
103104,2025-04-30,246,5,1441.86,3,4,4,Loyal
103106,2024-07-04,546,2,2647.64,1,2,4,Lost
103107,2023-04-25,982,1,1407.0700000000002,1,1,4,Lost
103108,2024-02-02,699,2,1345.3,1,2,3,Lost
103110,2025-12-14,18,1,921.6600000000001,5,1,3,Potential Loyalists
103111,2025-10-24,69,2,1644.3899999999999,4,2,4,Potential Loyalists
103112,2025-11-18,44,5,2989.43,4,4,5,Champions
103113,2025-10-27,66,5,2081.82,4,4,4,Champions
103114,2025-07-11,174,9,3851.2200000000003,3,5,5,Loyal
103115,2024-08-12,507,3,1102.5,2,3,3,Others
103118,2025-10-24,69,5,2148.55,4,4,4,Champions
103119,2025-06-04,211,3,1605.43,3,3,4,Others
103120,2024-02-28,673,1,418.98,1,1,2,Lost
103122,2025-12-08,24,2,187.17,5,2,1,Potential Loyalists
103124,2025-05-11,235,3,1758.26,3,3,4,Others
103125,2025-10-28,65,2,1508.6100000000001,4,2,4,Potential Loyalists
103127,2023-06-26,920,1,397.91999999999996,1,1,2,Lost
103128,2025-11-29,33,3,1804.13,5,3,4,Potential Loyalists
103129,2025-10-29,64,1,584.44,4,1,2,Potential Loyalists
103130,2025-11-25,37,2,377.3,5,2,2,Potential Loyalists
103131,2023-09-06,848,1,460.11,1,1,2,Lost
103132,2025-02-26,309,2,463.59000000000003,2,2,2,Lost
103133,2024-10-22,436,1,315.77,2,1,2,Lost
103134,2023-08-05,880,1,60.03,1,1,1,Lost
103135,2025-12-07,25,10,2679.95,5,5,5,Champions
103136,2025-08-09,145,2,1105.4,3,2,3,Others
103137,2025-12-25,7,1,239.84,5,1,1,Potential Loyalists
103138,2025-12-20,12,8,1512.42,5,5,4,Champions
103139,2025-08-09,145,4,1275.23,3,4,3,Loyal
103140,2025-12-30,2,15,7108.15,5,5,5,Champions
103141,2023-11-06,787,1,233.69,1,1,1,Lost
103142,2025-07-30,155,1,956.9,3,1,3,Others
103143,2025-01-02,364,1,1093.26,2,1,3,Lost
103144,2025-03-19,288,4,761.6800000000001,2,4,3,At Risk
103145,2025-11-08,54,8,1678.13,4,5,4,Champions
103146,2025-10-17,76,3,1785.3899999999999,4,3,4,Potential Loyalists
103147,2024-01-30,702,2,3734.21,1,2,5,Lost
103148,2024-11-26,401,1,384.65,2,1,2,Lost
103149,2025-03-16,291,2,2017.78,2,2,4,Lost
103150,2023-05-16,961,1,361.92,1,1,2,Lost
103151,2023-09-02,852,2,507.46,1,2,2,Lost
103153,2025-11-18,44,2,930.4599999999999,4,2,3,Potential Loyalists
103154,2025-12-23,9,1,729.62,5,1,2,Potential Loyalists
103155,2025-12-24,8,3,1069.65,5,3,3,Potential Loyalists
103156,2023-12-26,737,1,350.11,1,1,2,Lost
103160,2025-02-07,328,5,937.5799999999999,2,4,3,At Risk
103161,2025-11-01,61,3,1252.8899999999999,4,3,3,Potential Loyalists
103162,2025-12-16,16,30,16054.63,5,5,5,Champions
103163,2025-09-06,117,10,5763.14,4,5,5,Champions
103164,2025-11-07,55,1,479.23,4,1,2,Potential Loyalists
103165,2025-06-12,203,1,1043.49,3,1,3,Others
103167,2023-12-30,733,1,71.86,1,1,1,Lost
103169,2025-09-09,114,2,813.89,4,2,3,Potential Loyalists
103171,2025-11-15,47,10,4004.0299999999997,4,5,5,Champions
103172,2025-05-31,215,5,1234.7,3,4,3,Loyal
103174,2025-12-21,11,4,1117.69,5,4,3,Loyal
103175,2024-11-26,401,2,672.12,2,2,2,Lost
103176,2025-12-28,4,1,756.95,5,1,3,Potential Loyalists
103178,2023-11-27,766,1,228.27,1,1,1,Lost
103179,2024-03-13,659,1,25.93,1,1,1,Lost
103181,2025-09-28,95,3,260.21000000000004,4,3,1,Potential Loyalists
103182,2025-06-18,197,3,892.28,3,3,3,Others
103185,2024-10-20,438,3,994.86,2,3,3,Others
103187,2025-12-03,29,1,194.88,5,1,1,Potential Loyalists
103188,2025-05-29,217,2,248.56,3,2,1,Others
103189,2025-09-13,110,2,705.84,4,2,2,Potential Loyalists
103190,2025-10-28,65,1,431.76,4,1,2,Potential Loyalists
103191,2025-12-12,20,3,2459.63,5,3,4,Potential Loyalists
103192,2025-02-25,310,1,1618.96,2,1,4,Lost
103193,2025-12-16,16,2,780.7,5,2,3,Potential Loyalists
103194,2025-10-24,69,9,2500.9,4,5,4,Champions
103196,2025-10-14,79,2,1039.02,4,2,3,Potential Loyalists
103197,2024-10-11,447,2,612.11,2,2,2,Lost
103200,2025-11-29,33,18,8853.27,5,5,5,Champions
103201,2023-11-08,785,1,92.27,1,1,1,Lost
103202,2025-10-08,85,3,1452.16,4,3,4,Potential Loyalists
103203,2024-09-23,465,3,1013.59,2,3,3,Others
103204,2024-10-12,446,3,1169.72,2,3,3,Others
103205,2025-11-09,53,3,2583.31,4,3,4,Potential Loyalists
103207,2024-10-28,430,1,59.269999999999996,2,1,1,Lost
103208,2025-10-01,92,1,463.39,4,1,2,Potential Loyalists
103210,2023-05-04,973,1,228.75,1,1,1,Lost
103212,2025-09-04,119,5,492.46999999999997,4,4,2,Others
103214,2025-03-29,278,3,791.88,3,3,3,Others
103216,2025-07-09,176,6,5853.52,3,5,5,Loyal
103217,2023-08-07,878,1,108.82,1,1,1,Lost
103218,2025-11-12,50,3,972.1700000000001,4,3,3,Potential Loyalists
103219,2025-04-25,251,1,26.02,3,1,1,Others
103220,2025-12-02,30,3,2096.25,5,3,4,Potential Loyalists
103221,2025-07-16,169,2,163.07,3,2,1,Others
103222,2025-08-30,124,2,2114.48,4,2,4,Potential Loyalists
103223,2023-02-17,1049,2,411.69,1,2,2,Lost
103224,2025-10-09,84,11,2273.43,4,5,4,Champions
103225,2024-11-21,406,2,502.7,2,2,2,Lost
103229,2024-10-01,457,1,601.08,2,1,2,Lost
103230,2025-08-18,136,3,1739.52,3,3,4,Others
103231,2024-02-02,699,1,269.89,1,1,1,Lost
103232,2025-08-23,131,5,3178.13,3,4,5,Loyal
103233,2023-04-24,983,1,143.25,1,1,1,Lost
103234,2024-06-18,562,2,441.71000000000004,1,2,2,Lost
103235,2025-06-29,186,2,1165.95,3,2,3,Others
103237,2025-11-29,33,2,1185.94,5,2,3,Potential Loyalists
103239,2024-05-21,590,1,233.28,1,1,1,Lost
103240,2025-01-17,349,1,100.87,2,1,1,Lost
103241,2025-12-23,9,3,1254.45,5,3,3,Potential Loyalists
103242,2025-05-06,240,10,4016.68,3,5,5,Loyal
103243,2024-04-12,629,1,467.99,1,1,2,Lost
103245,2025-05-26,220,3,271.86,3,3,1,Others
103247,2024-11-12,415,5,1017.74,2,4,3,At Risk
103248,2025-10-12,81,3,1617.1100000000001,4,3,4,Potential Loyalists
103250,2025-12-09,23,4,753.42,5,4,3,Loyal
103251,2024-07-18,532,1,373.08,2,1,2,Lost
103252,2025-12-13,19,1,644.0,5,1,2,Potential Loyalists
103253,2025-12-28,4,8,3574.19,5,5,5,Champions
103254,2025-12-10,22,10,3618.89,5,5,5,Champions
103255,2025-09-24,99,1,278.88,4,1,1,Potential Loyalists
103256,2025-01-19,347,1,118.07,2,1,1,Lost
103257,2023-11-24,769,2,670.4200000000001,1,2,2,Lost
103258,2025-11-22,40,10,6644.73,5,5,5,Champions
103261,2025-10-29,64,1,15.7,4,1,1,Potential Loyalists
103262,2023-11-13,780,1,91.92,1,1,1,Lost
103263,2025-03-24,283,1,423.82,3,1,2,Others
103264,2025-12-31,1,6,1370.25,5,5,3,Loyal
103266,2024-11-27,400,1,139.5,2,1,1,Lost
103267,2025-09-22,101,3,534.51,4,3,2,Potential Loyalists
103268,2025-11-29,33,6,4239.43,5,5,5,Champions
103270,2024-12-13,384,3,648.4300000000001,2,3,2,Others
103272,2025-12-30,2,17,7915.2699999999995,5,5,5,Champions
103273,2025-09-30,93,6,2996.4,4,5,5,Champions
103274,2025-11-10,52,3,1270.0,4,3,3,Potential Loyalists
103275,2024-06-20,560,2,513.89,1,2,2,Lost
103276,2023-03-16,1022,1,168.39000000000001,1,1,1,Lost
103277,2025-12-01,31,3,703.45,5,3,2,Potential Loyalists
103278,2025-06-30,185,4,3932.55,3,4,5,Loyal
103281,2025-10-28,65,4,1934.1499999999999,4,4,4,Champions
103282,2024-12-22,375,2,706.13,2,2,2,Lost
103283,2025-02-20,315,2,440.57,2,2,2,Lost
103284,2024-09-21,467,2,2905.61,2,2,5,Lost
103286,2024-11-16,411,3,1144.46,2,3,3,Others
103289,2025-06-07,208,3,4173.34,3,3,5,Others
103290,2025-08-04,150,5,1655.34,3,4,4,Loyal
103291,2025-12-14,18,4,1772.21,5,4,4,Champions
103292,2023-11-28,765,1,53.47,1,1,1,Lost
103296,2025-12-03,29,10,4387.43,5,5,5,Champions
103297,2024-10-02,456,1,41.15,2,1,1,Lost
103298,2025-10-26,67,21,8788.51,4,5,5,Champions
103299,2025-12-05,27,3,1229.54,5,3,3,Potential Loyalists
103301,2023-07-20,896,1,141.53,1,1,1,Lost
103302,2024-09-21,467,1,352.09,2,1,2,Lost
103304,2025-12-08,24,4,3138.85,5,4,5,Champions
103305,2025-09-16,107,1,115.0,4,1,1,Potential Loyalists
103306,2025-07-13,172,4,968.39,3,4,3,Loyal
103307,2024-04-18,623,1,448.36,1,1,2,Lost
103308,2023-12-04,759,3,2408.35,1,3,4,Others
103309,2025-04-07,269,1,45.07,3,1,1,Others
103310,2025-03-26,281,3,1039.38,3,3,3,Others
103311,2024-09-25,463,5,1843.71,2,4,4,At Risk
103312,2024-12-09,388,5,3383.7,2,4,5,At Risk
103313,2024-11-11,416,2,178.18,2,2,1,Lost
103314,2025-12-08,24,7,2652.4700000000003,5,5,4,Champions
103315,2025-11-29,33,7,1620.7,5,5,4,Champions
103316,2023-09-25,829,1,1084.58,1,1,3,Lost
103319,2025-01-15,351,1,92.69,2,1,1,Lost
103320,2023-05-30,947,1,343.61,1,1,2,Lost
103322,2025-11-25,37,1,452.97,5,1,2,Potential Loyalists
103324,2025-03-28,279,2,161.8,3,2,1,Others
103325,2025-05-08,238,6,2441.88,3,5,4,Loyal
103326,2025-12-22,10,8,3932.8399999999997,5,5,5,Champions
103327,2025-12-16,16,3,780.95,5,3,3,Potential Loyalists
103328,2023-03-09,1029,1,134.64,1,1,1,Lost
103329,2025-05-11,235,6,3495.77,3,5,5,Loyal
103331,2025-11-13,49,3,2016.1499999999999,4,3,4,Potential Loyalists
103332,2023-10-27,797,1,88.43,1,1,1,Lost
103333,2025-11-18,44,3,342.49,4,3,2,Potential Loyalists
103334,2025-01-30,336,1,328.87,2,1,2,Lost
103335,2025-12-16,16,7,1124.81,5,5,3,Loyal
103337,2024-12-09,388,1,48.06,2,1,1,Lost
103338,2023-09-17,837,1,161.44,1,1,1,Lost
103340,2025-04-05,271,5,2904.2799999999997,3,4,5,Loyal
103342,2024-11-28,399,2,186.48000000000002,2,2,1,Lost
103343,2025-07-23,162,4,2635.6600000000003,3,4,4,Loyal
103344,2025-12-28,4,6,1411.39,5,5,4,Champions
103345,2025-10-16,77,16,10139.55,4,5,5,Champions
103346,2024-03-02,670,1,560.07,1,1,2,Lost
103347,2024-12-24,373,3,1013.51,2,3,3,Others
103348,2023-02-17,1049,1,48.14,1,1,1,Lost
103349,2025-12-27,5,16,7312.5,5,5,5,Champions
103350,2024-06-23,557,3,1179.9499999999998,1,3,3,Others
103351,2024-08-01,518,4,1677.84,2,4,4,At Risk
103352,2025-11-10,52,3,560.68,4,3,2,Potential Loyalists
103354,2025-12-07,25,19,8197.14,5,5,5,Champions
103355,2025-10-28,65,3,2041.7,4,3,4,Potential Loyalists
103357,2025-11-29,33,8,2732.61,5,5,5,Champions
103359,2023-08-18,867,1,818.11,1,1,3,Lost
103360,2025-12-30,2,4,2111.74,5,4,4,Champions
103361,2025-02-16,319,1,270.93,2,1,1,Lost
103363,2025-07-18,167,7,3673.34,3,5,5,Loyal
103364,2024-11-25,402,1,617.41,2,1,2,Lost
103366,2025-11-17,45,9,4860.42,4,5,5,Champions
103367,2024-11-29,398,1,1572.32,2,1,4,Lost
103370,2025-12-19,13,4,919.25,5,4,3,Loyal
103373,2024-12-30,367,3,607.63,2,3,2,Others
103374,2025-05-05,241,1,480.85,3,1,2,Others
103376,2023-12-26,737,1,915.4,1,1,3,Lost
103382,2025-05-24,222,3,2226.29,3,3,4,Others
103383,2025-03-14,293,2,363.85,2,2,2,Lost
103384,2024-01-08,724,1,403.58000000000004,1,1,2,Lost
103385,2025-08-04,150,17,7671.37,3,5,5,Loyal
103386,2025-07-29,156,5,1289.26,3,4,3,Loyal
103387,2025-03-25,282,4,673.89,3,4,2,Others
103388,2025-03-12,295,2,315.43,2,2,2,Lost
103390,2023-03-02,1036,1,23.6,1,1,1,Lost
103391,2025-10-19,74,5,2531.77,4,4,4,Champions
103392,2024-06-06,574,2,763.8199999999999,1,2,3,Lost
103394,2025-11-26,36,11,4721.95,5,5,5,Champions
103395,2023-12-30,733,1,187.78,1,1,1,Lost
103396,2025-10-30,63,6,2567.09,4,5,4,Champions
103397,2024-09-12,476,1,44.73,2,1,1,Lost
103398,2025-11-20,42,5,3037.46,4,4,5,Champions
103401,2025-09-18,105,6,3819.42,4,5,5,Champions
103402,2025-08-07,147,6,1766.79,3,5,4,Loyal
103404,2024-12-17,380,2,496.85,2,2,2,Lost
103405,2024-06-16,564,2,912.83,1,2,3,Lost
103406,2025-11-20,42,3,693.25,4,3,2,Potential Loyalists
103407,2025-11-11,51,3,231.44,4,3,1,Potential Loyalists
103408,2025-12-03,29,7,4716.04,5,5,5,Champions
103409,2025-11-16,46,2,727.8100000000001,4,2,2,Potential Loyalists
103411,2025-04-02,274,5,2692.3199999999997,3,4,5,Loyal
103412,2025-06-27,188,2,466.71000000000004,3,2,2,Others
103413,2025-10-25,68,4,3116.6899999999996,4,4,5,Champions
103414,2024-10-01,457,1,176.14,2,1,1,Lost
103416,2025-12-30,2,10,4861.18,5,5,5,Champions
103417,2025-12-25,7,4,1162.43,5,4,3,Loyal
103418,2025-09-29,94,3,893.94,4,3,3,Potential Loyalists
103419,2025-04-13,263,5,2795.79,3,4,5,Loyal
103420,2023-11-24,769,1,338.17999999999995,1,1,2,Lost
103421,2025-05-06,240,1,666.46,3,1,2,Others
103423,2024-07-05,545,2,561.21,1,2,2,Lost
103424,2024-12-01,396,2,1394.48,2,2,3,Lost
103426,2025-09-04,119,7,2652.7,4,5,4,Champions
103427,2025-09-01,122,6,2025.1799999999998,4,5,4,Champions
103429,2025-11-10,52,7,4189.86,4,5,5,Champions
103430,2023-12-23,740,1,97.03,1,1,1,Lost
103433,2025-09-17,106,2,860.4399999999999,4,2,3,Potential Loyalists
103434,2025-02-24,311,2,1460.38,2,2,4,Lost
103436,2025-11-12,50,3,236.93,4,3,1,Potential Loyalists
103438,2025-01-12,354,3,2878.06,2,3,5,Others
103440,2025-12-10,22,5,1871.81,5,4,4,Champions
103441,2024-12-02,395,1,401.31,2,1,2,Lost
103442,2025-02-04,331,3,168.48000000000002,2,3,1,Others
103443,2024-05-22,589,1,487.51,1,1,2,Lost
103444,2023-12-25,738,2,589.5699999999999,1,2,2,Lost
103445,2023-06-12,934,1,76.06,1,1,1,Lost
103446,2025-11-08,54,6,2432.61,4,5,4,Champions
103448,2025-01-22,344,2,455.9,2,2,2,Lost
103450,2025-12-17,15,7,5180.11,5,5,5,Champions
103451,2025-12-05,27,21,13248.15,5,5,5,Champions
103452,2025-06-26,189,3,435.89,3,3,2,Others
103453,2025-11-11,51,8,2983.89,4,5,5,Champions
103455,2025-04-15,261,5,2965.69,3,4,5,Loyal
103456,2024-12-17,380,3,356.61,2,3,2,Others
103457,2025-07-16,169,2,1034.88,3,2,3,Others
103458,2025-12-20,12,3,1543.06,5,3,4,Potential Loyalists
103459,2024-02-20,681,1,886.62,1,1,3,Lost
103460,2023-12-05,758,1,654.98,1,1,2,Lost
103461,2023-09-28,826,1,36.14,1,1,1,Lost
103462,2025-12-20,12,7,3549.39,5,5,5,Champions
103463,2025-12-03,29,7,2416.18,5,5,4,Champions
103464,2025-02-17,318,1,620.18,2,1,2,Lost
103465,2025-12-22,10,5,1515.95,5,4,4,Champions
103466,2025-08-26,128,1,547.84,4,1,2,Potential Loyalists
103467,2025-11-08,54,6,6398.610000000001,4,5,5,Champions
103468,2025-11-11,51,2,513.08,4,2,2,Potential Loyalists
103469,2025-12-06,26,12,3391.86,5,5,5,Champions
103470,2023-08-12,873,2,536.14,1,2,2,Lost
103472,2023-08-09,876,2,2749.0,1,2,5,Lost
103473,2025-10-05,88,4,3072.78,4,4,5,Champions
103474,2024-11-02,425,3,965.6999999999999,2,3,3,Others
103475,2023-12-09,754,1,98.67,1,1,1,Lost
103476,2025-10-17,76,3,1461.77,4,3,4,Potential Loyalists
103477,2024-05-21,590,2,645.15,1,2,2,Lost
103478,2025-06-05,210,5,2795.0299999999997,3,4,5,Loyal
103479,2025-11-21,41,14,5984.05,5,5,5,Champions
103481,2024-12-30,367,1,117.81,2,1,1,Lost
103483,2025-06-12,203,3,930.49,3,3,3,Others
103485,2025-08-05,149,1,440.26,3,1,2,Others
103486,2025-04-18,258,2,270.26,3,2,1,Others
103487,2025-12-03,29,1,99.74000000000001,5,1,1,Potential Loyalists
103488,2025-12-10,22,3,2321.3900000000003,5,3,4,Potential Loyalists
103489,2023-11-18,775,3,1782.99,1,3,4,Others
103490,2025-05-27,219,5,1112.2,3,4,3,Loyal
103491,2025-11-03,59,6,3589.74,4,5,5,Champions
103493,2025-08-25,129,2,3371.13,3,2,5,Others
103494,2025-11-01,61,6,1463.81,4,5,4,Champions
103495,2025-12-08,24,5,1543.79,5,4,4,Champions
103496,2023-01-11,1086,1,50.57,1,1,1,Lost
103497,2025-11-19,43,5,600.8299999999999,4,4,2,Others
103500,2024-11-02,425,1,94.35000000000001,2,1,1,Lost
103502,2025-10-20,73,11,5436.27,4,5,5,Champions
103503,2025-09-17,106,8,3127.52,4,5,5,Champions
103504,2025-09-04,119,1,581.46,4,1,2,Potential Loyalists
103508,2025-10-04,89,2,5779.61,4,2,5,Potential Loyalists
103509,2025-04-14,262,1,190.2,3,1,1,Others
103510,2025-12-08,24,4,791.5699999999999,5,4,3,Loyal
103512,2024-03-06,666,1,164.78,1,1,1,Lost
103513,2025-12-28,4,4,1374.37,5,4,3,Loyal
103514,2024-11-14,413,2,140.49,2,2,1,Lost
103516,2025-05-12,234,6,1334.98,3,5,3,Loyal
103517,2023-12-31,732,1,740.54,1,1,3,Lost
103518,2024-04-22,619,1,497.59,1,1,2,Lost
103519,2024-11-26,401,5,1272.73,2,4,3,At Risk
103521,2023-05-10,967,1,103.21,1,1,1,Lost
103522,2025-12-29,3,2,362.18,5,2,2,Potential Loyalists
103523,2025-09-09,114,1,569.21,4,1,2,Potential Loyalists
103524,2023-10-15,809,3,2613.1,1,3,4,Others
103526,2024-04-12,629,1,117.52000000000001,1,1,1,Lost
103530,2023-12-02,761,1,2341.04,1,1,4,Lost
103531,2025-12-24,8,2,1899.0900000000001,5,2,4,Potential Loyalists
103532,2025-07-18,167,1,517.05,3,1,2,Others
103533,2024-06-30,550,1,412.95,1,1,2,Lost
103534,2025-11-18,44,5,938.77,4,4,3,Loyal
103536,2024-07-24,526,1,365.33,2,1,2,Lost
103537,2025-09-05,118,4,2284.06,4,4,4,Champions
103538,2024-08-31,488,1,39.57,2,1,1,Lost
103539,2025-08-15,139,4,1359.84,3,4,3,Loyal
103540,2025-11-16,46,4,1146.89,4,4,3,Loyal
103541,2025-12-30,2,7,1876.3600000000001,5,5,4,Champions
103542,2025-12-24,8,3,2580.9,5,3,4,Potential Loyalists
103545,2025-05-02,244,3,2096.9,3,3,4,Others
103546,2025-12-09,23,3,696.61,5,3,2,Potential Loyalists
103547,2025-04-02,274,5,1835.71,3,4,4,Loyal
103549,2025-04-25,251,1,190.41,3,1,1,Others
103550,2025-12-10,22,4,362.59000000000003,5,4,2,Others
103551,2025-12-08,24,4,336.15,5,4,2,Others
103552,2024-11-23,404,3,508.28999999999996,2,3,2,Others
103554,2023-11-13,780,2,209.97,1,2,1,Lost
103555,2025-06-01,214,1,114.53999999999999,3,1,1,Others
103556,2025-05-24,222,1,877.4599999999999,3,1,3,Others
103557,2023-03-27,1011,1,687.8299999999999,1,1,2,Lost
103558,2025-10-28,65,15,6880.74,4,5,5,Champions
103559,2024-11-17,410,4,1315.64,2,4,3,At Risk
103560,2024-05-28,583,1,153.04000000000002,1,1,1,Lost
103562,2025-12-22,10,3,1051.8899999999999,5,3,3,Potential Loyalists
103564,2025-05-30,216,3,731.34,3,3,3,Others
103565,2025-08-06,148,10,5940.44,3,5,5,Loyal
103566,2024-01-22,710,2,1783.66,1,2,4,Lost
103567,2025-03-21,286,1,398.09,2,1,2,Lost
103568,2025-04-26,250,2,398.18000000000006,3,2,2,Others
103570,2025-04-13,263,2,2322.9700000000003,3,2,4,Others
103571,2025-12-05,27,4,2128.95,5,4,4,Champions
103572,2024-11-28,399,4,3781.1200000000003,2,4,5,At Risk
103574,2025-10-12,81,4,1828.52,4,4,4,Champions
103577,2025-07-26,159,5,5540.45,3,4,5,Loyal
103578,2023-11-10,783,1,112.18,1,1,1,Lost
103579,2025-09-17,106,1,1451.85,4,1,4,Potential Loyalists
103582,2024-01-24,708,2,3512.44,1,2,5,Lost
103584,2025-12-26,6,27,10154.69,5,5,5,Champions
103585,2023-10-24,800,2,644.0500000000001,1,2,2,Lost
103586,2025-11-29,33,4,1697.29,5,4,4,Champions
103587,2025-11-28,34,7,2049.98,5,5,4,Champions
103588,2025-12-19,13,5,2461.6400000000003,5,4,4,Champions
103590,2025-08-10,144,2,992.5,3,2,3,Others
103591,2024-11-16,411,2,73.56,2,2,1,Lost
103592,2025-04-06,270,3,740.06,3,3,3,Others
103593,2025-09-29,94,2,657.0,4,2,2,Potential Loyalists
103595,2025-08-07,147,3,2739.06,3,3,5,Others
103597,2024-06-10,570,5,1489.1899999999998,1,4,4,At Risk
103598,2023-11-02,791,2,550.37,1,2,2,Lost
103599,2025-11-02,60,8,1724.08,4,5,4,Champions
103600,2023-06-01,945,1,2008.26,1,1,4,Lost
103601,2023-08-23,862,2,306.21000000000004,1,2,2,Lost
103602,2025-01-05,361,2,2166.4300000000003,2,2,4,Lost
103605,2025-06-07,208,3,1254.17,3,3,3,Others
103607,2024-10-26,432,3,855.36,2,3,3,Others
103609,2024-10-08,450,2,2716.8799999999997,2,2,5,Lost
103610,2023-12-21,742,3,1829.96,1,3,4,Others
103611,2024-10-27,431,1,587.07,2,1,2,Lost
103612,2025-01-27,339,2,415.05,2,2,2,Lost
103616,2025-10-31,62,6,4484.87,4,5,5,Champions
103617,2025-04-05,271,2,1090.09,3,2,3,Others
103618,2025-11-12,50,13,3069.07,4,5,5,Champions
103619,2024-06-24,556,1,193.11,1,1,1,Lost
103620,2024-10-19,439,1,69.2,2,1,1,Lost
103621,2025-12-24,8,2,1009.7,5,2,3,Potential Loyalists
103622,2025-11-16,46,8,2937.34,4,5,5,Champions
103623,2025-10-05,88,3,935.61,4,3,3,Potential Loyalists
103625,2025-12-21,11,12,6066.73,5,5,5,Champions
103626,2025-11-26,36,10,4401.69,5,5,5,Champions
103627,2025-12-17,15,8,3251.92,5,5,5,Champions
103628,2023-04-11,996,1,382.94,1,1,2,Lost
103629,2025-09-06,117,1,882.54,4,1,3,Potential Loyalists
103630,2025-08-06,148,7,2211.55,3,5,4,Loyal
103633,2025-08-06,148,3,2657.66,3,3,5,Others
103634,2025-12-25,7,9,3772.99,5,5,5,Champions
103636,2025-04-21,255,10,3843.49,3,5,5,Loyal
103637,2023-07-24,892,1,408.67,1,1,2,Lost
103638,2025-03-26,281,3,2302.09,3,3,4,Others
103639,2025-10-11,82,5,3524.79,4,4,5,Champions
103640,2025-08-12,142,2,195.29999999999998,3,2,1,Others
103641,2025-08-30,124,5,4387.75,4,4,5,Champions
103642,2024-09-13,475,1,1579.02,2,1,4,Lost
103643,2025-12-28,4,8,3240.25,5,5,5,Champions
103644,2025-07-05,180,9,3921.6800000000003,3,5,5,Loyal
103645,2024-12-03,394,2,168.17000000000002,2,2,1,Lost
103646,2024-10-23,435,1,1381.29,2,1,3,Lost
103649,2023-11-26,767,2,1582.81,1,2,4,Lost
103651,2023-06-15,931,1,754.9000000000001,1,1,3,Lost
103652,2025-12-06,26,5,1758.93,5,4,4,Champions
103653,2025-11-20,42,1,107.27,4,1,1,Potential Loyalists
103654,2025-04-27,249,2,489.20000000000005,3,2,2,Others
103655,2023-03-11,1027,1,423.56,1,1,2,Lost
103657,2025-12-17,15,5,3876.42,5,4,5,Champions
103658,2024-11-29,398,1,98.04,2,1,1,Lost
103659,2025-03-01,306,2,450.23,2,2,2,Lost
103660,2023-05-17,960,1,36.76,1,1,1,Lost
103661,2025-06-22,193,4,1864.44,3,4,4,Loyal
103662,2024-09-01,487,1,976.89,2,1,3,Lost
103664,2025-12-13,19,4,2060.3,5,4,4,Champions
103665,2025-08-24,130,10,7200.61,3,5,5,Loyal
103666,2025-12-25,7,3,1934.62,5,3,4,Potential Loyalists
103667,2025-07-06,179,2,497.55,3,2,2,Others
103669,2025-07-24,161,3,1265.8000000000002,3,3,3,Others
103670,2025-07-19,166,3,2482.0499999999997,3,3,4,Others
103671,2025-08-12,142,2,152.76,3,2,1,Others
103672,2024-07-14,536,1,124.39,1,1,1,Lost
103673,2025-12-19,13,21,8069.36,5,5,5,Champions
103674,2025-03-01,306,2,345.55,2,2,2,Lost
103676,2025-09-02,121,1,158.53,4,1,1,Potential Loyalists
103678,2025-04-19,257,4,996.0899999999999,3,4,3,Loyal
103679,2025-01-31,335,6,1952.74,2,5,4,At Risk
103680,2023-12-02,761,1,124.97999999999999,1,1,1,Lost
103681,2023-06-01,945,1,84.43,1,1,1,Lost
103682,2025-10-21,72,3,162.77,4,3,1,Potential Loyalists
103683,2025-12-31,1,11,5249.17,5,5,5,Champions
103684,2025-08-02,152,4,774.27,3,4,3,Loyal
103685,2025-12-07,25,8,6347.97,5,5,5,Champions
103687,2025-07-20,165,7,2130.2999999999997,3,5,4,Loyal
103688,2025-12-30,2,4,943.0699999999999,5,4,3,Loyal
103689,2023-06-14,932,1,16.54,1,1,1,Lost
103690,2025-10-21,72,9,5337.38,4,5,5,Champions
103692,2025-12-09,23,7,2394.14,5,5,4,Champions
103693,2023-01-05,1092,1,574.75,1,1,2,Lost
103694,2025-10-18,75,8,3170.82,4,5,5,Champions
103697,2024-09-19,469,1,1154.04,2,1,3,Lost
103698,2023-10-27,797,1,1443.88,1,1,4,Lost
103699,2025-01-22,344,2,479.88,2,2,2,Lost
103700,2025-06-16,199,3,795.2,3,3,3,Others
103701,2025-07-20,165,6,3953.0,3,5,5,Loyal
103703,2025-07-04,181,4,1280.57,3,4,3,Loyal
103704,2024-01-10,722,1,195.48999999999998,1,1,1,Lost
103705,2025-07-28,157,2,1431.8999999999999,3,2,4,Others
103706,2025-06-16,199,2,131.59,3,2,1,Others
103707,2025-10-16,77,4,3955.44,4,4,5,Champions
103708,2023-10-23,801,1,78.99000000000001,1,1,1,Lost
103709,2025-03-22,285,3,229.2,2,3,1,Others
103710,2025-10-20,73,1,330.1,4,1,2,Potential Loyalists
103711,2025-01-04,362,2,713.47,2,2,2,Lost
103712,2025-11-16,46,7,2109.44,4,5,4,Champions
103713,2025-03-03,304,8,2276.54,2,5,4,At Risk
103714,2024-05-17,594,2,794.9399999999999,1,2,3,Lost
103715,2025-11-18,44,6,3894.03,4,5,5,Champions
103716,2025-09-24,99,3,1481.3,4,3,4,Potential Loyalists
103717,2025-12-14,18,2,385.88,5,2,2,Potential Loyalists
103718,2025-03-09,298,2,929.1,2,2,3,Lost
103719,2024-12-21,376,1,99.33,2,1,1,Lost
103720,2023-12-10,753,1,557.6999999999999,1,1,2,Lost
103721,2025-09-25,98,5,5457.92,4,4,5,Champions
103723,2025-12-01,31,3,2561.12,5,3,4,Potential Loyalists
103724,2025-12-15,17,8,2601.79,5,5,4,Champions
103726,2025-07-02,183,6,3025.07,3,5,5,Loyal
103728,2025-11-27,35,3,1909.75,5,3,4,Potential Loyalists
103729,2025-05-31,215,5,7450.8099999999995,3,4,5,Loyal
103730,2025-08-16,138,2,548.89,3,2,2,Others
103732,2025-05-26,220,5,2191.96,3,4,4,Loyal
103733,2024-10-10,448,2,819.2,2,2,3,Lost
103734,2025-12-29,3,2,731.97,5,2,3,Potential Loyalists
103736,2025-03-15,292,1,1069.97,2,1,3,Lost
103737,2025-10-05,88,4,2476.8,4,4,4,Champions
103738,2025-12-31,1,30,13213.39,5,5,5,Champions
103739,2023-08-10,875,2,745.8299999999999,1,2,3,Lost
103740,2025-09-11,112,3,2873.99,4,3,5,Potential Loyalists
103743,2023-04-06,1001,1,683.51,1,1,2,Lost
103744,2024-10-18,440,2,368.51,2,2,2,Lost
103745,2025-04-09,267,1,107.46,3,1,1,Others
103746,2025-03-05,302,2,446.32,2,2,2,Lost
103748,2025-12-22,10,6,2100.3999999999996,5,5,4,Champions
103749,2025-12-17,15,9,5405.7,5,5,5,Champions
103750,2024-04-04,637,1,314.27,1,1,2,Lost
103751,2025-07-13,172,1,66.18,3,1,1,Others
103752,2025-10-29,64,6,3116.53,4,5,5,Champions
103753,2024-11-04,423,4,1625.5900000000001,2,4,4,At Risk
103754,2025-06-14,201,1,63.2,3,1,1,Others
103756,2025-02-14,321,5,5090.64,2,4,5,At Risk
103757,2025-06-11,204,4,622.14,3,4,2,Others
103759,2025-11-30,32,2,1057.48,5,2,3,Potential Loyalists
103761,2024-05-26,585,3,1219.15,1,3,3,Others
103762,2023-03-07,1031,1,179.68,1,1,1,Lost
103765,2025-05-01,245,3,520.86,3,3,2,Others
103766,2023-08-31,854,1,24.35,1,1,1,Lost
103769,2024-07-31,519,2,161.11999999999998,2,2,1,Lost
103770,2024-10-07,451,2,731.87,2,2,3,Lost
103772,2025-08-08,146,1,692.74,3,1,2,Others
103773,2024-11-11,416,2,187.21,2,2,1,Lost
103775,2025-11-09,53,5,1615.12,4,4,4,Champions
103776,2024-09-25,463,1,1264.24,2,1,3,Lost
103777,2025-05-03,243,2,981.04,3,2,3,Others
103778,2024-05-25,586,1,499.19,1,1,2,Lost
103779,2025-12-28,4,5,1606.0900000000001,5,4,4,Champions
103781,2025-11-06,56,7,2277.14,4,5,4,Champions
103782,2025-10-24,69,2,298.74,4,2,2,Potential Loyalists
103784,2025-11-10,52,4,2024.16,4,4,4,Champions
103785,2025-12-01,31,4,3437.06,5,4,5,Champions
103786,2025-12-08,24,4,680.4399999999999,5,4,2,Others
103787,2025-08-12,142,6,2058.4700000000003,3,5,4,Loyal
103788,2024-05-29,582,2,394.66999999999996,1,2,2,Lost
103789,2025-09-02,121,5,1997.78,4,4,4,Champions
103790,2023-09-07,847,1,199.28,1,1,1,Lost
103791,2025-12-26,6,4,2174.38,5,4,4,Champions
103794,2024-06-18,562,1,25.65,1,1,1,Lost
103797,2025-11-06,56,7,4982.06,4,5,5,Champions
103798,2025-09-29,94,6,2574.0,4,5,4,Champions
103799,2025-02-23,312,2,1142.58,2,2,3,Lost
103800,2025-08-03,151,4,3192.7999999999997,3,4,5,Loyal
103802,2024-08-06,513,1,140.82999999999998,2,1,1,Lost
103803,2024-05-24,587,1,61.15,1,1,1,Lost
103804,2025-08-01,153,2,2640.98,3,2,4,Others
103805,2025-07-24,161,1,587.36,3,1,2,Others
103806,2025-03-11,296,7,1436.94,2,5,4,At Risk
103807,2024-06-12,568,1,21.04,1,1,1,Lost
103808,2025-08-07,147,3,812.31,3,3,3,Others
103809,2025-12-09,23,14,7434.04,5,5,5,Champions
103810,2025-08-15,139,13,10095.75,3,5,5,Loyal
103811,2024-08-17,502,5,1811.8899999999999,2,4,4,At Risk
103812,2025-12-13,19,16,6350.24,5,5,5,Champions
103814,2024-12-15,382,1,45.12,2,1,1,Lost
103815,2023-12-26,737,1,531.67,1,1,2,Lost
103816,2025-11-14,48,3,463.76,4,3,2,Potential Loyalists
103817,2025-08-22,132,1,1159.16,3,1,3,Others
103818,2025-05-27,219,2,317.65999999999997,3,2,2,Others
103819,2024-03-08,664,4,1354.92,1,4,3,At Risk
103820,2024-05-25,586,1,24.12,1,1,1,Lost
103822,2025-10-09,84,6,1805.74,4,5,4,Champions
103825,2024-05-09,602,1,34.03,1,1,1,Lost
103826,2025-09-06,117,2,900.53,4,2,3,Potential Loyalists
103827,2025-08-01,153,2,238.49,3,2,1,Others
103828,2023-04-16,991,1,1382.28,1,1,3,Lost
103829,2025-07-15,170,2,791.14,3,2,3,Others
103831,2023-01-10,1087,1,682.14,1,1,2,Lost
103832,2023-09-24,830,2,1486.55,1,2,4,Lost
103834,2025-03-03,304,3,914.1700000000001,2,3,3,Others
103835,2024-11-19,408,2,143.21,2,2,1,Lost
103836,2025-10-25,68,1,60.41,4,1,1,Potential Loyalists
103837,2025-10-18,75,4,1991.17,4,4,4,Champions
103838,2025-03-12,295,4,3400.37,2,4,5,At Risk
103839,2023-09-10,844,1,665.9100000000001,1,1,2,Lost
103840,2025-08-22,132,4,2966.86,3,4,5,Loyal
103841,2025-12-25,7,3,1030.81,5,3,3,Potential Loyalists
103842,2024-09-13,475,3,1431.48,2,3,4,Others
103844,2024-12-26,371,2,481.52,2,2,2,Lost
103847,2025-12-16,16,1,643.27,5,1,2,Potential Loyalists
103848,2023-03-06,1032,1,235.5,1,1,1,Lost
103849,2024-06-11,569,1,43.12,1,1,1,Lost
103850,2025-05-05,241,1,510.71999999999997,3,1,2,Others
103851,2024-12-05,392,1,151.82,2,1,1,Lost
103852,2025-12-02,30,11,9416.16,5,5,5,Champions
103854,2023-12-25,738,1,110.87,1,1,1,Lost
103855,2024-11-11,416,3,404.14,2,3,2,Others
103856,2024-09-10,478,1,356.59,2,1,2,Lost
103857,2025-09-29,94,1,1327.4999999999998,4,1,3,Potential Loyalists
103858,2025-12-11,21,2,887.29,5,2,3,Potential Loyalists
103859,2023-06-05,941,1,343.14,1,1,2,Lost
103860,2025-12-17,15,2,698.64,5,2,2,Potential Loyalists
103861,2025-11-04,58,1,27.95,4,1,1,Potential Loyalists
103862,2025-12-15,17,6,1643.21,5,5,4,Champions
103863,2025-12-16,16,1,253.36,5,1,1,Potential Loyalists
103864,2025-04-06,270,3,2145.56,3,3,4,Others
103865,2023-01-04,1093,1,268.37,1,1,1,Lost
103866,2025-07-22,163,5,1417.57,3,4,4,Loyal
103867,2025-05-09,237,3,719.03,3,3,2,Others
103868,2024-12-05,392,1,522.5,2,1,2,Lost
103869,2025-12-02,30,16,7658.72,5,5,5,Champions
103870,2024-12-30,367,2,778.54,2,2,3,Lost
103871,2025-10-31,62,13,8952.17,4,5,5,Champions
103872,2025-08-23,131,3,852.22,3,3,3,Others
103874,2024-06-11,569,2,562.89,1,2,2,Lost
103876,2025-08-05,149,1,2736.34,3,1,5,Others
103877,2025-08-29,125,4,2746.44,4,4,5,Champions
103878,2025-10-30,63,9,4500.26,4,5,5,Champions
103879,2024-03-07,665,1,299.41999999999996,1,1,2,Lost
103880,2024-04-01,640,2,2289.31,1,2,4,Lost
103881,2024-08-21,498,3,1856.36,2,3,4,Others
103882,2025-11-28,34,6,2263.3799999999997,5,5,4,Champions
103883,2025-02-06,329,1,173.62,2,1,1,Lost
103884,2024-12-05,392,3,982.2,2,3,3,Others
103886,2025-12-31,1,12,3486.4700000000003,5,5,5,Champions
103887,2025-12-23,9,14,7213.610000000001,5,5,5,Champions
103888,2025-11-17,45,3,436.51,4,3,2,Potential Loyalists
103889,2025-12-19,13,2,1567.39,5,2,4,Potential Loyalists
103890,2024-04-07,634,2,3080.02,1,2,5,Lost
103891,2025-12-26,6,9,5266.1,5,5,5,Champions
103892,2025-11-07,55,2,308.07,4,2,2,Potential Loyalists
103895,2023-10-10,814,1,131.67,1,1,1,Lost
103896,2025-03-25,282,1,339.0,3,1,2,Others
103897,2024-10-31,427,2,912.77,2,2,3,Lost
103901,2023-09-27,827,1,454.90999999999997,1,1,2,Lost
103902,2024-09-08,480,1,72.34,2,1,1,Lost
103904,2025-11-22,40,6,4416.95,5,5,5,Champions
103905,2025-10-02,91,4,670.8,4,4,2,Others
103907,2025-11-22,40,7,1669.16,5,5,4,Champions
103908,2023-09-21,833,1,231.3,1,1,1,Lost
103909,2025-04-11,265,3,1461.07,3,3,4,Others
103911,2024-08-10,509,1,48.05,2,1,1,Lost
103912,2024-09-18,470,5,2427.0699999999997,2,4,4,At Risk
103913,2024-01-14,718,1,54.5,1,1,1,Lost
103914,2025-09-15,108,4,1135.48,4,4,3,Loyal
103915,2025-10-07,86,3,2193.8,4,3,4,Potential Loyalists
103917,2023-01-04,1093,1,92.06,1,1,1,Lost
103918,2025-11-21,41,13,5676.3,5,5,5,Champions
103919,2025-06-04,211,3,746.9300000000001,3,3,3,Others
103920,2025-03-09,298,2,574.2,2,2,2,Lost
103921,2025-12-29,3,3,260.98,5,3,1,Potential Loyalists
103922,2023-09-27,827,1,373.53,1,1,2,Lost
103923,2024-09-18,470,1,1070.87,2,1,3,Lost
103924,2025-12-14,18,1,48.69,5,1,1,Potential Loyalists
103925,2025-09-18,105,1,164.81,4,1,1,Potential Loyalists
103926,2024-12-09,388,1,562.5799999999999,2,1,2,Lost
103928,2024-07-07,543,2,1021.49,1,2,3,Lost
103930,2025-12-22,10,16,6364.280000000001,5,5,5,Champions
103931,2025-11-26,36,3,446.03,5,3,2,Potential Loyalists
103932,2025-08-08,146,4,1127.66,3,4,3,Loyal
103933,2023-07-09,907,1,40.18,1,1,1,Lost
103934,2025-01-13,353,4,3105.87,2,4,5,At Risk
103936,2025-12-16,16,14,5869.27,5,5,5,Champions
103937,2025-08-17,137,5,1683.5900000000001,3,4,4,Loyal
103939,2024-08-24,495,2,129.35,2,2,1,Lost
103940,2024-01-01,731,2,1577.5,1,2,4,Lost
103941,2025-08-04,150,2,288.82,3,2,1,Others
103942,2024-11-22,405,5,1587.8600000000001,2,4,4,At Risk
103943,2025-07-11,174,1,131.29,3,1,1,Others
103944,2023-04-18,989,1,1229.81,1,1,3,Lost
103946,2025-08-17,137,4,790.14,3,4,3,Loyal
103947,2024-07-17,533,3,261.33,2,3,1,Others
103949,2025-12-31,1,2,157.79000000000002,5,2,1,Potential Loyalists
103950,2025-06-27,188,3,780.5699999999999,3,3,3,Others
103951,2024-11-18,409,3,2097.58,2,3,4,Others
103952,2025-12-27,5,2,557.5600000000001,5,2,2,Potential Loyalists
103953,2023-02-17,1049,1,367.03,1,1,2,Lost
103954,2024-09-04,484,1,836.24,2,1,3,Lost
103955,2025-04-21,255,3,1315.48,3,3,3,Others
103956,2025-12-11,21,2,209.42000000000002,5,2,1,Potential Loyalists
103958,2024-01-04,728,1,615.96,1,1,2,Lost
103959,2025-05-17,229,4,693.23,3,4,2,Others
103960,2025-08-30,124,3,371.04,4,3,2,Potential Loyalists
103961,2025-12-02,30,3,458.36,5,3,2,Potential Loyalists
103962,2025-12-02,30,14,6300.34,5,5,5,Champions
103964,2025-04-30,246,2,1333.0700000000002,3,2,3,Others
103965,2024-03-25,647,2,228.99,1,2,1,Lost
103966,2025-11-29,33,10,3519.7200000000003,5,5,5,Champions
103967,2025-09-10,113,1,248.38,4,1,1,Potential Loyalists
103969,2023-11-23,770,1,96.45,1,1,1,Lost
103970,2025-11-26,36,7,3912.06,5,5,5,Champions
103971,2025-03-22,285,1,84.65,2,1,1,Lost
103972,2024-04-13,628,1,1442.13,1,1,4,Lost
103974,2025-12-23,9,9,5448.65,5,5,5,Champions
103975,2024-02-15,686,1,1065.28,1,1,3,Lost
103976,2025-12-31,1,5,1789.55,5,4,4,Champions
103978,2023-07-19,897,1,76.86,1,1,1,Lost
103979,2024-11-17,410,2,717.69,2,2,2,Lost
103980,2025-06-25,190,6,2606.8,3,5,4,Loyal
103983,2025-11-17,45,3,1191.21,4,3,3,Potential Loyalists
103986,2025-12-30,2,4,1504.8500000000001,5,4,4,Champions
103988,2025-12-11,21,4,1783.94,5,4,4,Champions
103990,2025-06-17,198,3,669.84,3,3,2,Others
103992,2025-08-10,144,6,1631.07,3,5,4,Loyal
103994,2025-08-22,132,2,1309.31,3,2,3,Others
103996,2025-10-17,76,4,1042.1399999999999,4,4,3,Loyal
103998,2024-01-24,708,3,2579.5200000000004,1,3,4,Others
104001,2025-04-19,257,5,1283.79,3,4,3,Loyal
104002,2024-09-23,465,1,1392.08,2,1,3,Lost
104003,2024-12-25,372,3,1244.22,2,3,3,Others
104005,2025-12-23,9,37,16450.3,5,5,5,Champions
104006,2024-11-25,402,4,1153.1599999999999,2,4,3,At Risk
104007,2025-11-12,50,19,8781.7,4,5,5,Champions
104008,2025-12-30,2,3,1095.24,5,3,3,Potential Loyalists
104009,2025-09-10,113,2,696.46,4,2,2,Potential Loyalists
104010,2025-05-19,227,2,666.61,3,2,2,Others
104011,2025-01-14,352,2,1970.3000000000002,2,2,4,Lost
104012,2025-11-04,58,6,1505.8799999999999,4,5,4,Champions
104014,2023-10-22,802,1,302.70000000000005,1,1,2,Lost
104015,2023-01-16,1081,1,200.26999999999998,1,1,1,Lost
104016,2025-08-01,153,2,444.39,3,2,2,Others
104017,2025-09-14,109,8,3213.74,4,5,5,Champions
104018,2025-01-03,363,1,122.97999999999999,2,1,1,Lost
104019,2024-02-11,690,1,1458.19,1,1,4,Lost
104020,2025-12-26,6,4,700.45,5,4,2,Others
104022,2025-12-26,6,3,2028.51,5,3,4,Potential Loyalists
104023,2025-03-17,290,4,5127.91,2,4,5,At Risk
104026,2025-11-08,54,2,340.91999999999996,4,2,2,Potential Loyalists
104028,2025-09-15,108,3,1802.46,4,3,4,Potential Loyalists
104030,2025-11-13,49,5,2402.75,4,4,4,Champions
104031,2025-05-12,234,1,461.88,3,1,2,Others
104032,2025-10-22,71,4,3464.19,4,4,5,Champions
104034,2025-10-21,72,4,2065.7400000000002,4,4,4,Champions
104035,2025-08-09,145,3,214.73999999999998,3,3,1,Others
104036,2025-11-02,60,5,1269.45,4,4,3,Loyal
104037,2025-07-06,179,3,1132.08,3,3,3,Others
104038,2025-12-02,30,8,5082.32,5,5,5,Champions
104039,2025-11-02,60,5,3385.05,4,4,5,Champions
104040,2025-05-04,242,1,320.73,3,1,2,Others
104041,2024-09-15,473,2,204.12,2,2,1,Lost
104042,2025-03-24,283,1,102.65,3,1,1,Others
104043,2025-10-02,91,3,1397.18,4,3,3,Potential Loyalists
104044,2023-08-15,870,1,78.81,1,1,1,Lost
104045,2024-07-02,548,1,91.45,1,1,1,Lost
104046,2025-06-12,203,1,225.37,3,1,1,Others
104049,2025-06-17,198,4,2523.77,3,4,4,Loyal
104050,2025-10-13,80,4,988.9799999999999,4,4,3,Loyal
104051,2025-08-26,128,3,1817.02,4,3,4,Potential Loyalists
104053,2025-06-15,200,1,168.98,3,1,1,Others
104054,2024-09-27,461,1,107.41,2,1,1,Lost
104055,2025-11-11,51,1,1622.88,4,1,4,Potential Loyalists
104056,2024-02-08,693,1,55.55,1,1,1,Lost
104057,2024-07-06,544,1,478.81,1,1,2,Lost
104058,2024-07-21,529,3,1620.75,2,3,4,Others
104059,2025-01-15,351,3,258.51,2,3,1,Others
104061,2025-07-06,179,5,3648.34,3,4,5,Loyal
104062,2024-03-19,653,1,110.92,1,1,1,Lost
104063,2025-11-21,41,5,2822.1800000000003,5,4,5,Champions
104065,2023-03-10,1028,1,137.04,1,1,1,Lost
104066,2025-07-15,170,5,1217.39,3,4,3,Loyal
104068,2025-10-23,70,4,1378.5,4,4,3,Loyal
104069,2025-05-07,239,3,2639.3100000000004,3,3,4,Others
104071,2024-10-21,437,1,125.99000000000001,2,1,1,Lost
104072,2025-03-26,281,6,2348.85,3,5,4,Loyal
104074,2024-06-21,559,1,452.08000000000004,1,1,2,Lost
104075,2023-10-12,812,2,1252.09,1,2,3,Lost
104077,2024-12-05,392,5,868.3,2,4,3,At Risk
104078,2025-08-28,126,4,2497.54,4,4,4,Champions
104079,2024-11-01,426,4,2157.16,2,4,4,At Risk
104080,2025-04-08,268,2,295.39,3,2,2,Others
104082,2025-10-29,64,1,364.55,4,1,2,Potential Loyalists
104083,2024-04-10,631,2,2554.76,1,2,4,Lost
104084,2025-10-25,68,10,3573.45,4,5,5,Champions
104086,2025-01-02,364,1,433.88,2,1,2,Lost
104088,2025-01-28,338,1,175.3,2,1,1,Lost
104089,2025-07-09,176,1,1138.81,3,1,3,Others
104090,2025-12-15,17,2,490.04,5,2,2,Potential Loyalists
104091,2025-10-09,84,7,3850.9,4,5,5,Champions
104092,2024-08-27,492,2,660.73,2,2,2,Lost
104093,2025-11-22,40,10,6370.1,5,5,5,Champions
104094,2025-08-07,147,12,11479.949999999999,3,5,5,Loyal
104095,2024-12-06,391,3,1758.26,2,3,4,Others
104096,2025-10-31,62,3,1108.19,4,3,3,Potential Loyalists
104097,2025-01-28,338,1,181.69,2,1,1,Lost
104098,2024-07-05,545,1,297.28,1,1,2,Lost
104099,2025-05-25,221,5,1627.0,3,4,4,Loyal
104100,2025-12-10,22,4,3595.29,5,4,5,Champions
104101,2025-12-26,6,12,3150.39,5,5,5,Champions
104102,2025-12-12,20,21,7362.7699999999995,5,5,5,Champions
104103,2025-12-13,19,4,1915.3999999999999,5,4,4,Champions
104104,2025-11-23,39,2,1249.2,5,2,3,Potential Loyalists
104106,2023-10-08,816,2,292.07,1,2,1,Lost
104107,2025-03-30,277,7,2621.07,3,5,4,Loyal
104109,2025-11-20,42,3,622.13,4,3,2,Potential Loyalists
104111,2025-10-12,81,4,6601.639999999999,4,4,5,Champions
104112,2024-06-18,562,1,179.41000000000003,1,1,1,Lost
104113,2025-06-24,191,8,3556.21,3,5,5,Loyal
104114,2025-09-12,111,2,3846.2,4,2,5,Potential Loyalists
104115,2025-09-28,95,12,3659.53,4,5,5,Champions
104117,2024-03-27,645,1,1045.97,1,1,3,Lost
104118,2025-02-17,318,5,3003.74,2,4,5,At Risk
104119,2025-03-08,299,3,208.7,2,3,1,Others
104120,2025-06-29,186,4,1008.06,3,4,3,Loyal
104121,2025-01-24,342,1,282.33,2,1,1,Lost
104122,2025-12-21,11,5,3181.16,5,4,5,Champions
104123,2024-05-29,582,2,444.98,1,2,2,Lost
104124,2025-10-24,69,3,3095.5,4,3,5,Potential Loyalists
104126,2025-09-19,104,4,1842.46,4,4,4,Champions
104127,2023-07-06,910,1,84.85,1,1,1,Lost
104128,2023-12-27,736,3,850.1700000000001,1,3,3,Others
104129,2025-09-23,100,1,194.48,4,1,1,Potential Loyalists
104130,2024-11-16,411,6,6727.5,2,5,5,At Risk
104131,2025-12-19,13,8,7295.7,5,5,5,Champions
104132,2024-10-12,446,1,76.17,2,1,1,Lost
104137,2024-10-24,434,1,124.22,2,1,1,Lost
104138,2024-02-19,682,1,297.57,1,1,2,Lost
104139,2025-10-17,76,4,1243.23,4,4,3,Loyal
104142,2025-12-02,30,7,5369.4400000000005,5,5,5,Champions
104143,2025-12-25,7,22,7340.03,5,5,5,Champions
104144,2025-12-22,10,7,1956.98,5,5,4,Champions
104145,2025-03-20,287,2,284.5,2,2,1,Lost
104148,2025-11-05,57,3,325.17,4,3,2,Potential Loyalists
104149,2025-02-12,323,1,1120.98,2,1,3,Lost
104151,2025-12-07,25,4,2358.23,5,4,4,Champions
104152,2025-10-28,65,5,4014.46,4,4,5,Champions
104153,2025-04-19,257,8,3581.99,3,5,5,Loyal
104154,2025-11-05,57,8,3223.62,4,5,5,Champions
104156,2023-09-22,832,2,960.71,1,2,3,Lost
104157,2025-01-12,354,2,1060.51,2,2,3,Lost
104158,2023-01-21,1076,1,144.45999999999998,1,1,1,Lost
104160,2025-12-12,20,8,2689.61,5,5,5,Champions
104161,2025-12-03,29,16,5989.66,5,5,5,Champions
104162,2025-02-06,329,2,1441.2,2,2,4,Lost
104165,2024-07-26,524,2,2044.1799999999998,2,2,4,Lost
104166,2025-11-24,38,12,6172.55,5,5,5,Champions
104169,2025-12-23,9,18,9702.05,5,5,5,Champions
104170,2025-08-02,152,4,302.47,3,4,2,Others
104171,2025-10-02,91,6,1315.29,4,5,3,Loyal
104173,2025-11-13,49,2,1391.79,4,2,3,Potential Loyalists
104174,2025-09-20,103,4,1959.02,4,4,4,Champions
104175,2025-12-11,21,4,1660.17,5,4,4,Champions
104177,2025-08-28,126,4,1509.95,4,4,4,Champions
104178,2024-11-23,404,1,55.18,2,1,1,Lost
104183,2025-09-03,120,5,1087.05,4,4,3,Loyal
104184,2023-05-07,970,1,90.62,1,1,1,Lost
104185,2024-07-16,534,1,88.52,1,1,1,Lost
104186,2023-01-24,1073,1,130.99,1,1,1,Lost
104187,2025-01-02,364,2,392.71000000000004,2,2,2,Lost
104188,2025-06-01,214,3,396.86,3,3,2,Others
104189,2024-02-21,680,6,2833.8199999999997,1,5,5,At Risk
104190,2023-07-13,903,1,33.64,1,1,1,Lost
104191,2025-11-09,53,16,4590.79,4,5,5,Champions
104192,2025-12-18,14,2,419.48,5,2,2,Potential Loyalists
104193,2025-10-20,73,25,10149.06,4,5,5,Champions
104194,2025-09-12,111,3,2324.31,4,3,4,Potential Loyalists
104195,2025-12-19,13,2,1016.88,5,2,3,Potential Loyalists
104196,2025-11-10,52,7,2583.2,4,5,4,Champions
104198,2025-10-08,85,1,182.76,4,1,1,Potential Loyalists
104200,2023-08-21,864,2,1358.92,1,2,3,Lost
104202,2025-11-28,34,9,5485.83,5,5,5,Champions
104203,2025-05-13,233,1,94.72,3,1,1,Others
104204,2025-05-17,229,1,1045.53,3,1,3,Others
104205,2025-06-10,205,3,1942.21,3,3,4,Others
104206,2025-10-02,91,3,930.9100000000001,4,3,3,Potential Loyalists
104207,2025-12-30,2,3,1225.67,5,3,3,Potential Loyalists
104210,2023-04-19,988,1,427.62,1,1,2,Lost
104211,2025-12-11,21,7,3389.61,5,5,5,Champions
104212,2025-07-04,181,5,1920.08,3,4,4,Loyal
104213,2024-11-20,407,3,364.02,2,3,2,Others
104214,2025-11-23,39,7,3978.11,5,5,5,Champions
104215,2025-12-12,20,9,2227.89,5,5,4,Champions
104216,2025-06-03,212,2,1941.03,3,2,4,Others
104219,2023-12-12,751,2,1433.1299999999999,1,2,4,Lost
104220,2025-09-25,98,3,2497.52,4,3,4,Potential Loyalists
104221,2024-11-21,406,2,1843.1799999999998,2,2,4,Lost
104222,2025-05-21,225,7,3955.3399999999997,3,5,5,Loyal
104223,2025-12-25,7,7,8729.37,5,5,5,Champions
104224,2025-03-25,282,1,145.42,3,1,1,Others
104225,2025-12-20,12,1,483.47,5,1,2,Potential Loyalists
104229,2025-06-06,209,2,491.52,3,2,2,Others
104230,2024-11-13,414,2,375.14,2,2,2,Lost
104231,2024-08-24,495,4,2384.13,2,4,4,At Risk
104232,2025-07-14,171,2,347.96000000000004,3,2,2,Others
104233,2025-04-27,249,4,3417.7599999999998,3,4,5,Loyal
104235,2024-11-10,417,2,287.11,2,2,1,Lost
104236,2025-09-15,108,3,1583.62,4,3,4,Potential Loyalists
104237,2025-05-05,241,3,1637.98,3,3,4,Others
104238,2025-09-09,114,6,3372.69,4,5,5,Champions
104240,2024-06-19,561,1,1308.93,1,1,3,Lost
104243,2025-01-10,356,4,3188.01,2,4,5,At Risk
104244,2025-09-01,122,1,987.38,4,1,3,Potential Loyalists
104248,2025-12-22,10,1,170.2,5,1,1,Potential Loyalists
104249,2025-11-27,35,4,345.09000000000003,5,4,2,Others
104250,2025-04-17,259,4,4211.51,3,4,5,Loyal
104252,2025-02-15,320,2,505.55,2,2,2,Lost
104253,2024-09-21,467,2,79.71000000000001,2,2,1,Lost
104254,2025-01-15,351,4,2875.35,2,4,5,At Risk
104256,2025-12-07,25,6,1728.59,5,5,4,Champions
104257,2023-12-09,754,1,87.83,1,1,1,Lost
104258,2024-03-26,646,2,522.46,1,2,2,Lost
104259,2025-05-08,238,3,3503.67,3,3,5,Others
104260,2024-01-24,708,1,145.54,1,1,1,Lost
104261,2025-12-30,2,3,1083.2,5,3,3,Potential Loyalists
104262,2025-11-27,35,10,4714.18,5,5,5,Champions
104264,2024-05-02,609,1,178.35,1,1,1,Lost
104265,2025-04-27,249,5,2321.51,3,4,4,Loyal
104266,2025-08-17,137,2,1707.1599999999999,3,2,4,Others
104267,2023-10-09,815,2,2158.39,1,2,4,Lost
104268,2024-03-06,666,1,217.95,1,1,1,Lost
104269,2025-10-19,74,5,2266.67,4,4,4,Champions
104270,2025-05-20,226,2,1268.18,3,2,3,Others
104273,2025-12-30,2,3,1623.77,5,3,4,Potential Loyalists
104276,2025-12-31,1,1,663.6600000000001,5,1,2,Potential Loyalists
104277,2025-12-14,18,16,5892.82,5,5,5,Champions
104279,2025-12-18,14,2,684.69,5,2,2,Potential Loyalists
104280,2024-03-27,645,2,201.97,1,2,1,Lost
104281,2023-03-28,1010,1,41.93,1,1,1,Lost
104282,2024-01-18,714,1,186.01,1,1,1,Lost
104283,2025-03-03,304,1,1104.55,2,1,3,Lost
104284,2023-01-17,1080,1,18.77,1,1,1,Lost
104285,2025-12-26,6,7,1993.94,5,5,4,Champions
104286,2025-10-08,85,15,5754.05,4,5,5,Champions
104287,2025-09-29,94,5,1222.13,4,4,3,Loyal
104289,2025-12-16,16,4,2759.8599999999997,5,4,5,Champions
104290,2024-11-17,410,2,905.15,2,2,3,Lost
104291,2023-07-30,886,1,45.41,1,1,1,Lost
104294,2025-11-12,50,4,756.85,4,4,3,Loyal
104297,2023-10-21,803,3,2237.26,1,3,4,Others
104299,2025-12-10,22,12,3830.01,5,5,5,Champions
104302,2025-07-09,176,2,1326.05,3,2,3,Others
104303,2025-12-20,12,30,13490.49,5,5,5,Champions
104306,2025-11-27,35,51,18497.12,5,5,5,Champions
104307,2025-12-07,25,1,218.87,5,1,1,Potential Loyalists
104308,2025-09-19,104,3,2044.35,4,3,4,Potential Loyalists
104309,2025-10-28,65,5,2626.9300000000003,4,4,4,Champions
104311,2025-09-01,122,6,2445.92,4,5,4,Champions
104312,2025-10-02,91,3,1601.78,4,3,4,Potential Loyalists
104313,2024-01-11,721,1,170.97,1,1,1,Lost
104316,2024-07-16,534,1,464.64,1,1,2,Lost
104317,2025-10-25,68,4,3327.05,4,4,5,Champions
104318,2025-12-12,20,8,4194.12,5,5,5,Champions
104319,2025-08-20,134,2,2057.34,3,2,4,Others
104320,2024-12-14,383,2,975.69,2,2,3,Lost
104321,2025-12-01,31,18,10554.57,5,5,5,Champions
104322,2025-03-22,285,5,1990.05,2,4,4,At Risk
104323,2024-11-05,422,2,285.15,2,2,1,Lost
104324,2025-08-05,149,3,646.85,3,3,2,Others
104326,2025-07-13,172,3,689.03,3,3,2,Others
104327,2025-05-14,232,11,4950.22,3,5,5,Loyal
104328,2023-03-16,1022,1,1443.5500000000002,1,1,4,Lost
104329,2025-10-29,64,5,1137.8799999999999,4,4,3,Loyal
104331,2025-07-19,166,7,2440.2799999999997,3,5,4,Loyal
104332,2025-12-18,14,5,2910.44,5,4,5,Champions
104333,2025-09-17,106,2,237.93,4,2,1,Potential Loyalists
104335,2024-06-11,569,5,1157.3400000000001,1,4,3,At Risk
104336,2025-06-26,189,3,1761.9,3,3,4,Others
104337,2025-11-13,49,4,3147.68,4,4,5,Champions
104338,2024-11-05,422,2,1025.58,2,2,3,Lost
104340,2025-03-24,283,1,49.72,3,1,1,Others
104344,2025-09-17,106,1,837.76,4,1,3,Potential Loyalists
104345,2023-11-30,763,1,227.57999999999998,1,1,1,Lost
104346,2025-10-21,72,7,2523.75,4,5,4,Champions
104350,2025-11-10,52,4,1560.1399999999999,4,4,4,Champions
104351,2024-09-24,464,1,305.9,2,1,2,Lost
104354,2025-01-10,356,1,105.49000000000001,2,1,1,Lost
104356,2025-05-07,239,7,4462.3,3,5,5,Loyal
104357,2025-12-28,4,3,1425.65,5,3,4,Potential Loyalists
104358,2025-01-11,355,2,357.81,2,2,2,Lost
104359,2024-03-16,656,2,1080.1399999999999,1,2,3,Lost
104360,2025-10-16,77,1,251.49,4,1,1,Potential Loyalists
104361,2023-11-19,774,1,166.8,1,1,1,Lost
104362,2023-01-10,1087,1,1508.83,1,1,4,Lost
104363,2025-02-24,311,1,351.35,2,1,2,Lost
104364,2024-05-06,605,2,1206.46,1,2,3,Lost
104365,2025-10-20,73,4,517.8399999999999,4,4,2,Others
104366,2024-11-30,397,2,338.36,2,2,2,Lost
104367,2023-07-23,893,1,515.56,1,1,2,Lost
104372,2024-09-02,486,9,2070.45,2,5,4,At Risk
104373,2025-11-21,41,46,21169.0,5,5,5,Champions
104374,2025-09-04,119,15,4526.31,4,5,5,Champions
104377,2023-11-06,787,1,55.11,1,1,1,Lost
104378,2025-12-01,31,9,3904.13,5,5,5,Champions
104379,2025-11-23,39,2,306.78999999999996,5,2,2,Potential Loyalists
104381,2024-01-06,726,1,105.8,1,1,1,Lost
104382,2023-07-16,900,1,862.14,1,1,3,Lost
104384,2025-05-05,241,4,1910.07,3,4,4,Loyal
104385,2025-12-28,4,10,3819.98,5,5,5,Champions
104386,2025-08-27,127,7,2694.57,4,5,5,Champions
104387,2025-08-28,126,2,404.12,4,2,2,Potential Loyalists
104388,2025-04-04,272,3,662.9300000000001,3,3,2,Others
104389,2025-07-13,172,1,1060.77,3,1,3,Others
104390,2025-04-25,251,7,4527.200000000001,3,5,5,Loyal
104391,2025-12-16,16,18,8570.06,5,5,5,Champions
104392,2025-08-17,137,6,1573.45,3,5,4,Loyal
104393,2025-08-27,127,2,543.24,4,2,2,Potential Loyalists
104394,2025-03-20,287,5,3514.02,2,4,5,At Risk
104396,2025-12-25,7,4,4679.51,5,4,5,Champions
104397,2025-10-18,75,7,2248.3199999999997,4,5,4,Champions
104398,2024-12-04,393,4,2370.6800000000003,2,4,4,At Risk
104399,2025-08-15,139,1,999.0699999999999,3,1,3,Others
104401,2024-01-30,702,2,230.57999999999998,1,2,1,Lost
104402,2025-05-15,231,2,285.79,3,2,1,Others
104404,2023-11-27,766,1,125.58,1,1,1,Lost
104405,2025-11-08,54,5,2193.06,4,4,4,Champions
104407,2025-04-13,263,3,662.75,3,3,2,Others
104408,2024-11-12,415,2,538.41,2,2,2,Lost
104409,2023-11-02,791,1,323.12,1,1,2,Lost
104410,2024-12-03,394,2,2193.92,2,2,4,Lost
104411,2025-11-03,59,10,9258.27,4,5,5,Champions
104412,2025-11-28,34,1,182.56,5,1,1,Potential Loyalists
104413,2025-10-23,70,7,3931.44,4,5,5,Champions
104414,2025-09-04,119,1,263.17,4,1,1,Potential Loyalists
104416,2024-12-10,387,2,393.66999999999996,2,2,2,Lost
104417,2025-04-21,255,3,944.85,3,3,3,Others
104418,2025-07-23,162,3,2613.43,3,3,4,Others
104419,2024-12-01,396,4,2684.4300000000003,2,4,5,At Risk
104420,2023-01-08,1089,1,210.45,1,1,1,Lost
104421,2025-07-11,174,2,425.04,3,2,2,Others
104422,2025-09-30,93,4,1559.89,4,4,4,Champions
104423,2025-04-21,255,14,4049.71,3,5,5,Loyal
104426,2024-10-25,433,1,767.2,2,1,3,Lost
104427,2025-11-11,51,12,8484.04,4,5,5,Champions
104428,2025-05-13,233,1,641.5200000000001,3,1,2,Others
104429,2025-08-16,138,4,1843.77,3,4,4,Loyal
104430,2025-12-03,29,6,2311.5299999999997,5,5,4,Champions
104431,2023-10-04,820,1,270.44,1,1,1,Lost
104432,2023-04-11,996,1,38.88,1,1,1,Lost
104433,2025-08-18,136,3,219.15,3,3,1,Others
104434,2024-07-07,543,1,423.54,1,1,2,Lost
104436,2025-12-23,9,8,3198.9,5,5,5,Champions
104437,2023-11-28,765,1,231.63,1,1,1,Lost
104441,2025-10-20,73,2,1194.97,4,2,3,Potential Loyalists
104442,2024-12-03,394,2,1513.37,2,2,4,Lost
104443,2025-10-25,68,1,258.69,4,1,1,Potential Loyalists
104444,2024-10-27,431,1,151.92000000000002,2,1,1,Lost
104446,2025-08-14,140,1,1079.4,3,1,3,Others
104447,2025-09-11,112,2,639.6299999999999,4,2,2,Potential Loyalists
104448,2025-05-25,221,5,1573.88,3,4,4,Loyal
104449,2025-12-30,2,9,3483.71,5,5,5,Champions
104450,2025-10-27,66,5,1243.02,4,4,3,Loyal
104451,2025-03-07,300,3,985.3399999999999,2,3,3,Others
104452,2024-05-08,603,1,210.25,1,1,1,Lost
104454,2025-07-14,171,1,277.46999999999997,3,1,1,Others
104455,2024-05-19,592,2,1088.85,1,2,3,Lost
104456,2025-12-19,13,7,4781.35,5,5,5,Champions
104457,2025-12-14,18,4,1927.23,5,4,4,Champions
104458,2024-07-02,548,1,503.47,1,1,2,Lost
104459,2025-04-04,272,1,578.58,3,1,2,Others
104460,2023-11-15,778,1,92.3,1,1,1,Lost
104461,2025-01-17,349,3,3283.88,2,3,5,Others
104462,2024-07-08,542,1,158.0,1,1,1,Lost
104463,2024-06-04,576,2,173.58,1,2,1,Lost
104464,2025-04-16,260,1,764.17,3,1,3,Others
104465,2025-12-10,22,13,10310.19,5,5,5,Champions
104466,2024-01-21,711,2,1236.84,1,2,3,Lost
104467,2025-09-13,110,2,682.2,4,2,2,Potential Loyalists
104468,2024-11-17,410,1,33.22,2,1,1,Lost
104469,2025-08-25,129,7,3616.14,3,5,5,Loyal
104471,2025-10-20,73,10,7880.85,4,5,5,Champions
104472,2025-12-29,3,8,4121.12,5,5,5,Champions
104473,2024-10-29,429,1,1596.92,2,1,4,Lost
104474,2025-12-07,25,9,4854.93,5,5,5,Champions
104476,2025-08-19,135,2,307.89,3,2,2,Others
104478,2025-08-27,127,3,1931.2199999999998,4,3,4,Potential Loyalists
104480,2024-08-23,496,2,387.77,2,2,2,Lost
104482,2025-08-09,145,6,3005.77,3,5,5,Loyal
104483,2025-12-19,13,2,652.9200000000001,5,2,2,Potential Loyalists
104485,2023-01-12,1085,1,561.57,1,1,2,Lost
104487,2025-06-19,196,1,143.75,3,1,1,Others
104488,2025-06-12,203,4,2257.8,3,4,4,Loyal
104489,2025-08-14,140,1,1165.24,3,1,3,Others
104490,2025-09-02,121,6,6753.24,4,5,5,Champions
104491,2025-11-14,48,11,4172.42,4,5,5,Champions
104492,2025-06-17,198,4,1544.31,3,4,4,Loyal
104493,2025-12-04,28,14,6281.64,5,5,5,Champions
104494,2025-04-21,255,3,1477.2,3,3,4,Others
104495,2024-08-22,497,3,1696.17,2,3,4,Others
104496,2025-11-06,56,4,1104.5,4,4,3,Loyal
104497,2025-12-24,8,3,1025.61,5,3,3,Potential Loyalists
104499,2023-11-07,786,2,219.85000000000002,1,2,1,Lost
104500,2025-12-27,5,2,1031.63,5,2,3,Potential Loyalists
104501,2024-07-24,526,1,133.31,2,1,1,Lost
104502,2024-01-15,717,1,89.38,1,1,1,Lost
104504,2025-04-22,254,6,3157.9500000000003,3,5,5,Loyal
104505,2025-07-03,182,2,652.71,3,2,2,Others
104506,2024-06-07,573,1,366.34000000000003,1,1,2,Lost
104508,2024-12-17,380,1,496.8,2,1,2,Lost
104509,2025-12-27,5,9,3028.52,5,5,5,Champions
104510,2024-10-04,454,4,1016.79,2,4,3,At Risk
104511,2025-02-15,320,3,1218.1299999999999,2,3,3,Others
104513,2025-10-07,86,13,5156.74,4,5,5,Champions
104516,2025-11-20,42,8,4366.7,4,5,5,Champions
104517,2023-03-12,1026,2,1600.07,1,2,4,Lost
104518,2024-03-24,648,3,875.4100000000001,1,3,3,Others
104519,2025-08-14,140,10,2569.31,3,5,4,Loyal
104521,2025-11-26,36,6,2981.8,5,5,5,Champions
104522,2024-09-07,481,3,1706.22,2,3,4,Others
104524,2025-01-21,345,1,214.17000000000002,2,1,1,Lost
104526,2024-07-05,545,2,159.92,1,2,1,Lost
104527,2024-05-23,588,1,498.93,1,1,2,Lost
104531,2025-12-15,17,1,241.87,5,1,1,Potential Loyalists
104533,2023-12-23,740,1,47.44,1,1,1,Lost
104534,2024-01-05,727,2,141.06,1,2,1,Lost
104537,2023-01-12,1085,1,810.4399999999999,1,1,3,Lost
104538,2024-02-07,694,2,554.37,1,2,2,Lost
104539,2025-10-22,71,3,1246.96,4,3,3,Potential Loyalists
104540,2025-12-30,2,8,2518.2,5,5,4,Champions
104541,2023-04-19,988,1,1092.18,1,1,3,Lost
104542,2025-11-14,48,4,1493.74,4,4,4,Champions
104544,2025-10-15,78,1,53.58,4,1,1,Potential Loyalists
104546,2024-10-12,446,1,92.96000000000001,2,1,1,Lost
104547,2025-07-29,156,4,1173.27,3,4,3,Loyal
104548,2024-02-07,694,1,58.13,1,1,1,Lost
104550,2024-12-06,391,1,90.05,2,1,1,Lost
104551,2025-11-18,44,2,450.44,4,2,2,Potential Loyalists
104552,2025-02-17,318,2,851.7800000000001,2,2,3,Lost
104555,2025-11-21,41,6,1490.5900000000001,5,5,4,Champions
104556,2025-03-19,288,3,913.35,2,3,3,Others
104557,2023-02-22,1044,1,1569.0700000000002,1,1,4,Lost
104558,2024-10-21,437,1,1922.31,2,1,4,Lost
104559,2025-11-02,60,6,2179.5,4,5,4,Champions
104560,2024-05-27,584,2,154.6,1,2,1,Lost
104563,2025-06-25,190,4,1984.85,3,4,4,Loyal
104564,2025-07-24,161,4,666.2,3,4,2,Others
104565,2025-12-11,21,16,8039.549999999999,5,5,5,Champions
104566,2025-09-21,102,6,4017.27,4,5,5,Champions
104567,2025-10-14,79,3,687.5600000000001,4,3,2,Potential Loyalists
104568,2024-10-21,437,1,129.68,2,1,1,Lost
104569,2025-12-23,9,2,338.41999999999996,5,2,2,Potential Loyalists
104570,2024-12-26,371,2,775.27,2,2,3,Lost
104572,2024-09-03,485,4,2036.99,2,4,4,At Risk
104573,2025-03-17,290,2,1203.89,2,2,3,Lost
104574,2025-08-19,135,4,321.01,3,4,2,Others
104576,2025-06-01,214,2,519.5500000000001,3,2,2,Others
104577,2023-03-10,1028,1,1633.3700000000001,1,1,4,Lost
104578,2025-11-23,39,6,4348.46,5,5,5,Champions
104579,2025-09-19,104,1,125.16,4,1,1,Potential Loyalists
104580,2025-12-30,2,8,2300.66,5,5,4,Champions
104581,2024-10-18,440,1,67.42,2,1,1,Lost
104582,2024-12-03,394,2,685.3100000000001,2,2,2,Lost
104583,2025-12-31,1,4,2204.61,5,4,4,Champions
104585,2024-12-13,384,1,862.4,2,1,3,Lost
104586,2025-11-17,45,10,3020.77,4,5,5,Champions
104589,2024-11-16,411,2,229.76999999999998,2,2,1,Lost
104590,2025-10-02,91,4,3526.1,4,4,5,Champions
104591,2025-05-22,224,2,812.98,3,2,3,Others
104592,2024-07-17,533,3,1176.99,2,3,3,Others
104593,2025-08-21,133,10,4271.15,3,5,5,Loyal
104594,2025-12-18,14,1,169.56,5,1,1,Potential Loyalists
104595,2025-09-05,118,3,1180.71,4,3,3,Potential Loyalists
104596,2025-11-12,50,2,347.08,4,2,2,Potential Loyalists
104597,2025-12-21,11,2,1001.54,5,2,3,Potential Loyalists
104598,2023-05-25,952,1,1121.65,1,1,3,Lost
104600,2023-12-18,745,1,71.23,1,1,1,Lost
104601,2024-10-08,450,6,3777.2,2,5,5,At Risk
104604,2025-06-14,201,2,614.99,3,2,2,Others
104605,2024-10-18,440,4,1166.45,2,4,3,At Risk
104607,2025-12-22,10,4,2973.15,5,4,5,Champions
104608,2025-03-09,298,1,74.5,2,1,1,Lost
104610,2025-06-07,208,2,355.11,3,2,2,Others
104611,2025-11-08,54,1,38.95,4,1,1,Potential Loyalists
104612,2025-02-14,321,1,798.13,2,1,3,Lost
104614,2024-05-02,609,3,693.43,1,3,2,Others
104615,2025-10-14,79,3,1111.76,4,3,3,Potential Loyalists
104616,2025-04-12,264,7,8232.46,3,5,5,Loyal
104617,2025-11-16,46,2,616.62,4,2,2,Potential Loyalists
104618,2025-10-22,71,2,169.74,4,2,1,Potential Loyalists
104619,2025-05-30,216,6,2772.4500000000003,3,5,5,Loyal
104620,2023-11-08,785,1,1126.3,1,1,3,Lost
104622,2025-10-24,69,3,1830.29,4,3,4,Potential Loyalists
104623,2025-04-11,265,2,1214.98,3,2,3,Others
104624,2024-04-15,626,1,406.76,1,1,2,Lost
104625,2023-01-22,1075,1,444.78999999999996,1,1,2,Lost
104629,2025-08-02,152,3,1326.52,3,3,3,Others
104630,2025-10-14,79,5,1470.6599999999999,4,4,4,Champions
104631,2025-08-01,153,1,107.38,3,1,1,Others
104632,2025-09-18,105,3,1980.48,4,3,4,Potential Loyalists
104633,2025-12-12,20,3,3986.41,5,3,5,Potential Loyalists
104634,2025-05-17,229,3,1264.32,3,3,3,Others
104635,2025-12-25,7,1,102.16,5,1,1,Potential Loyalists
104636,2024-12-20,377,2,618.0,2,2,2,Lost
104637,2025-11-09,53,7,1846.0900000000001,4,5,4,Champions
104638,2025-07-29,156,1,432.48,3,1,2,Others
104639,2025-09-24,99,1,36.63,4,1,1,Potential Loyalists
104640,2025-08-25,129,4,1740.53,3,4,4,Loyal
104641,2024-12-09,388,3,448.92,2,3,2,Others
104642,2025-07-27,158,3,1148.9099999999999,3,3,3,Others
104644,2023-11-13,780,1,335.26,1,1,2,Lost
104645,2025-11-19,43,6,1713.21,4,5,4,Champions
104647,2025-10-25,68,5,2136.9,4,4,4,Champions
104648,2024-06-19,561,3,235.55,1,3,1,Others
104649,2025-12-10,22,1,641.49,5,1,2,Potential Loyalists
104652,2025-05-04,242,4,1243.52,3,4,3,Loyal
104653,2025-11-30,32,4,1241.05,5,4,3,Loyal
104654,2025-11-06,56,4,888.75,4,4,3,Loyal
104656,2025-09-15,108,7,1937.88,4,5,4,Champions
104657,2025-08-20,134,12,4296.71,3,5,5,Loyal
104658,2025-11-25,37,2,989.23,5,2,3,Potential Loyalists
104661,2025-08-25,129,3,1369.46,3,3,3,Others
104662,2025-07-27,158,5,2825.63,3,4,5,Loyal
104663,2025-06-09,206,6,5647.55,3,5,5,Loyal
104664,2025-11-26,36,8,3164.62,5,5,5,Champions
104665,2024-06-17,563,2,1124.28,1,2,3,Lost
104668,2024-08-15,504,1,741.09,2,1,3,Lost
104669,2025-11-21,41,8,1839.9,5,5,4,Champions
104670,2024-12-14,383,2,156.32,2,2,1,Lost
104672,2025-11-11,51,9,2980.8599999999997,4,5,5,Champions
104673,2025-07-14,171,1,565.49,3,1,2,Others
104674,2025-08-13,141,4,2794.32,3,4,5,Loyal
104675,2025-06-22,193,2,1020.9,3,2,3,Others
104676,2023-11-08,785,3,2171.42,1,3,4,Others
104679,2025-09-19,104,9,6123.95,4,5,5,Champions
104681,2025-10-22,71,2,154.19,4,2,1,Potential Loyalists
104682,2025-11-09,53,10,2485.63,4,5,4,Champions
104683,2025-12-16,16,13,7744.0,5,5,5,Champions
104684,2025-05-31,215,2,207.14,3,2,1,Others
104685,2025-09-28,95,1,1223.18,4,1,3,Potential Loyalists
104686,2024-11-26,401,1,243.41,2,1,1,Lost
104688,2025-11-12,50,4,615.7,4,4,2,Others
104689,2024-09-09,479,4,3167.54,2,4,5,At Risk
104690,2024-10-20,438,1,289.33000000000004,2,1,1,Lost
104691,2025-12-09,23,26,12555.83,5,5,5,Champions
104692,2025-11-10,52,8,2487.3199999999997,4,5,4,Champions
104694,2025-08-01,153,8,7516.53,3,5,5,Loyal
104695,2024-10-26,432,1,340.65,2,1,2,Lost
104697,2024-12-25,372,1,137.86,2,1,1,Lost
104698,2025-11-19,43,6,923.27,4,5,3,Loyal
104699,2024-01-26,706,2,779.53,1,2,3,Lost
104700,2023-09-01,853,1,62.96000000000001,1,1,1,Lost
104703,2025-02-13,322,4,350.61,2,4,2,Others
104704,2024-11-11,416,4,429.41,2,4,2,Others
104705,2025-12-11,21,3,480.05,5,3,2,Potential Loyalists
104707,2025-01-16,350,1,378.85,2,1,2,Lost
104708,2023-12-03,760,1,192.74,1,1,1,Lost
104709,2023-03-10,1028,1,36.04,1,1,1,Lost
104710,2025-12-12,20,7,4346.89,5,5,5,Champions
104711,2025-12-11,21,2,370.32,5,2,2,Potential Loyalists
104712,2024-02-26,675,1,789.07,1,1,3,Lost
104713,2023-11-12,781,1,164.14,1,1,1,Lost
104714,2025-12-11,21,5,3501.46,5,4,5,Champions
104715,2024-12-10,387,1,393.69,2,1,2,Lost
104716,2025-12-06,26,1,540.25,5,1,2,Potential Loyalists
104717,2023-09-23,831,1,239.22,1,1,1,Lost
104718,2024-11-22,405,1,94.69,2,1,1,Lost
104719,2025-04-29,247,2,1296.92,3,2,3,Others
104720,2024-07-18,532,1,49.25,2,1,1,Lost
104721,2025-03-28,279,2,721.68,3,2,2,Others
104722,2025-12-23,9,4,1533.6100000000001,5,4,4,Champions
104723,2025-05-12,234,2,1032.02,3,2,3,Others
104724,2025-04-19,257,6,1712.82,3,5,4,Loyal
104725,2024-09-17,471,5,2774.33,2,4,5,At Risk
104726,2024-09-05,483,1,72.73,2,1,1,Lost
104727,2025-09-21,102,4,2573.3700000000003,4,4,4,Champions
104728,2025-08-03,151,4,947.5,3,4,3,Loyal
104730,2025-10-23,70,3,925.92,4,3,3,Potential Loyalists
104731,2024-10-24,434,1,262.83,2,1,1,Lost
104732,2025-09-17,106,2,480.34999999999997,4,2,2,Potential Loyalists
104734,2025-02-10,325,1,471.48,2,1,2,Lost
104735,2025-12-22,10,25,12886.42,5,5,5,Champions
104737,2025-12-15,17,6,985.16,5,5,3,Loyal
104738,2025-10-02,91,14,6177.61,4,5,5,Champions
104740,2025-10-11,82,3,586.23,4,3,2,Potential Loyalists
104741,2025-01-30,336,3,1305.9,2,3,3,Others
104742,2024-04-16,625,1,708.1,1,1,2,Lost
104744,2025-06-01,214,3,534.3,3,3,2,Others
104746,2024-08-17,502,2,974.27,2,2,3,Lost
104747,2025-08-30,124,2,1383.79,4,2,3,Potential Loyalists
104748,2023-12-15,748,2,1369.43,1,2,3,Lost
104749,2024-03-18,654,2,1144.83,1,2,3,Lost
104750,2025-06-05,210,3,821.44,3,3,3,Others
104751,2025-12-31,1,3,362.9,5,3,2,Potential Loyalists
104753,2024-06-04,576,1,43.11,1,1,1,Lost
104754,2025-08-23,131,4,1508.42,3,4,4,Loyal
104755,2023-07-09,907,1,89.22,1,1,1,Lost
104757,2025-08-04,150,1,957.41,3,1,3,Others
104758,2025-03-23,284,3,727.8199999999999,2,3,2,Others
104759,2024-11-27,400,4,1581.24,2,4,4,At Risk
104760,2024-08-28,491,4,1610.74,2,4,4,At Risk
104761,2024-12-26,371,3,506.15,2,3,2,Others
104762,2023-09-02,852,1,718.05,1,1,2,Lost
104763,2024-05-10,601,1,328.06,1,1,2,Lost
104764,2025-11-12,50,4,706.15,4,4,2,Others
104765,2025-11-18,44,4,1012.4,4,4,3,Loyal
104766,2024-03-13,659,1,142.24,1,1,1,Lost
104767,2025-11-15,47,4,2559.4,4,4,4,Champions
104769,2024-08-21,498,1,292.01,2,1,1,Lost
104770,2025-09-24,99,2,530.93,4,2,2,Potential Loyalists
104771,2025-12-19,13,9,3104.27,5,5,5,Champions
104772,2025-12-19,13,3,3143.5,5,3,5,Potential Loyalists
104774,2025-03-13,294,2,1144.0500000000002,2,2,3,Lost
104775,2025-04-29,247,3,1055.14,3,3,3,Others
104776,2025-11-15,47,4,1919.76,4,4,4,Champions
104777,2025-11-08,54,5,642.07,4,4,2,Others
104778,2024-06-24,556,1,96.62,1,1,1,Lost
104779,2023-12-24,739,2,233.42,1,2,1,Lost
104780,2025-12-19,13,1,167.54,5,1,1,Potential Loyalists
104781,2024-10-02,456,1,412.21,2,1,2,Lost
104782,2023-07-03,913,1,294.35,1,1,2,Lost
104783,2025-12-23,9,19,11394.57,5,5,5,Champions
104785,2023-11-01,792,1,236.73000000000002,1,1,1,Lost
104787,2025-11-09,53,22,9114.449999999999,4,5,5,Champions
104788,2023-08-03,882,1,65.94,1,1,1,Lost
104789,2025-09-11,112,2,1532.04,4,2,4,Potential Loyalists
104790,2023-08-18,867,1,936.63,1,1,3,Lost
104791,2024-11-06,421,1,275.36,2,1,1,Lost
104792,2023-08-16,869,1,82.63,1,1,1,Lost
104793,2025-07-07,178,1,620.29,3,1,2,Others
104795,2025-10-28,65,9,1595.05,4,5,4,Champions
104796,2025-11-06,56,7,1746.06,4,5,4,Champions
104797,2025-05-21,225,3,407.7,3,3,2,Others
104798,2024-04-05,636,2,2473.91,1,2,4,Lost
104799,2025-11-22,40,1,167.72,5,1,1,Potential Loyalists
104801,2024-11-02,425,4,1948.6100000000001,2,4,4,At Risk
104802,2025-03-07,300,1,726.7,2,1,2,Lost
104806,2025-08-31,123,9,3707.4500000000003,4,5,5,Champions
104807,2025-10-21,72,12,4698.4400000000005,4,5,5,Champions
104808,2025-01-18,348,2,1189.52,2,2,3,Lost
104809,2025-09-25,98,2,238.31,4,2,1,Potential Loyalists
104811,2023-07-28,888,1,216.7,1,1,1,Lost
104812,2025-08-16,138,2,406.06,3,2,2,Others
104813,2025-04-14,262,7,3041.14,3,5,5,Loyal
104814,2024-12-02,395,1,279.25,2,1,1,Lost
104816,2023-12-15,748,2,1449.61,1,2,4,Lost
104817,2025-07-30,155,6,1524.59,3,5,4,Loyal
104818,2025-01-08,358,7,2304.56,2,5,4,At Risk
104819,2024-02-12,689,1,175.60000000000002,1,1,1,Lost
104820,2025-06-30,185,1,439.96,3,1,2,Others
104821,2023-11-03,790,1,219.41,1,1,1,Lost
104822,2024-04-29,612,5,1364.44,1,4,3,At Risk
104823,2025-03-21,286,1,90.14,2,1,1,Lost
104824,2023-03-25,1013,1,181.72,1,1,1,Lost
104825,2025-09-22,101,1,51.46,4,1,1,Potential Loyalists
104827,2024-10-15,443,4,808.09,2,4,3,At Risk
104829,2025-01-15,351,3,1381.56,2,3,3,Others
104830,2025-02-23,312,4,2296.57,2,4,4,At Risk
104834,2025-12-05,27,7,3398.5099999999998,5,5,5,Champions
104835,2025-09-25,98,13,3340.7799999999997,4,5,5,Champions
104836,2024-04-23,618,1,156.66,1,1,1,Lost
104837,2025-11-21,41,1,623.88,5,1,2,Potential Loyalists
104840,2024-01-19,713,2,326.44,1,2,2,Lost
104841,2024-02-13,688,2,561.02,1,2,2,Lost
104842,2025-03-09,298,2,282.99,2,2,1,Lost
104843,2024-10-09,449,1,630.1,2,1,2,Lost
104844,2024-09-19,469,2,1477.04,2,2,4,Lost
104846,2025-12-07,25,2,521.23,5,2,2,Potential Loyalists
104848,2025-12-05,27,3,742.23,5,3,3,Potential Loyalists
104851,2025-11-26,36,5,2729.89,5,4,5,Champions
104852,2024-12-13,384,1,142.51,2,1,1,Lost
104853,2025-12-15,17,4,1674.56,5,4,4,Champions
104856,2024-10-05,453,2,144.63,2,2,1,Lost
104859,2023-08-18,867,1,54.44,1,1,1,Lost
104861,2023-12-21,742,1,831.4,1,1,3,Lost
104862,2025-01-30,336,2,126.62,2,2,1,Lost
104863,2025-09-01,122,2,1154.75,4,2,3,Potential Loyalists
104864,2025-11-06,56,8,1814.1,4,5,4,Champions
104865,2025-05-19,227,1,171.98000000000002,3,1,1,Others
104866,2024-11-10,417,1,55.75,2,1,1,Lost
104867,2025-01-12,354,2,597.95,2,2,2,Lost
104868,2025-12-03,29,3,3553.62,5,3,5,Potential Loyalists
104869,2023-08-31,854,1,192.56,1,1,1,Lost
104870,2025-11-26,36,1,38.31,5,1,1,Potential Loyalists
104871,2025-01-11,355,1,346.78,2,1,2,Lost
104872,2024-05-01,610,1,423.47,1,1,2,Lost
104873,2025-09-19,104,1,226.15,4,1,1,Potential Loyalists
104874,2025-12-08,24,19,7857.37,5,5,5,Champions
104876,2025-05-26,220,2,179.28,3,2,1,Others
104877,2025-11-16,46,13,7154.23,4,5,5,Champions
104878,2023-10-14,810,1,301.15,1,1,2,Lost
104879,2025-07-18,167,6,4212.24,3,5,5,Loyal
104880,2023-11-06,787,2,879.84,1,2,3,Lost
104882,2024-09-05,483,2,121.38,2,2,1,Lost
104883,2025-12-03,29,10,3529.83,5,5,5,Champions
104884,2025-08-24,130,6,4142.719999999999,3,5,5,Loyal
104885,2025-10-14,79,1,118.75,4,1,1,Potential Loyalists
104886,2023-06-07,939,1,409.87,1,1,2,Lost
104888,2025-03-05,302,3,2036.73,2,3,4,Others
104889,2025-12-30,2,4,1799.96,5,4,4,Champions
104890,2025-07-22,163,4,1207.16,3,4,3,Loyal
104891,2025-06-21,194,1,156.27,3,1,1,Others
104892,2025-06-01,214,3,1509.4199999999998,3,3,4,Others
104893,2024-11-15,412,2,638.22,2,2,2,Lost
104894,2024-09-03,485,1,904.98,2,1,3,Lost
104895,2023-11-14,779,1,609.0999999999999,1,1,2,Lost
104897,2025-12-01,31,4,840.72,5,4,3,Loyal
104899,2025-12-08,24,11,5554.74,5,5,5,Champions
104904,2025-05-28,218,2,1124.8500000000001,3,2,3,Others
104905,2024-12-15,382,3,808.65,2,3,3,Others
104906,2024-05-06,605,1,423.27,1,1,2,Lost
104907,2024-08-07,512,1,491.32,2,1,2,Lost
104910,2024-01-30,702,2,1480.06,1,2,4,Lost
104912,2025-11-06,56,8,8943.39,4,5,5,Champions
104913,2025-11-14,48,2,1176.21,4,2,3,Potential Loyalists
104914,2024-11-27,400,1,693.88,2,1,2,Lost
104915,2025-12-15,17,3,221.38,5,3,1,Potential Loyalists
104918,2025-06-06,209,4,1849.9299999999998,3,4,4,Loyal
104920,2025-12-12,20,2,546.93,5,2,2,Potential Loyalists
104921,2023-07-31,885,1,120.67,1,1,1,Lost
104922,2023-12-17,746,3,1534.92,1,3,4,Others
104924,2025-04-10,266,1,43.23,3,1,1,Others
104925,2025-11-19,43,5,797.33,4,4,3,Loyal
104926,2025-12-15,17,1,558.82,5,1,2,Potential Loyalists
104929,2025-08-13,141,8,2394.1,3,5,4,Loyal
104930,2025-11-21,41,2,701.26,5,2,2,Potential Loyalists
104931,2025-08-08,146,1,105.32,3,1,1,Others
104932,2024-09-13,475,1,517.66,2,1,2,Lost
104933,2025-05-09,237,1,273.39,3,1,1,Others
104935,2025-05-23,223,5,1868.71,3,4,4,Loyal
104936,2024-05-21,590,1,2290.5499999999997,1,1,4,Lost
104937,2025-06-24,191,2,694.96,3,2,2,Others
104938,2025-07-02,183,2,247.66,3,2,1,Others
104939,2025-12-05,27,12,5506.33,5,5,5,Champions
104942,2024-12-18,379,2,1264.22,2,2,3,Lost
104944,2025-12-11,21,21,8079.85,5,5,5,Champions
104946,2024-08-14,505,1,339.12,2,1,2,Lost
104948,2023-08-17,868,2,250.44,1,2,1,Lost
104949,2025-12-23,9,69,31196.52,5,5,5,Champions
104950,2025-03-20,287,3,668.28,2,3,2,Others
104951,2024-03-04,668,1,623.48,1,1,2,Lost
104952,2025-10-30,63,4,1037.08,4,4,3,Loyal
104954,2025-06-21,194,7,1571.6200000000001,3,5,4,Loyal
104955,2025-10-19,74,3,686.97,4,3,2,Potential Loyalists
104956,2025-12-25,7,1,70.77,5,1,1,Potential Loyalists
104957,2023-02-26,1040,1,165.74,1,1,1,Lost
104958,2025-05-31,215,4,980.5899999999999,3,4,3,Loyal
104959,2024-06-21,559,1,918.49,1,1,3,Lost
104960,2025-11-12,50,3,659.86,4,3,2,Potential Loyalists
104961,2025-11-25,37,2,149.47,5,2,1,Potential Loyalists
104962,2025-08-22,132,6,2164.21,3,5,4,Loyal
104965,2025-07-03,182,8,3318.5,3,5,5,Loyal
104966,2024-12-25,372,2,1313.94,2,2,3,Lost
104967,2025-09-13,110,2,1853.88,4,2,4,Potential Loyalists
104968,2025-12-05,27,5,2910.97,5,4,5,Champions
104969,2023-02-06,1060,1,1920.33,1,1,4,Lost
104970,2025-05-17,229,2,453.46,3,2,2,Others
104972,2025-09-05,118,4,1830.15,4,4,4,Champions
104973,2024-06-13,567,3,999.72,1,3,3,Others
104974,2025-09-07,116,4,1339.3600000000001,4,4,3,Loyal
104975,2025-11-11,51,15,4670.61,4,5,5,Champions
104977,2025-12-24,8,2,1539.75,5,2,4,Potential Loyalists
104978,2024-12-14,383,3,1744.49,2,3,4,Others
104979,2025-09-02,121,1,235.61,4,1,1,Potential Loyalists
104981,2025-07-31,154,6,1082.23,3,5,3,Loyal
104982,2025-08-06,148,1,156.14,3,1,1,Others
104985,2025-05-05,241,4,2301.27,3,4,4,Loyal
104986,2025-10-28,65,2,387.96,4,2,2,Potential Loyalists
104987,2024-05-22,589,1,282.66,1,1,1,Lost
104990,2025-03-11,296,2,307.2,2,2,2,Lost
104991,2025-10-19,74,2,1750.9399999999998,4,2,4,Potential Loyalists
104992,2023-07-22,894,1,93.23,1,1,1,Lost
104994,2024-09-26,462,3,1444.88,2,3,4,Others
104995,2025-06-24,191,1,59.46,3,1,1,Others
104996,2024-11-25,402,2,548.24,2,2,2,Lost
104998,2025-06-30,185,3,2194.98,3,3,4,Others
104999,2025-12-16,16,6,3328.1,5,5,5,Champions
105000,2025-11-29,33,6,1440.1499999999999,5,5,4,Champions
105001,2025-08-12,142,3,511.54999999999995,3,3,2,Others
105002,2025-10-17,76,4,1884.6299999999999,4,4,4,Champions
105003,2023-08-27,858,1,139.69,1,1,1,Lost
105004,2025-11-09,53,8,2520.35,4,5,4,Champions
105005,2025-12-01,31,13,6810.35,5,5,5,Champions
105006,2024-04-11,630,1,1665.17,1,1,4,Lost
105008,2024-12-06,391,8,3058.77,2,5,5,At Risk
105009,2025-10-24,69,1,389.24,4,1,2,Potential Loyalists
105011,2024-11-07,420,4,406.88,2,4,2,Others
105012,2024-04-15,626,1,2238.94,1,1,4,Lost
105014,2025-12-12,20,2,903.4,5,2,3,Potential Loyalists
105015,2025-11-21,41,2,737.46,5,2,3,Potential Loyalists
105016,2025-11-20,42,6,2379.86,4,5,4,Champions
105018,2025-12-27,5,3,1115.6,5,3,3,Potential Loyalists
105019,2025-10-20,73,2,875.02,4,2,3,Potential Loyalists
105020,2025-12-31,1,3,1097.9199999999998,5,3,3,Potential Loyalists
105021,2024-04-17,624,1,175.65,1,1,1,Lost
105024,2023-10-13,811,1,1071.64,1,1,3,Lost
105025,2025-10-11,82,4,2603.27,4,4,4,Champions
105026,2025-10-17,76,16,7648.05,4,5,5,Champions
105027,2025-12-20,12,12,7344.12,5,5,5,Champions
105029,2025-10-04,89,8,4517.22,4,5,5,Champions
105030,2025-11-17,45,4,2549.3599999999997,4,4,4,Champions
105031,2025-09-22,101,2,2014.5900000000001,4,2,4,Potential Loyalists
105032,2023-05-31,946,1,1293.04,1,1,3,Lost
105034,2025-05-17,229,1,569.0799999999999,3,1,2,Others
105035,2024-08-25,494,3,2034.1100000000001,2,3,4,Others
105036,2025-12-26,6,1,74.71,5,1,1,Potential Loyalists
105037,2025-02-03,332,2,2495.53,2,2,4,Lost
105038,2025-08-20,134,1,1107.85,3,1,3,Others
105039,2025-10-13,80,11,4953.03,4,5,5,Champions
105041,2023-11-06,787,2,711.9100000000001,1,2,2,Lost
105042,2025-07-30,155,3,844.36,3,3,3,Others
105043,2024-11-30,397,2,660.13,2,2,2,Lost
105046,2024-07-29,521,1,540.22,2,1,2,Lost
105048,2025-08-05,149,9,4299.35,3,5,5,Loyal
105049,2023-10-14,810,2,676.8,1,2,2,Lost
105050,2025-06-30,185,3,909.5,3,3,3,Others
105051,2025-01-19,347,2,458.55,2,2,2,Lost
105052,2024-09-14,474,1,79.61,2,1,1,Lost
105054,2024-10-17,441,3,3354.31,2,3,5,Others
105056,2025-09-19,104,3,965.8399999999999,4,3,3,Potential Loyalists
105059,2023-02-08,1058,2,1114.45,1,2,3,Lost
105060,2023-12-01,762,1,145.98,1,1,1,Lost
105062,2025-07-12,173,2,1654.76,3,2,4,Others
105063,2025-12-05,27,15,7949.75,5,5,5,Champions
105064,2025-12-28,4,4,3616.27,5,4,5,Champions
105065,2025-12-21,11,1,1872.53,5,1,4,Potential Loyalists
105067,2024-10-31,427,2,236.9,2,2,1,Lost
105068,2024-11-22,405,1,425.79,2,1,2,Lost
105070,2025-11-07,55,4,1331.39,4,4,3,Loyal
105072,2025-03-23,284,3,1412.69,2,3,4,Others
105073,2025-11-08,54,9,6530.48,4,5,5,Champions
105075,2025-02-17,318,7,2136.66,2,5,4,At Risk
105076,2025-06-09,206,6,3012.46,3,5,5,Loyal
105077,2023-12-10,753,1,486.88,1,1,2,Lost
105078,2025-11-27,35,1,162.08,5,1,1,Potential Loyalists
105079,2023-07-03,913,1,36.42,1,1,1,Lost
105085,2025-07-27,158,5,3833.4199999999996,3,4,5,Loyal
105087,2025-12-15,17,3,711.86,5,3,2,Potential Loyalists
105088,2025-10-07,86,2,152.91,4,2,1,Potential Loyalists
105089,2025-09-18,105,4,840.1800000000001,4,4,3,Loyal
105090,2023-07-31,885,1,3012.87,1,1,5,Lost
105091,2024-11-09,418,1,218.35999999999999,2,1,1,Lost
105092,2025-11-29,33,8,7026.62,5,5,5,Champions
105093,2025-12-20,12,13,8260.82,5,5,5,Champions
105094,2025-07-20,165,2,720.6800000000001,3,2,2,Others
105096,2025-11-16,46,4,2289.18,4,4,4,Champions
105097,2025-04-18,258,2,787.26,3,2,3,Others
105098,2025-04-15,261,1,294.2,3,1,2,Others
105099,2025-02-20,315,3,839.35,2,3,3,Others
105100,2025-10-03,90,1,66.19,4,1,1,Potential Loyalists
105101,2025-12-09,23,16,5450.87,5,5,5,Champions
105103,2025-02-05,330,3,442.26,2,3,2,Others
105104,2025-07-20,165,3,1941.43,3,3,4,Others
105105,2024-01-26,706,2,717.08,1,2,2,Lost
105106,2025-04-26,250,3,467.62,3,3,2,Others
105107,2025-10-03,90,6,1186.54,4,5,3,Loyal
105108,2024-12-01,396,1,119.68,2,1,1,Lost
105109,2025-04-15,261,3,3320.59,3,3,5,Others
105110,2025-03-17,290,1,180.43,2,1,1,Lost
105111,2024-06-21,559,2,289.44,1,2,1,Lost
105115,2025-05-21,225,1,106.75,3,1,1,Others
105116,2025-11-02,60,4,2204.7000000000003,4,4,4,Champions
105117,2025-11-06,56,6,2415.3,4,5,4,Champions
105118,2025-06-11,204,9,5862.7,3,5,5,Loyal
105121,2025-06-03,212,1,69.01,3,1,1,Others
105122,2023-05-25,952,1,44.89,1,1,1,Lost
105123,2024-11-11,416,2,1147.43,2,2,3,Lost
105124,2024-07-17,533,2,220.3,2,2,1,Lost
105125,2025-12-02,30,3,1227.88,5,3,3,Potential Loyalists
105126,2025-07-11,174,4,899.1700000000001,3,4,3,Loyal
105127,2023-06-04,942,1,166.38,1,1,1,Lost
105130,2025-06-29,186,3,800.51,3,3,3,Others
105131,2025-06-14,201,2,1004.58,3,2,3,Others
105132,2025-10-30,63,9,3215.43,4,5,5,Champions
105133,2024-04-04,637,3,3705.54,1,3,5,Others
105135,2023-11-26,767,1,781.24,1,1,3,Lost
105138,2025-12-12,20,14,6070.54,5,5,5,Champions
105139,2025-08-26,128,6,2086.42,4,5,4,Champions
105141,2025-06-13,202,4,1069.08,3,4,3,Loyal
105142,2025-10-30,63,3,608.86,4,3,2,Potential Loyalists
105143,2025-06-02,213,3,868.0699999999999,3,3,3,Others
105145,2025-12-21,11,6,2391.6699999999996,5,5,4,Champions
105146,2025-01-08,358,3,1311.28,2,3,3,Others
105147,2024-01-12,720,1,562.0699999999999,1,1,2,Lost
105148,2025-10-26,67,2,660.6999999999999,4,2,2,Potential Loyalists
105149,2025-10-30,63,7,2564.53,4,5,4,Champions
105151,2025-10-01,92,3,1121.6200000000001,4,3,3,Potential Loyalists
105152,2025-08-04,150,2,134.49,3,2,1,Others
105153,2025-08-20,134,5,1947.3000000000002,3,4,4,Loyal
105154,2025-11-16,46,5,2617.8100000000004,4,4,4,Champions
105156,2025-12-29,3,10,8376.47,5,5,5,Champions
105157,2025-10-05,88,5,2314.97,4,4,4,Champions
105158,2025-09-03,120,1,68.86,4,1,1,Potential Loyalists
105160,2025-04-10,266,1,52.58,3,1,1,Others
105161,2025-01-30,336,2,1150.54,2,2,3,Lost
105163,2025-12-10,22,2,316.7,5,2,2,Potential Loyalists
105166,2025-02-05,330,4,1914.6100000000001,2,4,4,At Risk
105167,2024-08-09,510,4,8026.280000000001,2,4,5,At Risk
105168,2025-12-03,29,2,924.74,5,2,3,Potential Loyalists
105169,2024-01-15,717,1,177.12,1,1,1,Lost
105170,2025-12-19,13,6,1434.0500000000002,5,5,4,Champions
105171,2025-09-20,103,4,1230.82,4,4,3,Loyal
105172,2023-06-01,945,1,298.27,1,1,2,Lost
105173,2024-07-08,542,1,46.81,1,1,1,Lost
105174,2025-11-28,34,11,4963.01,5,5,5,Champions
105175,2024-11-05,422,2,723.29,2,2,2,Lost
105177,2025-06-03,212,3,1281.21,3,3,3,Others
105179,2025-07-14,171,1,366.29,3,1,2,Others
105180,2025-11-06,56,6,1333.66,4,5,3,Loyal
105181,2024-02-07,694,1,87.44,1,1,1,Lost
105182,2025-12-20,12,1,470.51,5,1,2,Potential Loyalists
105183,2025-08-06,148,4,1399.25,3,4,3,Loyal
105184,2025-06-26,189,6,3453.26,3,5,5,Loyal
105185,2025-10-02,91,20,12210.77,4,5,5,Champions
105187,2025-07-31,154,3,1853.25,3,3,4,Others
105189,2024-08-11,508,7,2676.69,2,5,5,At Risk
105192,2023-12-07,756,1,226.17000000000002,1,1,1,Lost
105193,2025-05-27,219,9,5672.72,3,5,5,Loyal
105195,2024-10-13,445,1,480.84999999999997,2,1,2,Lost
105196,2025-06-10,205,3,4379.31,3,3,5,Others
105197,2025-12-24,8,9,3018.94,5,5,5,Champions
105200,2024-12-16,381,3,1824.21,2,3,4,Others
105201,2024-06-28,552,1,58.53,1,1,1,Lost
105203,2024-10-20,438,7,2539.22,2,5,4,At Risk
105204,2025-10-30,63,3,969.4300000000001,4,3,3,Potential Loyalists
105207,2025-10-19,74,2,780.08,4,2,3,Potential Loyalists
105209,2025-12-11,21,4,1731.29,5,4,4,Champions
105210,2025-12-28,4,51,20540.16,5,5,5,Champions
105211,2025-12-11,21,1,279.56,5,1,1,Potential Loyalists
105212,2025-12-21,11,12,3228.63,5,5,5,Champions
105213,2025-12-12,20,7,3914.77,5,5,5,Champions
105215,2025-09-22,101,2,954.0400000000001,4,2,3,Potential Loyalists
105217,2025-12-01,31,5,1533.65,5,4,4,Champions
105218,2025-11-08,54,2,311.67,4,2,2,Potential Loyalists
105219,2023-09-27,827,1,491.73,1,1,2,Lost
105220,2025-11-21,41,1,419.64,5,1,2,Potential Loyalists
105221,2023-07-14,902,1,574.56,1,1,2,Lost
105222,2024-11-05,422,3,2128.11,2,3,4,Others
105223,2024-12-24,373,3,2108.43,2,3,4,Others
105224,2025-02-17,318,2,470.0,2,2,2,Lost
105225,2025-11-21,41,3,571.05,5,3,2,Potential Loyalists
105226,2024-06-16,564,1,84.35,1,1,1,Lost
105228,2025-07-12,173,1,1670.3600000000001,3,1,4,Others
105229,2025-06-27,188,6,1347.87,3,5,3,Loyal
105230,2025-08-02,152,1,81.69,3,1,1,Others
105231,2025-12-30,2,10,4727.99,5,5,5,Champions
105232,2025-01-19,347,2,1407.5,2,2,4,Lost
105233,2024-03-30,642,2,1271.52,1,2,3,Lost
105234,2024-04-15,626,2,367.22,1,2,2,Lost
105235,2025-06-06,209,5,1946.32,3,4,4,Loyal
105237,2024-08-08,511,1,102.82,2,1,1,Lost
105240,2025-05-07,239,2,972.56,3,2,3,Others
105242,2024-10-29,429,1,830.9200000000001,2,1,3,Lost
105243,2024-09-17,471,7,4391.219999999999,2,5,5,At Risk
105244,2024-05-04,607,2,581.24,1,2,2,Lost
105245,2025-05-17,229,2,214.4,3,2,1,Others
105246,2025-07-20,165,3,1149.81,3,3,3,Others
105247,2025-12-31,1,1,733.76,5,1,3,Potential Loyalists
105248,2025-02-22,313,2,80.49000000000001,2,2,1,Lost
105249,2025-12-25,7,5,3303.1299999999997,5,4,5,Champions
105251,2025-12-03,29,5,5258.5,5,4,5,Champions
105252,2025-11-08,54,4,1018.47,4,4,3,Loyal
105253,2025-12-13,19,2,742.78,5,2,3,Potential Loyalists
105254,2025-03-27,280,5,3177.07,3,4,5,Loyal
105256,2025-11-14,48,5,1076.76,4,4,3,Loyal
105259,2025-12-14,18,1,154.06,5,1,1,Potential Loyalists
105261,2025-08-25,129,5,2629.0,3,4,4,Loyal
105263,2024-09-29,459,3,1922.03,2,3,4,Others
105265,2025-12-16,16,7,4164.45,5,5,5,Champions
105266,2025-11-23,39,1,65.31,5,1,1,Potential Loyalists
105267,2025-03-05,302,3,386.18,2,3,2,Others
105268,2025-03-29,278,1,282.87,3,1,1,Others
105269,2025-09-15,108,2,1567.27,4,2,4,Potential Loyalists
105270,2024-12-01,396,1,807.4000000000001,2,1,3,Lost
105271,2025-10-03,90,5,3235.9599999999996,4,4,5,Champions
105273,2025-10-14,79,1,98.11999999999999,4,1,1,Potential Loyalists
105274,2024-09-02,486,3,1651.07,2,3,4,Others
105277,2025-11-20,42,6,1625.18,4,5,4,Champions
105278,2025-03-13,294,1,1099.9,2,1,3,Lost
105279,2025-09-04,119,6,1679.1200000000001,4,5,4,Champions
105280,2025-12-18,14,8,2104.48,5,5,4,Champions
105281,2025-10-20,73,4,997.35,4,4,3,Loyal
105282,2025-08-27,127,3,812.0699999999999,4,3,3,Potential Loyalists
105285,2025-12-27,5,19,5997.17,5,5,5,Champions
105286,2023-11-18,775,2,125.59,1,2,1,Lost
105287,2023-08-22,863,1,437.97,1,1,2,Lost
105288,2025-06-28,187,2,2289.61,3,2,4,Others
105291,2025-09-16,107,8,2026.81,4,5,4,Champions
105294,2024-03-16,656,4,643.48,1,4,2,Others
105295,2025-12-28,4,2,430.89,5,2,2,Potential Loyalists
105296,2025-12-31,1,5,1557.31,5,4,4,Champions
105297,2025-06-21,194,4,1652.8,3,4,4,Loyal
105299,2025-07-21,164,3,548.38,3,3,2,Others
105300,2025-10-24,69,13,4433.43,4,5,5,Champions
105301,2025-08-29,125,5,2430.63,4,4,4,Champions
105307,2025-05-15,231,1,605.44,3,1,2,Others
105308,2024-09-16,472,4,2497.24,2,4,4,At Risk
105309,2025-07-30,155,11,8409.8,3,5,5,Loyal
105310,2025-02-13,322,3,1381.0,2,3,3,Others
105311,2023-11-12,781,2,477.11,1,2,2,Lost
105312,2025-12-14,18,3,2283.19,5,3,4,Potential Loyalists
105313,2025-09-20,103,3,1132.3,4,3,3,Potential Loyalists
105314,2025-05-18,228,1,198.39,3,1,1,Others
105315,2025-10-19,74,6,1800.67,4,5,4,Champions
105316,2025-09-06,117,3,1283.3600000000001,4,3,3,Potential Loyalists
105318,2025-07-21,164,2,514.63,3,2,2,Others
105319,2025-08-01,153,8,1818.37,3,5,4,Loyal
105320,2025-12-21,11,2,525.09,5,2,2,Potential Loyalists
105321,2025-09-25,98,4,1454.58,4,4,4,Champions
105322,2025-02-21,314,10,2636.6,2,5,4,At Risk
105323,2025-07-22,163,1,1114.23,3,1,3,Others
105324,2023-04-19,988,1,114.62,1,1,1,Lost
105325,2025-06-30,185,1,207.8,3,1,1,Others
105326,2025-09-16,107,1,49.07,4,1,1,Potential Loyalists
105327,2025-05-11,235,1,414.1,3,1,2,Others
105329,2025-06-19,196,1,81.59,3,1,1,Others
105330,2023-05-18,959,1,84.2,1,1,1,Lost
105332,2025-11-25,37,9,6064.21,5,5,5,Champions
105334,2025-09-12,111,1,254.77,4,1,1,Potential Loyalists
105335,2024-06-07,573,1,42.08,1,1,1,Lost
105336,2025-12-01,31,20,5572.66,5,5,5,Champions
105337,2025-12-04,28,1,562.87,5,1,2,Potential Loyalists
105338,2025-07-10,175,7,5386.37,3,5,5,Loyal
105339,2023-12-31,732,1,33.14,1,1,1,Lost
105340,2025-12-27,5,1,1054.81,5,1,3,Potential Loyalists
105342,2024-02-19,682,1,319.08,1,1,2,Lost
105343,2025-12-17,15,17,6902.19,5,5,5,Champions
105344,2025-07-30,155,3,3643.36,3,3,5,Others
105345,2025-11-22,40,6,1787.61,5,5,4,Champions
105347,2025-08-31,123,2,891.97,4,2,3,Potential Loyalists
105349,2025-02-03,332,5,1613.75,2,4,4,At Risk
105350,2024-12-28,369,2,308.03,2,2,2,Lost
105351,2025-12-18,14,4,843.0999999999999,5,4,3,Loyal
105354,2025-12-21,11,9,1986.76,5,5,4,Champions
105355,2025-12-26,6,6,2298.44,5,5,4,Champions
105356,2025-10-12,81,2,1228.6599999999999,4,2,3,Potential Loyalists
105358,2025-10-12,81,6,2400.39,4,5,4,Champions
105359,2025-08-12,142,2,296.22,3,2,2,Others
105360,2025-12-10,22,6,2946.74,5,5,5,Champions
105361,2025-09-26,97,3,1590.1,4,3,4,Potential Loyalists
105362,2025-06-22,193,1,536.31,3,1,2,Others
105363,2023-05-02,975,1,158.18,1,1,1,Lost
105365,2023-08-05,880,1,1938.43,1,1,4,Lost
105366,2025-12-05,27,4,1986.78,5,4,4,Champions
105368,2024-08-04,515,4,599.45,2,4,2,Others
105370,2023-09-06,848,1,226.13,1,1,1,Lost
105371,2025-12-25,7,3,2702.43,5,3,5,Potential Loyalists
105374,2025-07-06,179,1,47.97,3,1,1,Others
105375,2025-07-29,156,4,1650.6699999999998,3,4,4,Loyal
105377,2025-05-17,229,3,1132.47,3,3,3,Others
105378,2025-11-12,50,1,1044.94,4,1,3,Potential Loyalists
105379,2025-11-02,60,4,2755.07,4,4,5,Champions
105380,2025-12-01,31,4,1494.44,5,4,4,Champions
105381,2025-12-01,31,6,4317.09,5,5,5,Champions
105382,2023-11-11,782,1,889.16,1,1,3,Lost
105383,2025-04-12,264,3,1427.3,3,3,4,Others
105384,2025-02-13,322,1,1662.46,2,1,4,Lost
105385,2025-11-14,48,2,156.49,4,2,1,Potential Loyalists
105387,2024-06-30,550,5,506.90000000000003,1,4,2,Others
105389,2024-06-28,552,2,2034.3300000000002,1,2,4,Lost
105391,2025-03-15,292,2,128.3,2,2,1,Lost
105392,2025-09-06,117,1,974.86,4,1,3,Potential Loyalists
105393,2024-02-15,686,2,193.19,1,2,1,Lost
105395,2025-10-27,66,5,2634.61,4,4,4,Champions
105398,2025-10-18,75,4,1630.48,4,4,4,Champions
105399,2025-10-04,89,6,1919.62,4,5,4,Champions
105400,2025-08-16,138,3,1009.4300000000001,3,3,3,Others
105401,2024-11-13,414,2,1636.82,2,2,4,Lost
105403,2025-10-21,72,11,6210.58,4,5,5,Champions
105404,2025-02-17,318,2,418.36,2,2,2,Lost
105405,2025-03-22,285,3,659.98,2,3,2,Others
105407,2025-12-09,23,3,868.75,5,3,3,Potential Loyalists
105408,2023-07-13,903,1,486.58,1,1,2,Lost
105409,2025-05-14,232,2,591.48,3,2,2,Others
105410,2025-09-18,105,3,651.9300000000001,4,3,2,Potential Loyalists
105412,2025-08-13,141,10,3290.5099999999998,3,5,5,Loyal
105416,2025-11-14,48,18,6907.32,4,5,5,Champions
105420,2024-11-05,422,1,62.68,2,1,1,Lost
105421,2025-07-18,167,1,330.13,3,1,2,Others
105423,2023-09-28,826,1,1236.63,1,1,3,Lost
105424,2023-05-09,968,1,130.84,1,1,1,Lost
105425,2025-12-22,10,7,1214.98,5,5,3,Loyal
105426,2025-10-18,75,2,469.46,4,2,2,Potential Loyalists
105427,2024-03-11,661,1,1767.87,1,1,4,Lost
105428,2024-11-11,416,1,22.62,2,1,1,Lost
105429,2024-12-18,379,2,1184.52,2,2,3,Lost
105430,2025-10-01,92,5,1416.67,4,4,4,Champions
105431,2025-07-28,157,1,641.25,3,1,2,Others
105433,2025-06-04,211,2,518.3699999999999,3,2,2,Others
105435,2025-08-22,132,1,871.64,3,1,3,Others
105436,2024-07-26,524,2,1418.9099999999999,2,2,4,Lost
105437,2024-11-20,407,3,2201.74,2,3,4,Others
105439,2023-09-19,835,1,755.6700000000001,1,1,3,Lost
105440,2024-05-07,604,1,61.33,1,1,1,Lost
105441,2025-11-06,56,2,788.7600000000001,4,2,3,Potential Loyalists
105442,2025-12-01,31,1,42.89,5,1,1,Potential Loyalists
105443,2025-12-29,3,6,4432.9800000000005,5,5,5,Champions
105445,2025-12-07,25,2,427.64,5,2,2,Potential Loyalists
105446,2024-11-19,408,2,980.0400000000001,2,2,3,Lost
105447,2025-12-03,29,1,605.0,5,1,2,Potential Loyalists
105449,2025-12-10,22,3,676.75,5,3,2,Potential Loyalists
105450,2024-05-27,584,1,1003.05,1,1,3,Lost
105451,2025-12-19,13,22,10359.91,5,5,5,Champions
105452,2024-05-16,595,2,1729.8000000000002,1,2,4,Lost
105453,2025-09-29,94,2,2047.55,4,2,4,Potential Loyalists
105454,2025-02-17,318,1,1103.15,2,1,3,Lost
105455,2023-12-24,739,2,1103.66,1,2,3,Lost
105456,2025-12-21,11,3,1420.29,5,3,4,Potential Loyalists
105457,2025-10-26,67,3,820.57,4,3,3,Potential Loyalists
105459,2025-07-06,179,2,142.24,3,2,1,Others
105460,2025-07-03,182,3,3374.99,3,3,5,Others
105462,2024-10-30,428,4,1539.7399999999998,2,4,4,At Risk
105463,2025-08-16,138,2,1804.84,3,2,4,Others
105464,2025-01-03,363,4,1325.4,2,4,3,At Risk
105465,2023-09-19,835,1,464.21000000000004,1,1,2,Lost
105466,2024-11-04,423,1,781.64,2,1,3,Lost
105467,2025-10-12,81,7,2946.82,4,5,5,Champions
105468,2025-07-31,154,1,49.34,3,1,1,Others
105470,2024-02-19,682,2,1124.98,1,2,3,Lost
105473,2024-12-13,384,2,464.8,2,2,2,Lost
105474,2023-08-05,880,2,293.22,1,2,1,Lost
105475,2024-06-15,565,1,26.28,1,1,1,Lost
105477,2025-08-22,132,7,1542.84,3,5,4,Loyal
105478,2024-12-18,379,1,47.0,2,1,1,Lost
105479,2025-01-01,365,3,2919.79,2,3,5,Others
105480,2025-04-14,262,1,27.88,3,1,1,Others
105481,2025-04-05,271,6,3067.93,3,5,5,Loyal
105482,2023-01-10,1087,1,857.53,1,1,3,Lost
105483,2025-07-23,162,2,2043.23,3,2,4,Others
105484,2023-07-10,906,1,250.99,1,1,1,Lost
105485,2025-03-08,299,8,6964.5599999999995,2,5,5,At Risk
105486,2025-07-04,181,5,1649.36,3,4,4,Loyal
105487,2025-11-29,33,3,1883.3600000000001,5,3,4,Potential Loyalists
105491,2023-02-04,1062,1,51.19,1,1,1,Lost
105492,2025-11-30,32,3,583.01,5,3,2,Potential Loyalists
105493,2024-04-29,612,1,47.160000000000004,1,1,1,Lost
105494,2024-05-30,581,2,1536.03,1,2,4,Lost
105496,2025-12-28,4,1,193.34,5,1,1,Potential Loyalists
105497,2025-11-07,55,7,1988.44,4,5,4,Champions
105498,2025-07-13,172,4,369.37,3,4,2,Others
105499,2025-07-01,184,5,1726.0800000000002,3,4,4,Loyal
105500,2025-11-06,56,1,769.37,4,1,3,Potential Loyalists
105501,2025-12-12,20,15,8767.78,5,5,5,Champions
105502,2023-07-20,896,1,205.23,1,1,1,Lost
105504,2023-09-20,834,1,1144.21,1,1,3,Lost
105505,2025-06-08,207,1,216.57,3,1,1,Others
105506,2025-12-26,6,7,4392.1900000000005,5,5,5,Champions
105508,2024-07-06,544,3,136.12,1,3,1,Others
105509,2025-05-07,239,2,890.76,3,2,3,Others
105510,2025-12-03,29,2,574.7,5,2,2,Potential Loyalists
105512,2024-07-13,537,3,189.68,1,3,1,Others
105513,2025-10-15,78,8,4043.38,4,5,5,Champions
105516,2025-11-04,58,3,3606.24,4,3,5,Potential Loyalists
105517,2023-11-03,790,1,1347.24,1,1,3,Lost
105518,2024-08-23,496,3,3062.26,2,3,5,Others
105520,2025-11-21,41,4,1978.66,5,4,4,Champions
105521,2025-03-07,300,2,2923.79,2,2,5,Lost
105522,2025-02-14,321,2,408.84000000000003,2,2,2,Lost
105523,2024-04-10,631,1,1111.83,1,1,3,Lost
105524,2023-11-24,769,1,379.04999999999995,1,1,2,Lost
105525,2025-12-23,9,4,1637.9299999999998,5,4,4,Champions
105526,2025-12-02,30,7,2746.1600000000003,5,5,5,Champions
105527,2024-08-09,510,1,1043.44,2,1,3,Lost
105528,2023-01-20,1077,1,506.84000000000003,1,1,2,Lost
105529,2025-11-27,35,7,2751.54,5,5,5,Champions
105530,2023-02-02,1064,1,200.09,1,1,1,Lost
105532,2024-11-29,398,2,2581.27,2,2,4,Lost
105534,2025-01-03,363,5,4041.22,2,4,5,At Risk
105535,2025-12-21,11,2,335.49,5,2,2,Potential Loyalists
105536,2025-05-16,230,1,156.67,3,1,1,Others
105537,2025-12-31,1,8,3793.7200000000003,5,5,5,Champions
105538,2024-08-30,489,1,123.28,2,1,1,Lost
105539,2023-11-10,783,1,287.86,1,1,1,Lost
105541,2025-11-07,55,1,409.75,4,1,2,Potential Loyalists
105542,2025-06-02,213,7,3479.9,3,5,5,Loyal
105543,2025-01-03,363,1,228.92000000000002,2,1,1,Lost
105544,2024-07-04,546,4,1453.32,1,4,4,At Risk
105545,2025-09-18,105,7,2416.3900000000003,4,5,4,Champions
105546,2023-07-03,913,3,203.53,1,3,1,Others
105547,2025-02-10,325,1,482.37,2,1,2,Lost
105550,2023-12-30,733,3,3074.2000000000003,1,3,5,Others
105551,2024-02-17,684,1,80.84,1,1,1,Lost
105553,2025-06-25,190,4,1960.42,3,4,4,Loyal
105554,2023-12-09,754,2,1251.76,1,2,3,Lost
105555,2024-07-16,534,1,899.84,1,1,3,Lost
105557,2025-02-08,327,4,1458.0900000000001,2,4,4,At Risk
105559,2024-09-05,483,1,80.48,2,1,1,Lost
105560,2024-09-10,478,1,700.5500000000001,2,1,2,Lost
105561,2024-11-04,423,2,671.23,2,2,2,Lost
105562,2024-01-30,702,1,62.44,1,1,1,Lost
105563,2025-05-18,228,2,830.87,3,2,3,Others
105565,2024-04-05,636,1,984.1,1,1,3,Lost
105566,2025-10-22,71,6,2676.66,4,5,5,Champions
105567,2025-07-16,169,1,184.65,3,1,1,Others
105568,2025-12-23,9,19,9455.07,5,5,5,Champions
105570,2025-12-21,11,8,4170.45,5,5,5,Champions
105572,2024-01-21,711,1,93.86,1,1,1,Lost
105573,2025-05-23,223,2,988.05,3,2,3,Others
105575,2025-10-28,65,5,718.0799999999999,4,4,2,Others
105576,2025-12-28,4,9,2574.64,5,5,4,Champions
105578,2025-12-11,21,15,4934.77,5,5,5,Champions
105581,2025-06-26,189,2,913.41,3,2,3,Others
105582,2023-05-26,951,1,1373.12,1,1,3,Lost
105583,2024-07-08,542,4,3866.2799999999997,1,4,5,At Risk
105585,2024-07-17,533,1,255.23999999999998,2,1,1,Lost
105586,2025-01-14,352,1,293.45,2,1,1,Lost
105587,2025-10-18,75,1,2514.74,4,1,4,Potential Loyalists
105588,2024-12-06,391,2,1892.39,2,2,4,Lost
105589,2025-12-02,30,4,2858.45,5,4,5,Champions
105590,2025-12-30,2,3,1523.79,5,3,4,Potential Loyalists
105592,2025-10-08,85,6,2461.73,4,5,4,Champions
105593,2024-11-22,405,2,793.89,2,2,3,Lost
105594,2025-11-19,43,3,807.5999999999999,4,3,3,Potential Loyalists
105595,2023-12-21,742,1,124.09,1,1,1,Lost
105596,2024-11-06,421,4,1288.6999999999998,2,4,3,At Risk
105597,2025-11-23,39,11,6035.610000000001,5,5,5,Champions
105598,2025-06-27,188,3,3007.14,3,3,5,Others
105599,2025-08-03,151,13,4934.62,3,5,5,Loyal
105600,2025-08-21,133,2,219.33,3,2,1,Others
105601,2025-07-15,170,4,2092.1699999999996,3,4,4,Loyal
105603,2023-09-25,829,1,98.7,1,1,1,Lost
105604,2025-11-01,61,3,592.02,4,3,2,Potential Loyalists
105605,2025-12-30,2,3,830.95,5,3,3,Potential Loyalists
105607,2025-07-25,160,3,3434.36,3,3,5,Others
105609,2025-08-29,125,2,1072.05,4,2,3,Potential Loyalists
105610,2025-05-17,229,5,2122.4700000000003,3,4,4,Loyal
105611,2024-08-05,514,1,1017.42,2,1,3,Lost
105612,2024-12-15,382,3,1391.8,2,3,3,Others
105613,2024-04-10,631,1,968.1100000000001,1,1,3,Lost
105614,2024-11-02,425,2,255.81999999999996,2,2,1,Lost
105615,2024-09-20,468,2,669.3,2,2,2,Lost
105617,2025-06-01,214,1,56.78,3,1,1,Others
105620,2025-09-30,93,2,125.84,4,2,1,Potential Loyalists
105621,2025-05-16,230,5,1813.0,3,4,4,Loyal
105622,2024-12-17,380,2,163.0,2,2,1,Lost
105624,2024-10-07,451,1,99.13,2,1,1,Lost
105625,2025-10-12,81,6,923.24,4,5,3,Loyal
105626,2024-08-10,509,1,757.61,2,1,3,Lost
105627,2025-10-22,71,2,660.45,4,2,2,Potential Loyalists
105628,2023-01-13,1084,1,945.61,1,1,3,Lost
105629,2025-03-13,294,2,1657.6,2,2,4,Lost
105630,2025-07-11,174,1,157.18,3,1,1,Others
105631,2025-11-21,41,4,1342.03,5,4,3,Loyal
105632,2024-12-06,391,4,1512.51,2,4,4,At Risk
105633,2025-11-26,36,1,1363.2,5,1,3,Potential Loyalists
105634,2025-07-19,166,8,3364.13,3,5,5,Loyal
105635,2025-06-13,202,2,76.44,3,2,1,Others
105636,2025-01-26,340,1,138.4,2,1,1,Lost
105638,2024-11-05,422,1,207.32999999999998,2,1,1,Lost
105639,2025-11-30,32,3,2754.86,5,3,5,Potential Loyalists
105640,2025-08-01,153,2,590.8199999999999,3,2,2,Others
105642,2025-03-01,306,2,611.24,2,2,2,Lost
105643,2025-04-01,275,1,49.51,3,1,1,Others
105644,2024-05-23,588,2,2876.0600000000004,1,2,5,Lost
105648,2025-05-06,240,7,4333.88,3,5,5,Loyal
105650,2025-12-25,7,25,8714.64,5,5,5,Champions
105651,2025-12-30,2,2,85.93,5,2,1,Potential Loyalists
105652,2025-07-17,168,1,91.98,3,1,1,Others
105653,2025-04-08,268,2,300.78,3,2,2,Others
105654,2025-04-24,252,12,7162.11,3,5,5,Loyal
105655,2025-07-11,174,3,1051.46,3,3,3,Others
105658,2025-12-18,14,9,4672.55,5,5,5,Champions
105659,2025-12-23,9,6,2698.57,5,5,5,Champions
105660,2025-04-05,271,2,618.49,3,2,2,Others
105661,2025-12-17,15,1,343.21000000000004,5,1,2,Potential Loyalists
105662,2025-11-09,53,3,848.4599999999999,4,3,3,Potential Loyalists
105663,2025-12-24,8,13,4131.099999999999,5,5,5,Champions
105664,2025-08-06,148,1,549.29,3,1,2,Others
105665,2024-09-08,480,4,961.71,2,4,3,At Risk
105666,2024-10-07,451,1,183.52,2,1,1,Lost
105667,2025-12-17,15,4,2082.11,5,4,4,Champions
105668,2025-04-01,275,4,764.88,3,4,3,Loyal
105670,2025-12-18,14,2,1121.4099999999999,5,2,3,Potential Loyalists
105671,2025-12-22,10,9,4980.92,5,5,5,Champions
105674,2025-07-11,174,6,1187.79,3,5,3,Loyal
105677,2025-02-21,314,3,587.82,2,3,2,Others
105678,2025-12-22,10,16,2845.91,5,5,5,Champions
105680,2025-01-15,351,1,916.21,2,1,3,Lost
105683,2023-02-23,1043,1,423.89,1,1,2,Lost
105685,2023-10-26,798,1,731.24,1,1,3,Lost
105687,2024-02-07,694,2,2596.42,1,2,4,Lost
105688,2024-01-15,717,1,585.81,1,1,2,Lost
105690,2023-12-06,757,2,314.13,1,2,2,Lost
105692,2025-09-13,110,5,5771.25,4,4,5,Champions
105693,2023-09-12,842,1,133.84,1,1,1,Lost
105694,2025-07-09,176,5,1423.54,3,4,4,Loyal
105697,2023-11-14,779,1,548.85,1,1,2,Lost
105698,2025-11-23,39,4,860.38,5,4,3,Loyal
105699,2025-09-11,112,4,763.35,4,4,3,Loyal
105700,2025-11-12,50,2,363.3,4,2,2,Potential Loyalists
105702,2025-09-14,109,9,2230.89,4,5,4,Champions
105703,2025-08-03,151,3,1315.1599999999999,3,3,3,Others
105704,2024-01-13,719,1,107.86,1,1,1,Lost
105705,2025-01-18,348,6,2736.52,2,5,5,At Risk
105706,2025-09-20,103,2,817.97,4,2,3,Potential Loyalists
105707,2024-05-27,584,1,189.94,1,1,1,Lost
105708,2025-09-03,120,3,734.33,4,3,3,Potential Loyalists
105711,2024-05-29,582,2,576.11,1,2,2,Lost
105712,2025-12-21,11,18,4433.62,5,5,5,Champions
105713,2025-10-17,76,1,1420.1399999999999,4,1,4,Potential Loyalists
105715,2025-01-05,361,3,337.83,2,3,2,Others
105716,2025-04-27,249,2,182.98000000000002,3,2,1,Others
105717,2025-04-30,246,4,1894.6499999999999,3,4,4,Loyal
105718,2025-12-23,9,2,2515.34,5,2,4,Potential Loyalists
105719,2023-02-27,1039,1,171.74,1,1,1,Lost
105720,2024-03-17,655,3,2153.64,1,3,4,Others
105721,2025-04-02,274,2,2839.42,3,2,5,Others
105722,2025-03-19,288,2,244.79,2,2,1,Lost
105723,2024-12-30,367,1,166.88,2,1,1,Lost
105724,2025-01-03,363,2,233.31,2,2,1,Lost
105726,2025-10-21,72,3,359.69,4,3,2,Potential Loyalists
105728,2023-06-01,945,2,847.55,1,2,3,Lost
105729,2025-10-28,65,3,1561.46,4,3,4,Potential Loyalists
105731,2025-09-02,121,10,3485.43,4,5,5,Champions
105734,2024-10-13,445,1,219.8,2,1,1,Lost
105735,2025-08-02,152,1,2375.7,3,1,4,Others
105736,2025-03-06,301,1,399.8,2,1,2,Lost
105737,2025-07-06,179,7,5059.4,3,5,5,Loyal
105738,2025-11-26,36,2,181.4,5,2,1,Potential Loyalists
105739,2025-09-01,122,11,9248.8,4,5,5,Champions
105741,2023-11-02,791,2,470.08000000000004,1,2,2,Lost
105743,2025-10-26,67,1,40.95,4,1,1,Potential Loyalists
105744,2025-03-10,297,10,11239.1,2,5,5,At Risk
105745,2025-08-28,126,1,171.01,4,1,1,Potential Loyalists
105746,2025-12-28,4,2,192.95,5,2,1,Potential Loyalists
105747,2025-05-04,242,4,2396.55,3,4,4,Loyal
105748,2025-10-11,82,29,10769.94,4,5,5,Champions
105749,2025-06-11,204,2,3079.81,3,2,5,Others
105750,2025-09-24,99,6,1854.01,4,5,4,Champions
105752,2025-01-22,344,1,283.67,2,1,1,Lost
105753,2025-12-14,18,1,58.24,5,1,1,Potential Loyalists
105756,2024-10-09,449,3,183.23,2,3,1,Others
105757,2025-08-08,146,3,1894.6,3,3,4,Others
105760,2024-12-09,388,6,1298.94,2,5,3,At Risk
105762,2025-12-26,6,7,2864.97,5,5,5,Champions
105763,2024-11-24,403,2,717.04,2,2,2,Lost
105764,2025-12-28,4,29,12298.19,5,5,5,Champions
105765,2025-11-16,46,8,2146.48,4,5,4,Champions
105766,2025-09-20,103,3,372.35,4,3,2,Potential Loyalists
105768,2025-11-16,46,10,5943.65,4,5,5,Champions
105769,2025-07-20,165,2,506.82,3,2,2,Others
105770,2025-12-22,10,4,1507.56,5,4,4,Champions
105773,2025-08-05,149,1,253.72,3,1,1,Others
105775,2025-12-27,5,4,2255.71,5,4,4,Champions
105776,2024-04-03,638,1,27.67,1,1,1,Lost
105777,2025-11-10,52,1,199.72,4,1,1,Potential Loyalists
105778,2023-10-12,812,1,539.81,1,1,2,Lost
105779,2025-08-27,127,11,5085.94,4,5,5,Champions
105781,2025-10-15,78,2,664.51,4,2,2,Potential Loyalists
105782,2025-09-29,94,1,1312.33,4,1,3,Potential Loyalists
105783,2025-03-02,305,6,1272.18,2,5,3,At Risk
105785,2025-03-02,305,3,1440.03,2,3,4,Others
105787,2024-04-27,614,1,864.97,1,1,3,Lost
105788,2024-06-19,561,1,489.8,1,1,2,Lost
105789,2023-04-24,983,1,1083.8,1,1,3,Lost
105790,2024-11-22,405,2,768.75,2,2,3,Lost
105791,2025-11-19,43,2,583.65,4,2,2,Potential Loyalists
105792,2025-06-12,203,6,3413.12,3,5,5,Loyal
105793,2025-09-30,93,5,519.8,4,4,2,Others
105794,2024-10-02,456,1,255.46,2,1,1,Lost
105795,2024-07-23,527,1,662.5899999999999,2,1,2,Lost
105796,2025-10-09,84,3,1217.72,4,3,3,Potential Loyalists
105797,2023-10-09,815,2,305.81,1,2,2,Lost
105800,2025-11-08,54,4,752.83,4,4,3,Loyal
105801,2025-12-06,26,6,1719.3700000000001,5,5,4,Champions
105802,2023-03-13,1025,1,58.120000000000005,1,1,1,Lost
105804,2025-01-22,344,1,841.04,2,1,3,Lost
105805,2025-10-23,70,1,985.14,4,1,3,Potential Loyalists
105806,2025-12-15,17,4,3865.92,5,4,5,Champions
105807,2024-06-06,574,1,81.59,1,1,1,Lost
105809,2025-10-05,88,2,1242.94,4,2,3,Potential Loyalists
105810,2025-11-14,48,2,357.69,4,2,2,Potential Loyalists
105811,2023-02-02,1064,1,1331.31,1,1,3,Lost
105812,2025-04-29,247,6,2389.2,3,5,4,Loyal
105813,2025-03-13,294,9,4363.21,2,5,5,At Risk
105814,2025-04-08,268,2,363.82,3,2,2,Others
105815,2024-05-23,588,2,1153.04,1,2,3,Lost
105816,2024-12-28,369,4,1102.03,2,4,3,At Risk
105817,2024-12-03,394,1,84.82,2,1,1,Lost
105818,2024-08-10,509,5,1792.67,2,4,4,At Risk
105819,2024-11-24,403,1,1573.49,2,1,4,Lost
105820,2025-04-20,256,1,705.2099999999999,3,1,2,Others
105821,2023-10-04,820,2,562.52,1,2,2,Lost
105822,2025-02-01,334,3,996.78,2,3,3,Others
105824,2025-11-05,57,3,2794.7599999999998,4,3,5,Potential Loyalists
105825,2025-12-07,25,8,4892.71,5,5,5,Champions
105828,2025-11-13,49,25,15777.98,4,5,5,Champions
105830,2024-04-21,620,3,774.6800000000001,1,3,3,Others
105831,2025-11-30,32,11,6623.97,5,5,5,Champions
105832,2025-12-03,29,8,5473.12,5,5,5,Champions
105833,2025-12-16,16,2,1356.24,5,2,3,Potential Loyalists
105834,2025-12-09,23,10,2765.82,5,5,5,Champions
105835,2025-08-03,151,1,50.17,3,1,1,Others
105836,2024-12-05,392,1,397.22,2,1,2,Lost
105837,2025-06-06,209,2,476.17,3,2,2,Others
105838,2025-11-27,35,4,1633.58,5,4,4,Champions
105839,2024-11-03,424,2,134.51999999999998,2,2,1,Lost
105840,2025-07-05,180,2,1922.0,3,2,4,Others
105843,2025-11-21,41,1,836.3800000000001,5,1,3,Potential Loyalists
105844,2025-10-08,85,3,411.82,4,3,2,Potential Loyalists
105845,2025-11-09,53,3,293.66999999999996,4,3,2,Potential Loyalists
105846,2025-07-18,167,12,4300.2699999999995,3,5,5,Loyal
105847,2025-05-12,234,2,577.33,3,2,2,Others
105848,2024-06-21,559,3,802.35,1,3,3,Others
105849,2025-12-15,17,11,5744.33,5,5,5,Champions
105850,2025-10-15,78,21,13403.11,4,5,5,Champions
105851,2025-08-15,139,5,2045.1299999999999,3,4,4,Loyal
105853,2024-05-25,586,1,172.43,1,1,1,Lost
105854,2025-12-19,13,1,1287.14,5,1,3,Potential Loyalists
105855,2024-07-05,545,2,849.48,1,2,3,Lost
105856,2025-11-20,42,15,4457.28,4,5,5,Champions
105857,2025-03-09,298,2,564.6600000000001,2,2,2,Lost
105859,2025-06-08,207,4,3033.99,3,4,5,Loyal
105861,2025-06-01,214,4,893.92,3,4,3,Loyal
105862,2025-11-03,59,2,181.26,4,2,1,Potential Loyalists
105863,2025-04-18,258,4,761.45,3,4,3,Loyal
105864,2025-12-03,29,3,1950.48,5,3,4,Potential Loyalists
105866,2025-03-04,303,1,466.03,2,1,2,Lost
105868,2025-04-29,247,1,510.04999999999995,3,1,2,Others
105870,2025-07-15,170,3,2010.34,3,3,4,Others
105871,2024-10-09,449,3,1036.7,2,3,3,Others
105872,2024-05-28,583,2,765.77,1,2,3,Lost
105873,2023-02-22,1044,1,222.66,1,1,1,Lost
105874,2024-06-28,552,3,2010.76,1,3,4,Others
105875,2024-01-28,704,1,26.37,1,1,1,Lost
105876,2025-10-04,89,5,4348.05,4,4,5,Champions
105879,2025-05-18,228,1,627.2,3,1,2,Others
105881,2025-08-21,133,3,259.85,3,3,1,Others
105882,2023-11-09,784,1,135.54000000000002,1,1,1,Lost
105883,2024-11-28,399,2,81.88,2,2,1,Lost
105884,2024-10-24,434,1,327.22,2,1,2,Lost
105885,2024-01-11,721,1,178.38,1,1,1,Lost
105886,2025-07-11,174,5,1637.1,3,4,4,Loyal
105887,2023-03-27,1011,1,93.73,1,1,1,Lost
105888,2025-06-27,188,1,1387.63,3,1,3,Others
105890,2025-04-16,260,2,1023.03,3,2,3,Others
105891,2025-06-11,204,3,1676.96,3,3,4,Others
105892,2024-11-29,398,2,292.51,2,2,1,Lost
105893,2024-06-25,555,2,357.03999999999996,1,2,2,Lost
105895,2024-12-08,389,5,344.61,2,4,2,Others
105897,2025-11-15,47,2,1539.97,4,2,4,Potential Loyalists
105898,2025-12-25,7,16,6897.88,5,5,5,Champions
105900,2023-05-08,969,2,1762.7399999999998,1,2,4,Lost
105901,2025-08-19,135,2,859.71,3,2,3,Others
105902,2023-12-15,748,2,734.15,1,2,3,Lost
105903,2025-01-19,347,2,2919.86,2,2,5,Lost
105904,2025-02-24,311,2,2129.49,2,2,4,Lost
105905,2025-10-24,69,7,1774.79,4,5,4,Champions
105906,2023-12-10,753,2,425.46,1,2,2,Lost
105908,2025-11-17,45,9,2417.93,4,5,4,Champions
105909,2024-04-14,627,1,1440.29,1,1,4,Lost
105910,2025-03-07,300,1,720.73,2,1,2,Lost
105911,2024-02-05,696,1,1028.81,1,1,3,Lost
105912,2025-08-08,146,4,3729.47,3,4,5,Loyal
105913,2024-10-18,440,2,1401.73,2,2,3,Lost
105914,2025-08-23,131,2,315.11,3,2,2,Others
105915,2024-03-25,647,1,58.879999999999995,1,1,1,Lost
105916,2023-10-07,817,1,243.41,1,1,1,Lost
105918,2023-09-26,828,1,1245.57,1,1,3,Lost
105919,2023-08-10,875,1,658.19,1,1,2,Lost
105920,2025-06-08,207,1,390.71000000000004,3,1,2,Others
105921,2025-02-09,326,4,2099.37,2,4,4,At Risk
105922,2024-01-23,709,5,1524.6299999999999,1,4,4,At Risk
105923,2024-12-12,385,2,170.77,2,2,1,Lost
105924,2025-11-09,53,6,2529.63,4,5,4,Champions
105925,2023-02-16,1050,1,671.12,1,1,2,Lost
105926,2025-11-16,46,3,1281.1699999999998,4,3,3,Potential Loyalists
105927,2024-12-03,394,2,2971.61,2,2,5,Lost
105929,2024-07-03,547,2,1385.94,1,2,3,Lost
105930,2024-07-11,539,1,224.84,1,1,1,Lost
105931,2025-09-24,99,2,477.21000000000004,4,2,2,Potential Loyalists
105933,2025-12-17,15,3,1231.54,5,3,3,Potential Loyalists
105934,2025-12-29,3,4,3663.08,5,4,5,Champions
105935,2025-09-08,115,8,2598.49,4,5,4,Champions
105936,2025-09-18,105,12,3949.97,4,5,5,Champions
105937,2023-07-25,891,1,133.24,1,1,1,Lost
105939,2025-11-22,40,5,432.23,5,4,2,Others
105940,2025-11-13,49,2,375.83,4,2,2,Potential Loyalists
105941,2025-12-05,27,5,1406.31,5,4,4,Champions
105943,2024-12-03,394,2,1211.32,2,2,3,Lost
105946,2025-09-18,105,3,2555.22,4,3,4,Potential Loyalists
105948,2025-10-04,89,16,6696.63,4,5,5,Champions
105949,2024-04-21,620,1,850.52,1,1,3,Lost
105951,2024-12-07,390,3,606.75,2,3,2,Others
105952,2025-12-20,12,9,4541.45,5,5,5,Champions
105953,2025-08-13,141,5,5139.96,3,4,5,Loyal
105954,2023-11-11,782,1,22.11,1,1,1,Lost
105957,2025-01-21,345,2,1780.4,2,2,4,Lost
105959,2025-07-12,173,3,383.86,3,3,2,Others
105960,2024-08-05,514,1,295.0,2,1,2,Lost
105961,2025-12-15,17,4,1228.29,5,4,3,Loyal
105962,2024-04-02,639,1,1398.6,1,1,3,Lost
105964,2025-03-08,299,6,2238.33,2,5,4,At Risk
105967,2023-10-11,813,1,30.9,1,1,1,Lost
105969,2025-12-21,11,10,5074.0599999999995,5,5,5,Champions
105972,2025-09-11,112,3,236.88,4,3,1,Potential Loyalists
105975,2024-12-06,391,2,1129.92,2,2,3,Lost
105976,2025-08-22,132,5,2767.56,3,4,5,Loyal
105980,2025-09-20,103,1,94.22,4,1,1,Potential Loyalists
105981,2025-12-01,31,9,2370.84,5,5,4,Champions
105982,2024-06-19,561,1,26.59,1,1,1,Lost
105983,2025-11-18,44,1,327.6,4,1,2,Potential Loyalists
105984,2025-01-01,365,2,423.0,2,2,2,Lost
105985,2025-11-06,56,4,1716.43,4,4,4,Champions
105986,2025-09-21,102,8,7780.36,4,5,5,Champions
105988,2025-11-16,46,7,2780.94,4,5,5,Champions
105989,2025-10-04,89,3,1945.12,4,3,4,Potential Loyalists
105990,2024-09-21,467,2,562.9,2,2,2,Lost
105991,2024-12-18,379,3,1741.02,2,3,4,Others
105993,2025-11-02,60,2,2197.93,4,2,4,Potential Loyalists
105995,2024-11-24,403,3,320.15999999999997,2,3,2,Others
105998,2025-12-09,23,5,1140.71,5,4,3,Loyal
106000,2025-12-30,2,18,12532.140000000001,5,5,5,Champions
106001,2025-06-24,191,1,121.12,3,1,1,Others
106002,2025-12-28,4,3,1070.67,5,3,3,Potential Loyalists
106003,2025-12-30,2,1,352.20000000000005,5,1,2,Potential Loyalists
106004,2025-12-18,14,1,333.01,5,1,2,Potential Loyalists
106005,2025-03-07,300,1,58.7,2,1,1,Lost
106008,2025-10-19,74,6,1606.46,4,5,4,Champions
106009,2025-12-21,11,14,3622.24,5,5,5,Champions
106010,2023-06-10,936,1,144.89,1,1,1,Lost
106011,2025-12-30,2,1,79.1,5,1,1,Potential Loyalists
106012,2025-11-08,54,3,1555.63,4,3,4,Potential Loyalists
106013,2023-08-22,863,1,676.75,1,1,2,Lost
106014,2025-04-18,258,1,393.35,3,1,2,Others
106015,2025-01-27,339,1,1049.2,2,1,3,Lost
106016,2025-05-09,237,3,1091.44,3,3,3,Others
106017,2023-08-29,856,1,29.01,1,1,1,Lost
106018,2023-10-01,823,2,464.01,1,2,2,Lost
106019,2025-11-14,48,3,542.36,4,3,2,Potential Loyalists
106020,2025-08-02,152,10,5170.65,3,5,5,Loyal
106021,2025-12-23,9,5,1817.78,5,4,4,Champions
106023,2025-01-01,365,1,1441.77,2,1,4,Lost
106024,2025-07-14,171,2,518.03,3,2,2,Others
106029,2025-12-10,22,3,2940.31,5,3,5,Potential Loyalists
106031,2025-12-06,26,6,2183.56,5,5,4,Champions
106032,2024-08-20,499,1,400.14,2,1,2,Lost
106034,2025-11-29,33,1,850.74,5,1,3,Potential Loyalists
106035,2025-12-08,24,7,2605.21,5,5,4,Champions
106036,2025-08-08,146,4,727.97,3,4,2,Others
106037,2025-12-30,2,1,57.73,5,1,1,Potential Loyalists
106042,2024-05-22,589,1,216.26,1,1,1,Lost
106044,2025-04-06,270,2,584.31,3,2,2,Others
106045,2023-11-29,764,1,543.77,1,1,2,Lost
106046,2025-10-13,80,2,1292.12,4,2,3,Potential Loyalists
106049,2025-12-19,13,13,5206.04,5,5,5,Champions
106051,2024-12-06,391,1,586.7800000000001,2,1,2,Lost
106052,2024-03-26,646,1,1626.83,1,1,4,Lost
106055,2025-12-11,21,5,918.22,5,4,3,Loyal
106056,2024-12-02,395,1,967.92,2,1,3,Lost
106057,2024-10-11,447,2,169.97,2,2,1,Lost
106058,2025-07-20,165,4,1421.22,3,4,4,Loyal
106060,2025-10-19,74,6,4199.93,4,5,5,Champions
106061,2025-07-28,157,1,57.52,3,1,1,Others
106062,2024-01-09,723,2,278.90999999999997,1,2,1,Lost
106063,2025-11-28,34,7,3050.94,5,5,5,Champions
106064,2025-09-21,102,7,1423.57,4,5,4,Champions
106065,2025-08-30,124,1,603.63,4,1,2,Potential Loyalists
106066,2023-02-21,1045,1,909.4300000000001,1,1,3,Lost
106067,2025-02-06,329,4,1628.28,2,4,4,At Risk
106068,2024-12-20,377,3,1280.71,2,3,3,Others
106071,2025-10-16,77,6,2151.04,4,5,4,Champions
106072,2023-12-11,752,1,151.21,1,1,1,Lost
106073,2024-11-03,424,1,435.62,2,1,2,Lost
106074,2024-05-18,593,1,152.59,1,1,1,Lost
106075,2023-06-27,919,2,1026.64,1,2,3,Lost
106078,2025-12-24,8,2,860.6700000000001,5,2,3,Potential Loyalists
106080,2024-04-10,631,2,1308.82,1,2,3,Lost
106081,2023-11-01,792,2,373.35999999999996,1,2,2,Lost
106082,2025-07-20,165,5,2873.5,3,4,5,Loyal
106083,2025-07-03,182,8,5402.16,3,5,5,Loyal
106084,2025-12-22,10,9,7446.110000000001,5,5,5,Champions
106087,2025-07-08,177,4,2333.13,3,4,4,Loyal
106088,2025-12-21,11,13,7599.76,5,5,5,Champions
106090,2023-06-18,928,1,348.95,1,1,2,Lost
106092,2025-12-31,1,1,164.99,5,1,1,Potential Loyalists
106094,2024-11-28,399,2,483.41999999999996,2,2,2,Lost
106095,2025-02-01,334,7,2725.45,2,5,5,At Risk
106096,2025-07-22,163,2,228.72,3,2,1,Others
106097,2023-02-04,1062,1,58.59,1,1,1,Lost
106098,2025-10-28,65,8,1986.34,4,5,4,Champions
106099,2025-12-31,1,5,2981.21,5,4,5,Champions
106100,2025-10-26,67,9,4104.66,4,5,5,Champions
106101,2024-11-12,415,3,1163.58,2,3,3,Others
106102,2025-12-08,24,29,10530.47,5,5,5,Champions
106103,2024-10-02,456,1,430.01,2,1,2,Lost
106104,2025-10-20,73,22,6209.55,4,5,5,Champions
106105,2025-08-04,150,2,658.19,3,2,2,Others
106106,2025-11-09,53,2,712.45,4,2,2,Potential Loyalists
106107,2025-10-09,84,4,871.15,4,4,3,Loyal
106110,2025-12-21,11,16,7715.379999999999,5,5,5,Champions
106111,2025-11-08,54,6,1713.6100000000001,4,5,4,Champions
106115,2025-12-17,15,1,135.88,5,1,1,Potential Loyalists
106116,2025-11-05,57,2,173.61,4,2,1,Potential Loyalists
106117,2025-10-25,68,4,281.63,4,4,1,Others
106118,2025-06-08,207,8,2271.36,3,5,4,Loyal
106119,2025-12-24,8,14,7029.74,5,5,5,Champions
106120,2025-11-30,32,10,3192.3,5,5,5,Champions
106122,2025-11-14,48,1,156.76999999999998,4,1,1,Potential Loyalists
106123,2025-09-24,99,1,650.47,4,1,2,Potential Loyalists
106124,2025-12-04,28,23,5388.05,5,5,5,Champions
106127,2025-09-12,111,3,973.06,4,3,3,Potential Loyalists
106128,2025-09-03,120,2,417.29,4,2,2,Potential Loyalists
106129,2025-08-02,152,4,440.03000000000003,3,4,2,Others
106131,2025-11-07,55,3,1137.5900000000001,4,3,3,Potential Loyalists
106133,2025-12-05,27,23,15332.37,5,5,5,Champions
106134,2024-04-09,632,3,2161.45,1,3,4,Others
106135,2025-05-28,218,3,2794.01,3,3,5,Others
106136,2025-09-20,103,1,96.18,4,1,1,Potential Loyalists
106139,2023-10-02,822,1,62.87,1,1,1,Lost
106140,2023-10-14,810,1,37.3,1,1,1,Lost
106141,2025-05-21,225,1,175.36,3,1,1,Others
106142,2023-07-07,909,1,181.17,1,1,1,Lost
106143,2025-09-11,112,1,146.7,4,1,1,Potential Loyalists
106144,2024-12-06,391,2,439.90999999999997,2,2,2,Lost
106145,2024-07-24,526,2,923.04,2,2,3,Lost
106146,2023-07-08,908,1,262.04,1,1,1,Lost
106147,2023-12-04,759,2,425.2,1,2,2,Lost
106149,2024-08-01,518,1,395.01,2,1,2,Lost
106152,2025-01-01,365,1,417.88,2,1,2,Lost
106154,2024-11-07,420,6,6739.9400000000005,2,5,5,At Risk
106155,2025-09-15,108,4,2370.39,4,4,4,Champions
106157,2024-01-25,707,1,21.2,1,1,1,Lost
106158,2025-12-21,11,15,6970.3,5,5,5,Champions
106160,2025-06-27,188,4,1453.15,3,4,4,Loyal
106161,2024-08-04,515,3,715.59,2,3,2,Others
106162,2025-07-16,169,12,5512.05,3,5,5,Loyal
106163,2025-10-13,80,3,605.22,4,3,2,Potential Loyalists
106164,2024-10-10,448,2,385.5,2,2,2,Lost
106168,2025-12-18,14,6,2433.95,5,5,4,Champions
106169,2025-08-11,143,7,2468.55,3,5,4,Loyal
106170,2025-11-19,43,3,830.23,4,3,3,Potential Loyalists
106171,2023-01-29,1068,1,721.5899999999999,1,1,2,Lost
106172,2024-12-17,380,1,271.77,2,1,1,Lost
106173,2023-12-25,738,2,1232.9,1,2,3,Lost
106175,2024-12-10,387,1,228.98000000000002,2,1,1,Lost
106177,2025-12-18,14,6,3570.69,5,5,5,Champions
106178,2024-10-11,447,1,1112.54,2,1,3,Lost
106179,2025-10-08,85,1,540.84,4,1,2,Potential Loyalists
106180,2024-11-14,413,1,205.0,2,1,1,Lost
106182,2025-10-05,88,7,2002.22,4,5,4,Champions
106183,2023-11-04,789,2,799.26,1,2,3,Lost
106185,2024-01-06,726,3,1284.85,1,3,3,Others
106186,2025-12-28,4,4,2306.7,5,4,4,Champions
106187,2024-12-24,373,5,2869.9300000000003,2,4,5,At Risk
106188,2025-12-11,21,18,8912.55,5,5,5,Champions
106189,2024-08-31,488,1,1034.8,2,1,3,Lost
106190,2025-11-14,48,8,4383.63,4,5,5,Champions
106191,2025-12-27,5,25,16091.35,5,5,5,Champions
106192,2023-02-11,1055,1,499.2,1,1,2,Lost
106193,2025-04-12,264,1,662.03,3,1,2,Others
106196,2025-04-26,250,1,458.53,3,1,2,Others
106197,2025-12-28,4,7,2967.3900000000003,5,5,5,Champions
106198,2025-12-17,15,10,4399.04,5,5,5,Champions
106199,2024-09-14,474,1,118.21,2,1,1,Lost
106200,2025-12-31,1,8,3878.51,5,5,5,Champions
106201,2025-01-23,343,2,876.77,2,2,3,Lost
106202,2023-07-01,915,1,92.41,1,1,1,Lost
106203,2025-08-31,123,4,2696.95,4,4,5,Champions
106206,2024-08-18,501,5,1607.84,2,4,4,At Risk
106207,2025-11-16,46,9,2313.92,4,5,4,Champions
106209,2023-05-25,952,1,201.22000000000003,1,1,1,Lost
106211,2024-08-26,493,1,103.16,2,1,1,Lost
106213,2025-08-18,136,5,2673.36,3,4,5,Loyal
106215,2025-10-27,66,13,6409.29,4,5,5,Champions
106217,2025-06-29,186,2,2547.26,3,2,4,Others
106218,2024-11-05,422,6,1516.28,2,5,4,At Risk
106221,2025-08-27,127,3,1734.08,4,3,4,Potential Loyalists
106223,2025-05-14,232,6,3788.4500000000003,3,5,5,Loyal
106224,2025-12-02,30,2,608.46,5,2,2,Potential Loyalists
106229,2023-09-05,849,1,118.68,1,1,1,Lost
106230,2025-05-14,232,2,227.16,3,2,1,Others
106231,2023-10-28,796,3,1422.93,1,3,4,Others
106232,2023-09-25,829,1,173.84,1,1,1,Lost
106233,2025-07-14,171,10,4995.87,3,5,5,Loyal
106234,2025-11-26,36,7,5938.66,5,5,5,Champions
106235,2025-12-01,31,2,465.33000000000004,5,2,2,Potential Loyalists
106236,2025-02-04,331,2,1001.31,2,2,3,Lost
106237,2025-09-22,101,1,373.76,4,1,2,Potential Loyalists
106240,2023-02-24,1042,1,77.08,1,1,1,Lost
106242,2025-12-26,6,5,2907.76,5,4,5,Champions
106243,2025-10-21,72,7,1691.74,4,5,4,Champions
106244,2023-04-01,1006,1,454.75,1,1,2,Lost
106246,2024-03-13,659,2,1062.0700000000002,1,2,3,Lost
106247,2025-12-25,7,6,1639.0,5,5,4,Champions
106248,2025-05-05,241,6,882.14,3,5,3,Loyal
106249,2025-05-05,241,2,610.52,3,2,2,Others
106250,2025-11-26,36,5,1021.25,5,4,3,Loyal
106251,2025-01-20,346,1,961.12,2,1,3,Lost
106252,2024-12-08,389,3,3061.7999999999997,2,3,5,Others
106253,2025-11-26,36,3,1077.98,5,3,3,Potential Loyalists
106254,2024-04-23,618,1,1190.8400000000001,1,1,3,Lost
106255,2024-10-11,447,1,532.9300000000001,2,1,2,Lost
106256,2025-08-19,135,5,2457.44,3,4,4,Loyal
106257,2025-09-22,101,7,4333.08,4,5,5,Champions
106258,2025-12-29,3,2,717.9300000000001,5,2,2,Potential Loyalists
106259,2025-11-05,57,6,1443.6100000000001,4,5,4,Champions
106260,2024-11-06,421,4,740.24,2,4,3,At Risk
106261,2025-03-16,291,2,1473.74,2,2,4,Lost
106263,2025-11-05,57,13,5001.76,4,5,5,Champions
106264,2025-12-09,23,3,2000.6599999999999,5,3,4,Potential Loyalists
106266,2025-06-02,213,3,421.51,3,3,2,Others
106267,2025-12-17,15,7,1469.08,5,5,4,Champions
106268,2024-10-17,441,2,922.84,2,2,3,Lost
106270,2025-12-27,5,8,7485.01,5,5,5,Champions
106272,2025-11-20,42,1,953.13,4,1,3,Potential Loyalists
106273,2025-06-24,191,1,247.08,3,1,1,Others
106274,2025-12-12,20,6,2943.51,5,5,5,Champions
106275,2025-01-25,341,5,2568.94,2,4,4,At Risk
106276,2024-05-02,609,1,104.53,1,1,1,Lost
106277,2025-10-12,81,7,2646.27,4,5,4,Champions
106278,2024-10-29,429,4,643.2199999999999,2,4,2,Others
106279,2024-10-26,432,4,334.96,2,4,2,Others
106282,2023-12-12,751,2,1201.3899999999999,1,2,3,Lost
106284,2025-12-02,30,7,2824.82,5,5,5,Champions
106286,2025-12-25,7,4,1031.69,5,4,3,Loyal
106290,2023-10-17,807,2,1281.06,1,2,3,Lost
106291,2025-05-29,217,2,197.26999999999998,3,2,1,Others
106292,2023-07-20,896,2,676.3199999999999,1,2,2,Lost
106293,2024-12-22,375,1,812.5,2,1,3,Lost
106294,2025-09-01,122,5,1594.21,4,4,4,Champions
106295,2025-12-22,10,2,957.0600000000001,5,2,3,Potential Loyalists
106296,2023-02-18,1048,1,255.72,1,1,1,Lost
106298,2025-12-22,10,3,1374.62,5,3,3,Potential Loyalists
106299,2025-01-25,341,1,94.3,2,1,1,Lost
106301,2024-09-05,483,1,647.98,2,1,2,Lost
106302,2025-10-29,64,7,1805.25,4,5,4,Champions
106303,2025-07-21,164,10,3982.15,3,5,5,Loyal
106304,2025-10-18,75,5,1181.41,4,4,3,Loyal
106305,2025-06-19,196,2,412.16,3,2,2,Others
106306,2024-12-21,376,2,301.64,2,2,2,Lost
106307,2024-08-06,513,2,726.48,2,2,2,Lost
106308,2025-09-25,98,4,859.18,4,4,3,Loyal
106309,2025-06-12,203,9,4646.91,3,5,5,Loyal
106311,2024-07-05,545,2,173.11,1,2,1,Lost
106312,2025-09-08,115,3,1924.97,4,3,4,Potential Loyalists
106313,2023-06-19,927,1,2595.03,1,1,4,Lost
106314,2025-12-04,28,5,834.4300000000001,5,4,3,Loyal
106315,2025-12-23,9,1,34.23,5,1,1,Potential Loyalists
106316,2025-12-22,10,5,1936.3000000000002,5,4,4,Champions
106317,2025-08-18,136,11,3997.6800000000003,3,5,5,Loyal
106319,2025-11-20,42,3,941.26,4,3,3,Potential Loyalists
106321,2025-05-01,245,2,594.31,3,2,2,Others
106322,2025-02-09,326,5,3315.24,2,4,5,At Risk
106324,2025-04-21,255,3,217.1,3,3,1,Others
106325,2025-11-13,49,7,2308.07,4,5,4,Champions
106329,2025-12-25,7,7,4526.88,5,5,5,Champions
106330,2024-02-02,699,1,29.79,1,1,1,Lost
106331,2025-12-08,24,3,1637.3200000000002,5,3,4,Potential Loyalists
106332,2025-09-04,119,1,121.41,4,1,1,Potential Loyalists
106333,2025-07-06,179,5,2497.94,3,4,4,Loyal
106335,2025-11-19,43,8,6013.78,4,5,5,Champions
106336,2025-08-31,123,9,1773.2,4,5,4,Champions
106337,2025-11-18,44,9,5040.04,4,5,5,Champions
106338,2025-12-08,24,10,3680.06,5,5,5,Champions
106339,2024-03-25,647,1,81.31,1,1,1,Lost
106340,2025-12-25,7,8,5810.0599999999995,5,5,5,Champions
106341,2025-12-25,7,11,4157.02,5,5,5,Champions
106342,2025-09-14,109,2,287.59,4,2,1,Potential Loyalists
106343,2025-04-14,262,2,286.46000000000004,3,2,1,Others
106345,2025-03-24,283,2,1438.15,3,2,4,Others
106346,2025-12-03,29,6,1883.96,5,5,4,Champions
106347,2025-10-14,79,5,3355.19,4,4,5,Champions
106348,2024-06-27,553,1,283.5,1,1,1,Lost
106349,2024-11-09,418,1,331.08,2,1,2,Lost
106351,2025-10-22,71,1,886.17,4,1,3,Potential Loyalists
106352,2024-12-21,376,1,607.47,2,1,2,Lost
106354,2024-12-08,389,1,137.56,2,1,1,Lost
106355,2025-10-31,62,5,1966.68,4,4,4,Champions
106356,2023-02-17,1049,1,77.38,1,1,1,Lost
106357,2024-03-26,646,3,1624.31,1,3,4,Others
106358,2025-12-15,17,5,5963.13,5,4,5,Champions
106359,2025-12-25,7,2,409.94,5,2,2,Potential Loyalists
106360,2024-06-12,568,2,250.49,1,2,1,Lost
106362,2025-04-20,256,5,3736.84,3,4,5,Loyal
106365,2023-02-23,1043,1,1073.55,1,1,3,Lost
106366,2024-11-28,399,1,470.95,2,1,2,Lost
106367,2024-03-23,649,2,981.79,1,2,3,Lost
106368,2024-12-02,395,2,2023.31,2,2,4,Lost
106369,2025-12-16,16,6,3057.3,5,5,5,Champions
106370,2025-12-29,3,55,24113.2,5,5,5,Champions
106371,2025-05-31,215,2,864.1999999999999,3,2,3,Others
106372,2025-03-17,290,6,2535.05,2,5,4,At Risk
106373,2024-10-29,429,1,385.37,2,1,2,Lost
106374,2023-07-22,894,1,340.89,1,1,2,Lost
106377,2025-11-30,32,8,3125.65,5,5,5,Champions
106378,2025-09-28,95,9,5056.42,4,5,5,Champions
106380,2025-12-30,2,3,1127.23,5,3,3,Potential Loyalists
106381,2025-10-01,92,4,1659.0400000000002,4,4,4,Champions
106382,2025-09-21,102,2,481.5,4,2,2,Potential Loyalists
106383,2025-12-29,3,12,6100.31,5,5,5,Champions
106384,2025-12-14,18,5,1231.26,5,4,3,Loyal
106385,2025-10-11,82,9,2102.81,4,5,4,Champions
106386,2025-11-27,35,1,272.78999999999996,5,1,1,Potential Loyalists
106388,2025-12-19,13,3,222.78,5,3,1,Potential Loyalists
106390,2025-02-11,324,3,690.13,2,3,2,Others
106393,2025-12-19,13,13,7889.72,5,5,5,Champions
106394,2025-12-04,28,6,5808.83,5,5,5,Champions
106395,2025-10-08,85,5,1755.1200000000001,4,4,4,Champions
106396,2024-06-24,556,1,1294.3700000000001,1,1,3,Lost
106397,2025-12-15,17,1,621.03,5,1,2,Potential Loyalists
106399,2025-11-01,61,8,3218.2599999999998,4,5,5,Champions
106400,2025-11-27,35,3,912.3299999999999,5,3,3,Potential Loyalists
106401,2025-10-02,91,3,917.66,4,3,3,Potential Loyalists
106404,2025-07-18,167,3,1456.09,3,3,4,Others
106405,2025-12-31,1,8,3492.1099999999997,5,5,5,Champions
106407,2025-05-27,219,5,497.26,3,4,2,Others
106408,2025-08-23,131,5,6319.79,3,4,5,Loyal
106409,2024-10-05,453,5,2381.41,2,4,4,At Risk
106410,2024-09-17,471,2,607.83,2,2,2,Lost
106411,2024-01-06,726,1,157.84,1,1,1,Lost
106413,2025-07-11,174,5,1285.21,3,4,3,Loyal
106414,2025-09-17,106,10,4144.07,4,5,5,Champions
106415,2024-06-17,563,1,1110.33,1,1,3,Lost
106416,2025-11-17,45,1,773.29,4,1,3,Potential Loyalists
106417,2024-12-14,383,2,3524.2599999999998,2,2,5,Lost
106418,2024-09-20,468,2,795.4300000000001,2,2,3,Lost
106419,2024-01-15,717,1,537.25,1,1,2,Lost
106422,2024-08-29,490,1,2746.12,2,1,5,Lost
106423,2025-07-14,171,3,417.72,3,3,2,Others
106424,2025-01-31,335,4,1151.93,2,4,3,At Risk
106427,2025-12-28,4,9,2772.38,5,5,5,Champions
106428,2025-07-11,174,1,83.32,3,1,1,Others
106429,2025-08-18,136,4,3253.2099999999996,3,4,5,Loyal
106430,2025-07-20,165,3,1550.54,3,3,4,Others
106431,2025-11-10,52,11,4741.55,4,5,5,Champions
106433,2025-12-12,20,3,1950.07,5,3,4,Potential Loyalists
106434,2024-08-17,502,3,2644.69,2,3,4,Others
106435,2024-12-22,375,7,4170.74,2,5,5,At Risk
106436,2025-05-24,222,2,2991.98,3,2,5,Others
106437,2024-07-15,535,1,1188.73,1,1,3,Lost
106440,2025-12-30,2,4,1221.36,5,4,3,Loyal
106441,2025-12-02,30,4,683.53,5,4,2,Others
106442,2025-07-11,174,3,1976.76,3,3,4,Others
106443,2025-12-30,2,30,14098.24,5,5,5,Champions
106444,2025-06-27,188,1,17.18,3,1,1,Others
106445,2025-04-18,258,6,3548.94,3,5,5,Loyal
106446,2025-12-06,26,1,108.63,5,1,1,Potential Loyalists
106447,2025-12-18,14,5,1465.17,5,4,4,Champions
106448,2025-06-06,209,3,1613.14,3,3,4,Others
106449,2025-06-29,186,1,1703.26,3,1,4,Others
106451,2023-02-07,1059,1,513.42,1,1,2,Lost
106452,2023-05-22,955,1,90.52,1,1,1,Lost
106453,2025-10-05,88,6,2766.69,4,5,5,Champions
106454,2025-01-27,339,4,4925.47,2,4,5,At Risk
106455,2025-01-06,360,1,5504.3099999999995,2,1,5,Lost
106456,2024-05-15,596,2,822.21,1,2,3,Lost
106457,2025-10-09,84,9,2558.14,4,5,4,Champions
106458,2024-06-28,552,1,1938.15,1,1,4,Lost
106459,2024-06-16,564,2,468.73999999999995,1,2,2,Lost
106462,2025-08-12,142,7,2652.92,3,5,5,Loyal
106463,2025-11-13,49,17,7889.0,4,5,5,Champions
106464,2024-10-30,428,2,498.8,2,2,2,Lost
106465,2025-01-05,361,4,1337.5,2,4,3,At Risk
106466,2025-11-27,35,6,3389.2799999999997,5,5,5,Champions
106467,2025-05-21,225,3,2231.89,3,3,4,Others
106468,2025-08-21,133,3,995.69,3,3,3,Others
106469,2025-06-26,189,10,3795.9300000000003,3,5,5,Loyal
106470,2025-02-17,318,1,2612.4,2,1,4,Lost
106474,2023-08-07,878,1,209.98,1,1,1,Lost
106475,2024-12-26,371,4,2495.04,2,4,4,At Risk
106477,2025-05-10,236,1,554.1800000000001,3,1,2,Others
106478,2025-09-28,95,2,2872.36,4,2,5,Potential Loyalists
106479,2025-12-03,29,2,782.71,5,2,3,Potential Loyalists
106480,2025-09-06,117,6,5459.31,4,5,5,Champions
106481,2025-04-01,275,5,744.51,3,4,3,Loyal
106482,2024-11-22,405,3,174.57,2,3,1,Others
106486,2025-07-03,182,1,168.82,3,1,1,Others
106487,2025-11-02,60,10,8917.79,4,5,5,Champions
106490,2025-11-15,47,1,237.8,4,1,1,Potential Loyalists
106492,2025-05-29,217,2,912.53,3,2,3,Others
106493,2025-11-30,32,2,2168.08,5,2,4,Potential Loyalists
106495,2025-12-29,3,7,4847.88,5,5,5,Champions
106496,2025-12-19,13,6,1030.38,5,5,3,Loyal
106497,2025-03-18,289,3,625.15,2,3,2,Others
106498,2024-09-07,481,1,38.1,2,1,1,Lost
106499,2025-10-06,87,1,658.78,4,1,2,Potential Loyalists
106500,2025-06-15,200,2,803.8600000000001,3,2,3,Others
106501,2024-05-16,595,1,40.03,1,1,1,Lost
106503,2025-07-06,179,8,7840.41,3,5,5,Loyal
106506,2025-11-02,60,5,4419.53,4,4,5,Champions
106507,2025-07-19,166,4,2441.59,3,4,4,Loyal
106508,2025-12-29,3,15,6965.66,5,5,5,Champions
106509,2024-03-12,660,2,645.97,1,2,2,Lost
106510,2024-04-01,640,2,760.7,1,2,3,Lost
106511,2023-10-18,806,2,1687.52,1,2,4,Lost
106512,2025-12-27,5,5,1872.01,5,4,4,Champions
106514,2025-01-26,340,1,1801.4599999999998,2,1,4,Lost
106515,2023-12-22,741,2,502.8,1,2,2,Lost
106517,2025-12-13,19,26,13134.62,5,5,5,Champions
106518,2025-05-25,221,4,1565.81,3,4,4,Loyal
106519,2024-07-03,547,1,38.07,1,1,1,Lost
106521,2025-09-05,118,1,172.89999999999998,4,1,1,Potential Loyalists
106523,2023-09-18,836,1,74.34,1,1,1,Lost
106524,2025-12-31,1,16,7339.95,5,5,5,Champions
106525,2025-02-27,308,2,794.99,2,2,3,Lost
106526,2025-05-31,215,2,606.3399999999999,3,2,2,Others
106527,2025-11-16,46,4,1115.3,4,4,3,Loyal
106529,2024-12-04,393,2,477.51,2,2,2,Lost
106530,2025-07-28,157,3,839.8,3,3,3,Others
106531,2025-06-21,194,2,1486.65,3,2,4,Others
106532,2025-11-24,38,3,364.14,5,3,2,Potential Loyalists
106534,2025-11-15,47,1,476.37,4,1,2,Potential Loyalists
106535,2025-12-06,26,4,788.1800000000001,5,4,3,Loyal
106536,2025-10-31,62,5,3157.84,4,4,5,Champions
106537,2024-08-24,495,1,310.13,2,1,2,Lost
106538,2025-02-13,322,2,296.69,2,2,2,Lost
106540,2025-12-27,5,1,260.81,5,1,1,Potential Loyalists
106542,2025-12-12,20,4,923.78,5,4,3,Loyal
106543,2025-12-07,25,2,824.9300000000001,5,2,3,Potential Loyalists
106544,2025-10-27,66,7,3207.58,4,5,5,Champions
106545,2024-05-09,602,1,1384.39,1,1,3,Lost
106546,2023-08-09,876,2,258.72,1,2,1,Lost
106547,2025-07-03,182,4,2069.29,3,4,4,Loyal
106548,2025-06-16,199,4,1109.48,3,4,3,Loyal
106550,2025-05-25,221,4,1473.09,3,4,4,Loyal
106551,2025-10-19,74,2,2015.89,4,2,4,Potential Loyalists
106552,2025-12-21,11,2,425.20000000000005,5,2,2,Potential Loyalists
106553,2025-09-02,121,5,1103.37,4,4,3,Loyal
106554,2025-12-19,13,1,198.83999999999997,5,1,1,Potential Loyalists
106555,2025-10-17,76,4,1573.26,4,4,4,Champions
106556,2025-03-31,276,3,1124.3,3,3,3,Others
106557,2025-08-27,127,7,4241.21,4,5,5,Champions
106558,2025-06-21,194,4,2066.2999999999997,3,4,4,Loyal
106559,2023-05-23,954,1,110.22,1,1,1,Lost
106560,2025-04-18,258,2,539.05,3,2,2,Others
106562,2023-07-02,914,1,386.86,1,1,2,Lost
106566,2025-07-22,163,4,502.03999999999996,3,4,2,Others
106567,2024-12-03,394,3,330.91,2,3,2,Others
106568,2024-01-02,730,1,448.32,1,1,2,Lost
106570,2024-11-12,415,1,135.76,2,1,1,Lost
106571,2024-09-17,471,2,565.1,2,2,2,Lost
106572,2025-12-26,6,18,12262.77,5,5,5,Champions
106573,2025-01-07,359,1,600.29,2,1,2,Lost
106574,2025-11-22,40,10,3926.16,5,5,5,Champions
106575,2025-03-22,285,4,2441.49,2,4,4,At Risk
106576,2025-08-29,125,1,240.74,4,1,1,Potential Loyalists
106577,2024-02-10,691,1,1863.29,1,1,4,Lost
106578,2025-09-16,107,4,1463.21,4,4,4,Champions
106579,2025-08-29,125,3,1713.01,4,3,4,Potential Loyalists
106580,2025-11-03,59,8,5485.92,4,5,5,Champions
106581,2025-09-19,104,6,1510.33,4,5,4,Champions
106582,2025-06-25,190,1,30.54,3,1,1,Others
106583,2025-12-24,8,4,2564.59,5,4,4,Champions
106584,2025-11-11,51,14,4143.12,4,5,5,Champions
106585,2025-05-01,245,5,2130.66,3,4,4,Loyal
106586,2025-04-23,253,2,177.68,3,2,1,Others
106587,2025-11-25,37,1,110.41,5,1,1,Potential Loyalists
106588,2025-03-03,304,6,4148.13,2,5,5,At Risk
106590,2025-12-03,29,7,5061.38,5,5,5,Champions
106591,2025-03-09,298,1,68.32,2,1,1,Lost
106594,2024-12-09,388,5,1631.45,2,4,4,At Risk
106596,2025-06-10,205,2,1734.78,3,2,4,Others
106597,2025-04-28,248,3,2137.99,3,3,4,Others
106599,2024-11-26,401,4,3049.8199999999997,2,4,5,At Risk
106600,2025-10-07,86,2,2339.93,4,2,4,Potential Loyalists
106601,2025-12-03,29,3,376.25,5,3,2,Potential Loyalists
106602,2024-12-27,370,7,2221.89,2,5,4,At Risk
106603,2024-06-27,553,1,406.76,1,1,2,Lost
106604,2024-09-06,482,3,540.42,2,3,2,Others
106612,2025-10-29,64,3,813.84,4,3,3,Potential Loyalists
106613,2025-05-29,217,7,4819.4800000000005,3,5,5,Loyal
106614,2025-06-07,208,3,647.99,3,3,2,Others
106615,2023-09-26,828,1,1357.3899999999999,1,1,3,Lost
106616,2025-11-26,36,31,16138.75,5,5,5,Champions
106617,2025-12-15,17,6,4192.52,5,5,5,Champions
106618,2024-12-30,367,2,296.62,2,2,2,Lost
106619,2024-12-07,390,2,799.06,2,2,3,Lost
106621,2025-12-14,18,1,78.6,5,1,1,Potential Loyalists
106624,2025-01-19,347,1,77.91,2,1,1,Lost
106629,2023-12-14,749,2,420.72,1,2,2,Lost
106630,2025-12-09,23,6,2162.55,5,5,4,Champions
106631,2025-08-25,129,3,1667.8799999999999,3,3,4,Others
106633,2025-08-03,151,22,10423.31,3,5,5,Loyal
106634,2025-08-23,131,3,1611.81,3,3,4,Others
106636,2025-04-21,255,5,1284.8400000000001,3,4,3,Loyal
106637,2025-09-20,103,6,1163.9,4,5,3,Loyal
106638,2025-11-17,45,2,1710.28,4,2,4,Potential Loyalists
106639,2025-11-08,54,11,4730.1900000000005,4,5,5,Champions
106642,2025-12-24,8,3,1125.19,5,3,3,Potential Loyalists
106643,2025-12-14,18,16,8111.86,5,5,5,Champions
106644,2025-11-06,56,6,2296.0299999999997,4,5,4,Champions
106645,2025-04-18,258,4,795.9300000000001,3,4,3,Loyal
106648,2025-04-11,265,5,4083.58,3,4,5,Loyal
106649,2025-12-22,10,8,1931.0700000000002,5,5,4,Champions
106650,2025-06-17,198,2,344.62,3,2,2,Others
106652,2025-12-06,26,5,1316.15,5,4,3,Loyal
106653,2025-03-09,298,2,1268.6599999999999,2,2,3,Lost
106654,2024-06-05,575,1,322.56,1,1,2,Lost
106656,2023-11-07,786,2,1005.36,1,2,3,Lost
106657,2024-01-04,728,1,185.24,1,1,1,Lost
106658,2024-11-18,409,2,907.2800000000001,2,2,3,Lost
106659,2024-01-11,721,2,2389.8500000000004,1,2,4,Lost
106660,2025-08-12,142,5,2272.7200000000003,3,4,4,Loyal
106662,2024-12-27,370,4,2952.08,2,4,5,At Risk
106663,2025-02-28,307,3,1695.75,2,3,4,Others
106664,2025-08-03,151,3,2605.9100000000003,3,3,4,Others
106665,2024-11-13,414,3,2435.11,2,3,4,Others
106666,2025-03-08,299,2,317.89,2,2,2,Lost
106667,2025-09-01,122,5,3900.21,4,4,5,Champions
106668,2023-05-13,964,1,296.94,1,1,2,Lost
106669,2023-09-03,851,3,537.53,1,3,2,Others
106670,2025-12-05,27,12,7380.89,5,5,5,Champions
106671,2025-09-15,108,3,535.98,4,3,2,Potential Loyalists
106672,2025-10-05,88,1,297.47,4,1,2,Potential Loyalists
106674,2025-07-02,183,4,2956.96,3,4,5,Loyal
106675,2025-04-25,251,2,1465.77,3,2,4,Others
106678,2024-12-26,371,2,2929.87,2,2,5,Lost
106679,2023-11-11,782,3,2209.93,1,3,4,Others
106680,2025-07-22,163,4,2066.38,3,4,4,Loyal
106681,2025-12-01,31,5,4062.54,5,4,5,Champions
106683,2025-03-26,281,4,1883.64,3,4,4,Loyal
106684,2025-06-30,185,2,1228.13,3,2,3,Others
106685,2025-12-19,13,7,2869.06,5,5,5,Champions
106688,2025-12-19,13,2,619.08,5,2,2,Potential Loyalists
106689,2025-10-24,69,1,28.9,4,1,1,Potential Loyalists
106691,2025-10-28,65,3,1849.33,4,3,4,Potential Loyalists
106693,2025-07-06,179,2,207.24,3,2,1,Others
106694,2023-11-11,782,1,1118.5,1,1,3,Lost
106695,2024-12-18,379,3,1163.1,2,3,3,Others
106696,2025-12-09,23,15,9468.24,5,5,5,Champions
106697,2024-03-01,671,1,1856.05,1,1,4,Lost
106699,2025-12-05,27,7,1791.9299999999998,5,5,4,Champions
106700,2024-06-09,571,6,1335.02,1,5,3,At Risk
106701,2024-12-19,378,1,48.56,2,1,1,Lost
106702,2025-05-01,245,1,150.75,3,1,1,Others
106703,2025-09-17,106,3,1538.42,4,3,4,Potential Loyalists
106704,2025-12-02,30,1,689.62,5,1,2,Potential Loyalists
106705,2023-09-05,849,1,585.34,1,1,2,Lost
106707,2025-05-27,219,3,305.06,3,3,2,Others
106708,2023-06-28,918,1,173.62,1,1,1,Lost
106710,2025-11-23,39,9,3850.5,5,5,5,Champions
106711,2025-09-06,117,2,1916.89,4,2,4,Potential Loyalists
106712,2025-05-18,228,1,290.40999999999997,3,1,1,Others
106713,2025-11-17,45,2,424.43,4,2,2,Potential Loyalists
106714,2024-11-18,409,3,1635.83,2,3,4,Others
106716,2025-10-02,91,6,2813.9,4,5,5,Champions
106717,2025-11-30,32,3,374.34,5,3,2,Potential Loyalists
106718,2025-08-01,153,5,1135.59,3,4,3,Loyal
106720,2025-11-17,45,3,1276.97,4,3,3,Potential Loyalists
106721,2025-03-02,305,2,244.82,2,2,1,Lost
106723,2025-09-21,102,7,2526.47,4,5,4,Champions
106725,2023-12-01,762,2,675.88,1,2,2,Lost
106726,2025-05-30,216,5,527.84,3,4,2,Others
106727,2025-01-08,358,1,911.8199999999999,2,1,3,Lost
106728,2025-10-19,74,2,1414.8700000000001,4,2,4,Potential Loyalists
106730,2023-01-11,1086,1,57.61,1,1,1,Lost
106731,2025-10-31,62,4,6627.17,4,4,5,Champions
106732,2025-02-21,314,2,424.2,2,2,2,Lost
106736,2025-06-23,192,2,220.4,3,2,1,Others
106737,2025-04-07,269,1,290.68,3,1,1,Others
106738,2024-05-25,586,2,361.94,1,2,2,Lost
106739,2025-10-08,85,1,151.4,4,1,1,Potential Loyalists
106740,2024-12-13,384,3,2099.33,2,3,4,Others
106741,2025-11-12,50,9,4096.71,4,5,5,Champions
106742,2025-07-22,163,4,3972.97,3,4,5,Loyal
106743,2023-03-13,1025,1,41.09,1,1,1,Lost
106744,2025-02-10,325,3,1070.48,2,3,3,Others
106749,2025-02-09,326,1,102.44999999999999,2,1,1,Lost
106751,2025-11-26,36,2,346.87,5,2,2,Potential Loyalists
106752,2025-04-28,248,2,1248.74,3,2,3,Others
106753,2024-12-29,368,1,94.53999999999999,2,1,1,Lost
106754,2025-12-15,17,4,865.44,5,4,3,Loyal
106755,2025-12-06,26,1,509.31,5,1,2,Potential Loyalists
106756,2025-06-01,214,6,2095.55,3,5,4,Loyal
106757,2025-09-12,111,7,4199.71,4,5,5,Champions
106759,2025-09-15,108,4,916.74,4,4,3,Loyal
106760,2024-04-07,634,1,1413.4699999999998,1,1,4,Lost
106761,2025-11-10,52,2,4625.509999999999,4,2,5,Potential Loyalists
106762,2024-11-14,413,4,2060.19,2,4,4,At Risk
106763,2024-12-21,376,1,442.15999999999997,2,1,2,Lost
106765,2025-08-26,128,1,80.16,3,1,1,Others
106766,2025-10-09,84,6,2479.34,4,5,4,Champions
106767,2024-11-03,424,2,3115.3399999999997,2,2,5,Lost
106768,2025-09-19,104,8,4236.96,4,5,5,Champions
106769,2025-09-08,115,5,1162.0,4,4,3,Loyal
106770,2025-05-11,235,3,1019.52,3,3,3,Others
106771,2025-01-16,350,2,837.12,2,2,3,Lost
106772,2025-11-22,40,4,1962.94,5,4,4,Champions
106773,2025-11-12,50,4,2025.1999999999998,4,4,4,Champions
106774,2025-05-26,220,1,188.75,3,1,1,Others
106775,2025-10-18,75,7,3598.66,4,5,5,Champions
106776,2025-08-18,136,1,380.49,3,1,2,Others
106778,2023-10-18,806,3,2125.6,1,3,4,Others
106779,2024-01-28,704,2,96.27,1,2,1,Lost
106780,2025-11-29,33,5,6909.43,5,4,5,Champions
106782,2025-07-29,156,5,4524.2699999999995,3,4,5,Loyal
106783,2025-04-03,273,1,124.78,3,1,1,Others
106785,2024-12-01,396,3,625.5799999999999,2,3,2,Others
106786,2024-07-13,537,2,1152.56,1,2,3,Lost
106788,2025-10-22,71,4,1716.3899999999999,4,4,4,Champions
106789,2025-07-05,180,2,622.61,3,2,2,Others
106790,2023-07-27,889,1,572.41,1,1,2,Lost
106791,2025-11-08,54,6,3198.98,4,5,5,Champions
106792,2025-10-10,83,2,1447.96,4,2,4,Potential Loyalists
106794,2024-03-08,664,1,52.55,1,1,1,Lost
106795,2025-09-20,103,2,216.84,4,2,1,Potential Loyalists
106796,2023-10-29,795,1,308.21,1,1,2,Lost
106797,2024-12-23,374,1,401.38,2,1,2,Lost
106798,2024-08-13,506,1,133.13,2,1,1,Lost
106799,2025-04-26,250,2,345.68,3,2,2,Others
106800,2025-04-21,255,1,878.5,3,1,3,Others
106801,2024-02-10,691,4,1756.8200000000002,1,4,4,At Risk
106802,2024-08-20,499,3,1665.5,2,3,4,Others
106803,2023-07-25,891,1,460.77,1,1,2,Lost
106804,2025-01-19,347,2,346.78,2,2,2,Lost
106805,2025-10-26,67,6,1446.22,4,5,4,Champions
106806,2025-09-18,105,4,1061.8200000000002,4,4,3,Loyal
106808,2025-09-17,106,2,169.23,4,2,1,Potential Loyalists
106809,2025-07-30,155,1,752.26,3,1,3,Others
106810,2024-08-23,496,1,65.24,2,1,1,Lost
106812,2025-01-01,365,2,536.35,2,2,2,Lost
106814,2025-12-24,8,7,1809.18,5,5,4,Champions
106815,2025-12-31,1,1,280.76,5,1,1,Potential Loyalists
106816,2025-01-29,337,3,1004.35,2,3,3,Others
106817,2025-12-03,29,3,265.04999999999995,5,3,1,Potential Loyalists
106818,2025-04-17,259,5,771.8,3,4,3,Loyal
106821,2025-12-02,30,3,1369.6200000000001,5,3,3,Potential Loyalists
106822,2025-01-19,347,3,1546.41,2,3,4,Others
106826,2025-12-22,10,5,1449.52,5,4,4,Champions
106827,2023-04-22,985,1,45.86,1,1,1,Lost
106828,2025-10-15,78,2,1233.12,4,2,3,Potential Loyalists
106830,2024-12-20,377,2,686.46,2,2,2,Lost
106833,2024-09-04,484,2,897.5,2,2,3,Lost
106835,2024-12-06,391,2,429.63,2,2,2,Lost
106837,2025-10-06,87,7,2456.48,4,5,4,Champions
106838,2024-10-27,431,1,607.8699999999999,2,1,2,Lost
106839,2023-12-25,738,1,183.28,1,1,1,Lost
106840,2025-06-30,185,5,2660.43,3,4,5,Loyal
106841,2023-05-08,969,1,696.9300000000001,1,1,2,Lost
106842,2024-08-14,505,1,430.45,2,1,2,Lost
106844,2023-03-07,1031,1,92.5,1,1,1,Lost
106846,2024-11-17,410,1,121.56,2,1,1,Lost
106848,2024-11-03,424,2,1544.35,2,2,4,Lost
106849,2025-01-28,338,5,2670.13,2,4,5,At Risk
106851,2024-07-13,537,2,1431.46,1,2,4,Lost
106853,2025-12-30,2,5,1421.54,5,4,4,Champions
106855,2024-03-19,653,1,184.37,1,1,1,Lost
106856,2025-12-03,29,12,6677.32,5,5,5,Champions
106857,2025-12-09,23,5,1648.89,5,4,4,Champions
106859,2024-09-27,461,1,80.7,2,1,1,Lost
106860,2025-11-29,33,23,8537.04,5,5,5,Champions
106861,2025-09-05,118,2,1988.58,4,2,4,Potential Loyalists
106862,2025-08-28,126,2,3326.32,4,2,5,Potential Loyalists
106863,2025-01-04,362,3,1825.0900000000001,2,3,4,Others
106864,2024-07-29,521,2,1257.44,2,2,3,Lost
106865,2024-12-17,380,2,2110.7799999999997,2,2,4,Lost
106866,2025-08-06,148,5,423.37,3,4,2,Others
106867,2025-03-12,295,1,679.35,2,1,2,Lost
106868,2025-01-09,357,3,888.55,2,3,3,Others
106869,2024-03-18,654,1,82.63,1,1,1,Lost
106870,2023-12-27,736,1,228.02,1,1,1,Lost
106871,2025-12-06,26,6,1225.8600000000001,5,5,3,Loyal
106872,2025-09-16,107,5,2871.73,4,4,5,Champions
106873,2025-12-27,5,4,1510.53,5,4,4,Champions
106874,2025-09-27,96,10,4638.58,4,5,5,Champions
106875,2023-10-12,812,2,783.9399999999999,1,2,3,Lost
106876,2024-12-11,386,1,37.56,2,1,1,Lost
106877,2025-06-01,214,3,1587.1299999999999,3,3,4,Others
106878,2025-03-13,294,2,320.69,2,2,2,Lost
106879,2025-12-21,11,6,4452.7,5,5,5,Champions
106883,2025-12-26,6,9,5332.38,5,5,5,Champions
106885,2025-11-30,32,6,2806.13,5,5,5,Champions
106886,2025-09-20,103,3,385.09000000000003,4,3,2,Potential Loyalists
106887,2025-12-22,10,3,635.54,5,3,2,Potential Loyalists
106888,2025-04-08,268,3,1342.3500000000001,3,3,3,Others
106889,2025-04-16,260,1,418.95,3,1,2,Others
106890,2025-12-15,17,8,2187.5,5,5,4,Champions
106891,2025-06-09,206,1,102.49,3,1,1,Others
106892,2025-05-20,226,1,373.69,3,1,2,Others
106893,2025-11-05,57,2,311.38,4,2,2,Potential Loyalists
106894,2025-07-16,169,4,4382.9400000000005,3,4,5,Loyal
106895,2025-12-06,26,23,11340.13,5,5,5,Champions
106899,2024-12-01,396,2,2065.48,2,2,4,Lost
106900,2025-12-18,14,15,8123.39,5,5,5,Champions
106901,2025-11-24,38,6,3854.7799999999997,5,5,5,Champions
106902,2025-07-14,171,10,5446.290000000001,3,5,5,Loyal
106903,2024-06-03,577,1,762.73,1,1,3,Lost
106904,2023-01-16,1081,1,186.73,1,1,1,Lost
106905,2025-12-29,3,2,502.51000000000005,5,2,2,Potential Loyalists
106906,2025-12-01,31,10,6486.91,5,5,5,Champions
106907,2024-06-16,564,6,4133.4800000000005,1,5,5,At Risk
106908,2025-07-17,168,3,899.1999999999999,3,3,3,Others
106909,2024-05-31,580,1,670.4300000000001,1,1,2,Lost
106910,2025-12-30,2,3,824.4,5,3,3,Potential Loyalists
106912,2025-06-14,201,1,854.06,3,1,3,Others
106913,2025-09-17,106,1,1022.1099999999999,4,1,3,Potential Loyalists
106914,2025-12-04,28,2,435.97,5,2,2,Potential Loyalists
106915,2024-05-24,587,2,2258.0,1,2,4,Lost
106917,2025-12-20,12,7,2895.58,5,5,5,Champions
106919,2025-10-05,88,3,1208.17,4,3,3,Potential Loyalists
106920,2025-11-04,58,5,1005.0600000000001,4,4,3,Loyal
106921,2025-11-17,45,19,6515.32,4,5,5,Champions
106922,2025-10-30,63,4,3439.84,4,4,5,Champions
106923,2024-10-01,457,1,87.61,2,1,1,Lost
106924,2025-05-19,227,6,803.58,3,5,3,Loyal
106925,2024-11-02,425,2,162.69,2,2,1,Lost
106926,2025-05-25,221,4,1695.51,3,4,4,Loyal
106928,2023-11-20,773,2,322.58,1,2,2,Lost
106930,2024-10-25,433,5,2860.11,2,4,5,At Risk
106931,2025-10-27,66,3,2521.1099999999997,4,3,4,Potential Loyalists
106934,2025-12-21,11,10,1812.18,5,5,4,Champions
106935,2025-11-26,36,11,5065.8,5,5,5,Champions
106936,2025-08-06,148,2,330.0,3,2,2,Others
106938,2025-06-28,187,4,2349.5699999999997,3,4,4,Loyal
106941,2025-12-29,3,3,1054.3899999999999,5,3,3,Potential Loyalists
106942,2025-12-07,25,9,6682.75,5,5,5,Champions
106943,2025-12-31,1,1,145.64,5,1,1,Potential Loyalists
106944,2025-06-26,189,2,619.04,3,2,2,Others
106945,2023-03-14,1024,1,1218.71,1,1,3,Lost
106946,2024-12-31,366,2,167.94,2,2,1,Lost
106948,2025-05-25,221,2,946.5,3,2,3,Others
106951,2025-05-13,233,2,219.99,3,2,1,Others
106952,2025-09-10,113,21,11318.68,4,5,5,Champions
106953,2024-08-29,490,1,340.62,2,1,2,Lost
106954,2025-05-28,218,3,587.85,3,3,2,Others
106955,2024-03-05,667,1,272.43,1,1,1,Lost
106956,2025-10-04,89,1,84.7,4,1,1,Potential Loyalists
106957,2025-09-24,99,2,686.93,4,2,2,Potential Loyalists
106958,2025-10-03,90,1,443.20000000000005,4,1,2,Potential Loyalists
106959,2025-05-21,225,2,1377.52,3,2,3,Others
106960,2025-05-25,221,1,626.91,3,1,2,Others
106961,2025-08-24,130,1,1086.3,3,1,3,Others
106963,2025-12-30,2,5,1834.8200000000002,5,4,4,Champions
106964,2025-07-19,166,7,2905.84,3,5,5,Loyal
106965,2023-11-17,776,2,168.0,1,2,1,Lost
106966,2023-08-09,876,1,26.6,1,1,1,Lost
106968,2025-10-25,68,5,2310.45,4,4,4,Champions
106969,2025-08-09,145,1,54.03,3,1,1,Others
106971,2024-02-25,676,2,388.83,1,2,2,Lost
106973,2023-06-13,933,2,327.63,1,2,2,Lost
106974,2025-02-01,334,1,35.16,2,1,1,Lost
106975,2023-02-23,1043,1,405.15999999999997,1,1,2,Lost
106976,2025-11-04,58,2,1163.78,4,2,3,Potential Loyalists
106977,2025-10-17,76,3,1307.89,4,3,3,Potential Loyalists
106978,2023-03-13,1025,1,128.26,1,1,1,Lost
106979,2024-12-04,393,2,913.45,2,2,3,Lost
106980,2025-12-25,7,11,6787.74,5,5,5,Champions
106981,2023-07-27,889,2,173.93,1,2,1,Lost
106982,2024-11-12,415,1,1596.14,2,1,4,Lost
106983,2025-12-17,15,1,1449.89,5,1,4,Potential Loyalists
106985,2024-10-16,442,2,448.94,2,2,2,Lost
106986,2025-03-30,277,1,1213.9299999999998,3,1,3,Others
106987,2025-08-23,131,1,594.76,3,1,2,Others
106988,2025-02-23,312,2,249.07,2,2,1,Lost
106989,2025-12-19,13,12,6184.28,5,5,5,Champions
106992,2025-12-04,28,1,478.20000000000005,5,1,2,Potential Loyalists
106993,2023-12-27,736,1,117.19999999999999,1,1,1,Lost
106994,2025-12-20,12,3,1601.66,5,3,4,Potential Loyalists
106995,2025-11-26,36,4,901.56,5,4,3,Loyal
106997,2024-07-30,520,2,482.15,2,2,2,Lost
106998,2025-12-26,6,3,972.62,5,3,3,Potential Loyalists
106999,2023-05-10,967,1,1327.19,1,1,3,Lost
107000,2024-02-21,680,1,124.18,1,1,1,Lost
107001,2025-06-17,198,5,423.78,3,4,2,Others
107002,2025-09-14,109,2,1598.23,4,2,4,Potential Loyalists
107003,2025-04-03,273,2,336.81,3,2,2,Others
107004,2024-09-25,463,2,574.3,2,2,2,Lost
107006,2025-07-12,173,1,653.16,3,1,2,Others
107007,2025-12-26,6,2,334.52,5,2,2,Potential Loyalists
107009,2025-12-07,25,29,12181.91,5,5,5,Champions
107010,2025-12-24,8,10,2879.48,5,5,5,Champions
107011,2025-11-17,45,1,140.98000000000002,4,1,1,Potential Loyalists
107012,2024-09-22,466,3,1763.21,2,3,4,Others
107014,2023-03-11,1027,1,792.86,1,1,3,Lost
107015,2025-05-03,243,1,299.35,3,1,2,Others
107016,2025-11-23,39,6,1283.49,5,5,3,Loyal
107017,2023-11-05,788,1,62.23,1,1,1,Lost
107018,2024-10-06,452,1,1098.18,2,1,3,Lost
107021,2023-06-15,931,1,194.3,1,1,1,Lost
107023,2025-12-16,16,5,1548.6100000000001,5,4,4,Champions
107024,2025-12-02,30,9,3424.75,5,5,5,Champions
107026,2025-06-24,191,3,1048.1100000000001,3,3,3,Others
107027,2025-12-04,28,7,5358.38,5,5,5,Champions
107028,2023-06-20,926,1,197.95999999999998,1,1,1,Lost
107029,2023-02-08,1058,1,104.34,1,1,1,Lost
107031,2025-10-25,68,9,4535.82,4,5,5,Champions
107032,2025-05-16,230,2,169.02,3,2,1,Others
107034,2025-11-03,59,14,3827.98,4,5,5,Champions
107035,2024-09-18,470,2,303.61,2,2,2,Lost
107037,2024-02-19,682,1,858.27,1,1,3,Lost
107038,2024-10-28,430,3,1304.89,2,3,3,Others
107041,2025-03-07,300,3,567.66,2,3,2,Others
107042,2024-07-21,529,3,1384.8899999999999,2,3,3,Others
107043,2024-09-09,479,1,34.7,2,1,1,Lost
107044,2024-11-13,414,1,884.39,2,1,3,Lost
107045,2025-06-28,187,3,1595.2,3,3,4,Others
107046,2025-12-25,7,4,2759.27,5,4,5,Champions
107047,2023-10-25,799,1,524.52,1,1,2,Lost
107049,2025-12-26,6,3,657.88,5,3,2,Potential Loyalists
107050,2024-11-01,426,4,964.11,2,4,3,At Risk
107051,2023-10-25,799,1,241.88,1,1,1,Lost
107052,2025-02-08,327,1,409.12,2,1,2,Lost
107053,2025-09-12,111,5,5581.9,4,4,5,Champions
107055,2025-10-14,79,2,842.91,4,2,3,Potential Loyalists
107056,2025-08-12,142,2,218.81,3,2,1,Others
107057,2024-06-30,550,3,6091.22,1,3,5,Others
107058,2025-10-21,72,13,6389.3099999999995,4,5,5,Champions
107059,2025-03-30,277,3,917.97,3,3,3,Others
107060,2024-11-08,419,2,560.95,2,2,2,Lost
107061,2024-11-18,409,6,4090.69,2,5,5,At Risk
107062,2025-12-03,29,7,1510.24,5,5,4,Champions
107063,2025-12-10,22,2,711.26,5,2,2,Potential Loyalists
107064,2024-09-20,468,1,29.62,2,1,1,Lost
107065,2025-12-09,23,12,6355.39,5,5,5,Champions
107066,2024-06-19,561,2,678.22,1,2,2,Lost
107067,2025-05-21,225,2,709.83,3,2,2,Others
107068,2025-11-25,37,1,1009.4599999999999,5,1,3,Potential Loyalists
107069,2023-12-06,757,2,657.0999999999999,1,2,2,Lost
107072,2024-01-23,709,1,1848.3899999999999,1,1,4,Lost
107073,2024-12-23,374,1,74.72,2,1,1,Lost
107074,2025-04-06,270,4,1648.25,3,4,4,Loyal
107075,2025-03-13,294,2,318.90999999999997,2,2,2,Lost
107076,2023-04-22,985,1,769.23,1,1,3,Lost
107077,2025-12-23,9,3,530.97,5,3,2,Potential Loyalists
107078,2025-11-03,59,18,7748.13,4,5,5,Champions
107079,2025-11-19,43,2,1386.43,4,2,3,Potential Loyalists
107080,2025-11-09,53,8,5242.01,4,5,5,Champions
107081,2025-10-11,82,2,1097.36,4,2,3,Potential Loyalists
107082,2025-02-25,310,3,1559.6499999999999,2,3,4,Others
107083,2025-08-15,139,1,420.98,3,1,2,Others
107084,2024-12-24,373,1,93.9,2,1,1,Lost
107085,2023-08-04,881,1,342.02,1,1,2,Lost
107086,2025-10-22,71,3,1971.1899999999998,4,3,4,Potential Loyalists
107087,2024-06-02,578,1,512.67,1,1,2,Lost
107088,2023-05-06,971,1,777.32,1,1,3,Lost
107089,2025-12-27,5,6,1450.2,5,5,4,Champions
107091,2024-04-27,614,1,443.35,1,1,2,Lost
107092,2025-02-15,320,1,547.3900000000001,2,1,2,Lost
107093,2024-03-04,668,1,127.1,1,1,1,Lost
107094,2025-12-27,5,8,2545.93,5,5,4,Champions
107095,2025-10-21,72,6,1729.45,4,5,4,Champions
107096,2023-05-31,946,1,261.08,1,1,1,Lost
107097,2023-04-20,987,2,2421.43,1,2,4,Lost
107098,2023-12-19,744,1,40.86,1,1,1,Lost
107099,2024-12-13,384,1,88.19,2,1,1,Lost
107100,2023-02-25,1041,2,349.78000000000003,1,2,2,Lost
107101,2023-05-23,954,1,1505.42,1,1,4,Lost
107102,2025-08-09,145,2,323.89,3,2,2,Others
107103,2025-12-05,27,9,5400.7,5,5,5,Champions
107105,2024-09-27,461,2,2446.54,2,2,4,Lost
107106,2024-07-26,524,1,576.83,2,1,2,Lost
107107,2024-05-06,605,1,203.13,1,1,1,Lost
107109,2024-06-30,550,1,644.75,1,1,2,Lost
107111,2024-08-23,496,3,1086.57,2,3,3,Others
107113,2024-04-16,625,1,410.12,1,1,2,Lost
107114,2025-12-26,6,4,1415.1799999999998,5,4,4,Champions
107115,2025-01-20,346,8,4489.389999999999,2,5,5,At Risk
107116,2025-07-07,178,3,1831.33,3,3,4,Others
107117,2025-04-15,261,3,1335.04,3,3,3,Others
107118,2024-09-15,473,2,1113.0900000000001,2,2,3,Lost
107119,2023-05-03,974,1,1655.33,1,1,4,Lost
107120,2024-05-05,606,2,539.94,1,2,2,Lost
107121,2025-11-15,47,2,657.21,4,2,2,Potential Loyalists
107123,2023-08-25,860,1,694.0600000000001,1,1,2,Lost
107124,2023-12-19,744,1,65.82,1,1,1,Lost
107125,2024-08-09,510,1,2535.7999999999997,2,1,4,Lost
107126,2025-12-26,6,3,543.02,5,3,2,Potential Loyalists
107127,2024-10-03,455,1,122.77,2,1,1,Lost
107128,2023-11-18,775,2,1202.75,1,2,3,Lost
107129,2024-06-05,575,3,503.12,1,3,2,Others
107130,2023-02-11,1055,1,509.17,1,1,2,Lost
107131,2024-09-28,460,1,593.22,2,1,2,Lost
107133,2025-12-21,11,12,5156.82,5,5,5,Champions
107134,2024-06-17,563,2,1003.11,1,2,3,Lost
107135,2025-05-03,243,6,2008.7800000000002,3,5,4,Loyal
107136,2025-12-15,17,16,5968.23,5,5,5,Champions
107138,2023-01-11,1086,1,301.88,1,1,2,Lost
107140,2023-06-30,916,1,101.69999999999999,1,1,1,Lost
107142,2024-10-06,452,4,2881.7999999999997,2,4,5,At Risk
107143,2025-04-26,250,4,1128.9,3,4,3,Loyal
107144,2025-11-17,45,16,6966.06,4,5,5,Champions
107145,2025-03-06,301,1,99.92,2,1,1,Lost
107146,2024-12-17,380,3,1900.3899999999999,2,3,4,Others
107147,2025-07-14,171,4,1561.6999999999998,3,4,4,Loyal
107148,2023-10-07,817,1,1102.3999999999999,1,1,3,Lost
107150,2025-03-29,278,1,43.41,3,1,1,Others
107151,2025-12-14,18,4,3340.6099999999997,5,4,5,Champions
107152,2023-07-28,888,1,298.0,1,1,2,Lost
107153,2025-12-28,4,4,1593.08,5,4,4,Champions
107154,2025-01-14,352,2,1416.82,2,2,4,Lost
107156,2025-03-15,292,3,1550.48,2,3,4,Others
107157,2025-12-09,23,5,3591.95,5,4,5,Champions
107158,2024-02-15,686,1,49.56,1,1,1,Lost
107159,2025-12-01,31,3,1871.07,5,3,4,Potential Loyalists
107160,2025-10-11,82,4,201.44,4,4,1,Others
107161,2023-05-26,951,1,458.52000000000004,1,1,2,Lost
107162,2025-05-29,217,4,1847.02,3,4,4,Loyal
107163,2025-12-10,22,2,296.75,5,2,2,Potential Loyalists
107164,2023-06-09,937,1,150.78,1,1,1,Lost
107165,2024-07-22,528,3,2585.0699999999997,2,3,4,Others
107166,2025-05-12,234,5,2371.02,3,4,4,Loyal
107168,2025-11-21,41,5,2102.0,5,4,4,Champions
107170,2023-01-17,1080,1,932.92,1,1,3,Lost
107171,2023-04-18,989,1,65.28,1,1,1,Lost
107172,2025-12-28,4,6,1634.0,5,5,4,Champions
107173,2025-06-20,195,1,179.33,3,1,1,Others
107174,2025-11-26,36,5,746.0,5,4,3,Loyal
107175,2024-11-17,410,2,951.64,2,2,3,Lost
107176,2025-12-27,5,2,1232.8500000000001,5,2,3,Potential Loyalists
107177,2025-02-04,331,2,1323.43,2,2,3,Lost
107178,2023-08-24,861,3,2456.82,1,3,4,Others
107179,2025-07-28,157,4,2886.7999999999997,3,4,5,Loyal
107180,2024-06-29,551,2,373.94,1,2,2,Lost
107182,2025-07-01,184,9,2685.52,3,5,5,Loyal
107183,2025-01-05,361,2,1143.0,2,2,3,Lost
107185,2025-07-11,174,3,426.77,3,3,2,Others
107186,2025-12-03,29,15,4728.14,5,5,5,Champions
107187,2024-11-22,405,2,409.75,2,2,2,Lost
107188,2025-11-05,57,10,3485.3,4,5,5,Champions
107189,2025-03-28,279,3,1459.61,3,3,4,Others
107190,2025-11-30,32,16,6288.650000000001,5,5,5,Champions
107191,2025-11-07,55,2,108.07,4,2,1,Potential Loyalists
107192,2025-11-07,55,1,255.32999999999998,4,1,1,Potential Loyalists
107193,2025-10-20,73,6,1739.1399999999999,4,5,4,Champions
107194,2025-10-20,73,3,1557.1,4,3,4,Potential Loyalists
107195,2025-01-24,342,1,57.26,2,1,1,Lost
107196,2025-10-05,88,8,2923.51,4,5,5,Champions
107197,2023-08-23,862,1,51.27,1,1,1,Lost
107200,2025-12-22,10,2,1616.8799999999999,5,2,4,Potential Loyalists
107202,2025-12-07,25,4,1568.77,5,4,4,Champions
107203,2025-12-10,22,3,1815.93,5,3,4,Potential Loyalists
107204,2024-11-07,420,1,1025.91,2,1,3,Lost
107205,2025-10-31,62,3,1492.44,4,3,4,Potential Loyalists
107206,2024-05-18,593,3,979.65,1,3,3,Others
107207,2025-12-29,3,3,1088.83,5,3,3,Potential Loyalists
107208,2023-05-12,965,1,123.0,1,1,1,Lost
107209,2023-06-12,934,1,192.34,1,1,1,Lost
107211,2025-11-20,42,3,1400.54,4,3,3,Potential Loyalists
107212,2024-12-10,387,1,526.3399999999999,2,1,2,Lost
107213,2025-11-21,41,8,3415.47,5,5,5,Champions
107215,2025-01-31,335,3,1010.5899999999999,2,3,3,Others
107216,2025-12-01,31,2,527.24,5,2,2,Potential Loyalists
107217,2025-04-06,270,7,5466.54,3,5,5,Loyal
107218,2025-08-27,127,4,810.73,4,4,3,Loyal
107219,2025-01-25,341,4,1685.88,2,4,4,At Risk
107220,2025-07-03,182,8,2124.61,3,5,4,Loyal
107221,2024-12-24,373,3,2288.0,2,3,4,Others
107223,2023-01-01,1096,1,823.19,1,1,3,Lost
107224,2025-06-15,200,1,375.19,3,1,2,Others
107227,2025-12-23,9,12,4319.49,5,5,5,Champions
107228,2025-06-16,199,2,1435.17,3,2,4,Others
107229,2024-04-09,632,1,1392.91,1,1,3,Lost
107231,2025-11-05,57,7,4149.01,4,5,5,Champions
107232,2025-06-11,204,5,1405.6699999999998,3,4,4,Loyal
107234,2024-12-28,369,4,3652.69,2,4,5,At Risk
107235,2025-10-12,81,5,4812.64,4,4,5,Champions
107237,2025-12-13,19,11,3793.18,5,5,5,Champions
107238,2023-06-21,925,1,190.55,1,1,1,Lost
107240,2025-11-07,55,13,6919.89,4,5,5,Champions
107241,2025-12-20,12,1,215.59,5,1,1,Potential Loyalists
107242,2024-08-10,509,2,698.25,2,2,2,Lost
107243,2025-12-23,9,8,2384.18,5,5,4,Champions
107244,2025-12-26,6,2,2665.77,5,2,5,Potential Loyalists
107245,2024-12-22,375,1,67.42,2,1,1,Lost
107246,2025-05-18,228,5,3936.29,3,4,5,Loyal
107247,2025-12-09,23,2,849.9300000000001,5,2,3,Potential Loyalists
107248,2023-10-18,806,2,1022.3199999999999,1,2,3,Lost
107251,2025-12-12,20,3,584.09,5,3,2,Potential Loyalists
107252,2024-01-21,711,1,106.05000000000001,1,1,1,Lost
107253,2025-09-03,120,4,601.04,4,4,2,Others
107254,2024-11-18,409,1,322.92,2,1,2,Lost
107255,2024-06-01,579,1,650.59,1,1,2,Lost
107257,2023-08-18,867,1,553.1600000000001,1,1,2,Lost
107259,2025-08-28,126,2,870.63,4,2,3,Potential Loyalists
107260,2025-09-05,118,1,31.01,4,1,1,Potential Loyalists
107261,2025-11-22,40,2,960.04,5,2,3,Potential Loyalists
107262,2023-08-23,862,1,381.41,1,1,2,Lost
107264,2025-12-17,15,6,1383.08,5,5,3,Loyal
107268,2024-04-25,616,3,340.81,1,3,2,Others
107270,2025-11-09,53,4,309.21000000000004,4,4,2,Others
107271,2024-11-22,405,1,93.6,2,1,1,Lost
107272,2024-07-28,522,3,5964.03,2,3,5,Others
107273,2023-10-19,805,1,101.78,1,1,1,Lost
107274,2025-08-18,136,4,2108.3199999999997,3,4,4,Loyal
107276,2025-07-23,162,1,778.74,3,1,3,Others
107277,2025-12-25,7,4,1301.2,5,4,3,Loyal
107278,2024-11-28,399,1,65.14,2,1,1,Lost
107281,2025-01-21,345,4,1352.76,2,4,3,At Risk
107284,2025-09-27,96,8,2092.61,4,5,4,Champions
107285,2025-12-29,3,4,2955.42,5,4,5,Champions
107286,2023-05-30,947,1,358.52,1,1,2,Lost
107287,2025-07-15,170,3,470.3,3,3,2,Others
107288,2025-11-16,46,10,4708.86,4,5,5,Champions
107289,2025-05-14,232,7,1470.3600000000001,3,5,4,Loyal
107290,2024-10-06,452,2,770.4100000000001,2,2,3,Lost
107291,2024-03-20,652,2,1381.92,1,2,3,Lost
107292,2025-12-19,13,5,2381.68,5,4,4,Champions
107293,2025-12-11,21,3,569.9300000000001,5,3,2,Potential Loyalists
107294,2025-07-27,158,2,1121.23,3,3,3,Others
107295,2024-02-21,680,2,338.25,1,3,2,Others
107297,2025-09-21,102,1,270.54,4,1,1,Potential Loyalists
107298,2025-09-24,99,7,3379.1,4,5,5,Champions
107299,2025-01-09,357,1,353.24,2,1,2,Lost
107300,2024-12-26,371,1,587.23,2,1,2,Lost
107301,2025-05-08,238,7,6526.2,3,5,5,Loyal
107302,2025-02-25,310,2,2456.33,2,3,4,Others
107303,2025-10-17,76,5,1238.15,4,4,3,Loyal
107304,2023-04-08,999,1,127.21,1,1,1,Lost
107305,2025-07-27,158,4,3594.36,3,4,5,Loyal
107306,2024-12-17,380,1,81.02000000000001,2,1,1,Lost
107307,2024-12-23,374,2,1801.9699999999998,2,3,4,Others
107308,2025-10-05,88,4,3154.22,4,4,5,Champions
107309,2025-03-29,278,2,2539.06,3,3,4,Others
107310,2025-12-14,18,1,1076.06,5,1,3,Potential Loyalists
107311,2025-10-01,92,4,2966.36,4,4,5,Champions
107312,2025-09-14,109,3,1087.06,4,3,3,Potential Loyalists
107313,2024-11-30,397,3,1133.84,2,3,3,Others
107314,2025-11-11,51,8,3140.9500000000003,4,5,5,Champions
107315,2023-07-20,896,1,260.15,1,1,1,Lost
107316,2025-12-06,26,1,457.7,5,1,2,Potential Loyalists
107317,2023-10-04,820,1,150.6,1,1,1,Lost
107318,2025-09-18,105,1,61.97,4,1,1,Potential Loyalists
107319,2025-05-06,240,10,2076.33,3,5,4,Loyal
107320,2025-08-11,143,5,928.91,3,4,3,Loyal
107321,2025-12-15,17,21,7618.96,5,5,5,Champions
107322,2025-01-15,351,2,179.65,2,3,1,Others
107323,2025-10-29,64,3,792.53,4,3,3,Potential Loyalists
107324,2025-11-21,41,9,1982.3700000000001,5,5,4,Champions
107325,2025-05-05,241,4,1492.92,3,4,4,Loyal
107326,2025-07-23,162,1,317.84000000000003,3,1,2,Others
107327,2024-11-11,416,2,1246.01,2,3,3,Others
107328,2025-12-17,15,4,1248.45,5,4,3,Loyal
107329,2024-01-12,720,2,779.09,1,3,3,Others
107330,2025-05-12,234,1,438.46999999999997,3,1,2,Others
107332,2025-02-10,325,2,836.76,2,3,3,Others
107334,2024-05-10,601,2,580.17,1,3,2,Others
107335,2023-12-08,755,1,660.6800000000001,1,1,2,Lost
107336,2023-05-18,959,1,16.9,1,1,1,Lost
107337,2024-06-14,566,1,288.72,1,1,1,Lost
107338,2025-03-25,282,2,487.84000000000003,3,3,2,Others
107339,2023-10-24,800,1,66.72,1,1,1,Lost
107340,2025-02-28,307,1,92.14,2,1,1,Lost
107342,2024-11-30,397,2,3164.73,2,3,5,Others
107343,2025-12-02,30,4,2303.43,5,4,4,Champions
107344,2025-05-20,226,5,3432.3,3,4,5,Loyal
107345,2025-12-17,15,1,21.91,5,1,1,Potential Loyalists
107346,2024-12-16,381,4,732.07,2,4,3,At Risk
107347,2025-12-16,16,3,876.42,5,3,3,Potential Loyalists
107350,2023-07-23,893,1,93.98,1,1,1,Lost
107351,2025-01-26,340,1,162.63,2,1,1,Lost
107352,2025-10-27,66,6,1476.19,4,5,4,Champions
107353,2025-05-06,240,2,683.23,3,3,2,Others
107355,2023-02-05,1061,1,46.93,1,1,1,Lost
107356,2025-12-30,2,4,1220.31,5,4,3,Loyal
107357,2024-07-19,531,1,65.13,2,1,1,Lost
107358,2024-12-08,389,1,35.64,2,1,1,Lost
107359,2025-07-11,174,9,4477.47,3,5,5,Loyal
107364,2025-12-16,16,2,3778.61,5,3,5,Potential Loyalists
107365,2025-04-01,275,2,314.67,3,3,2,Others
107366,2024-10-01,457,3,2652.6600000000003,2,3,4,Others
107367,2025-04-30,246,3,1546.18,3,3,4,Others
107368,2025-12-01,31,4,289.77,5,4,1,Others
107369,2023-11-29,764,1,571.48,1,1,2,Lost
107370,2025-03-09,298,2,1758.8400000000001,2,3,4,Others
107371,2025-06-15,200,2,297.75,3,3,2,Others
107373,2025-11-29,33,9,1100.18,5,5,3,Loyal
107378,2025-02-19,316,2,1021.39,2,3,3,Others
107381,2024-05-16,595,1,395.69,1,1,2,Lost
107382,2025-05-29,217,2,2177.9,3,3,4,Others
107384,2025-08-20,134,7,4885.14,3,5,5,Loyal
107385,2025-12-22,10,6,5233.7,5,5,5,Champions
107386,2025-06-06,209,4,1253.03,3,4,3,Loyal
107387,2024-05-11,600,3,675.98,1,3,2,Others
107388,2025-10-08,85,7,2002.58,4,5,4,Champions
107389,2025-03-21,286,2,839.4,2,3,3,Others
107391,2023-05-12,965,1,131.79,1,1,1,Lost
107392,2024-09-29,459,4,1457.73,2,4,4,At Risk
107393,2025-03-15,292,6,3470.5,2,5,5,At Risk
107394,2025-01-07,359,5,3100.98,2,4,5,At Risk
107395,2025-08-14,140,9,3661.71,3,5,5,Loyal
107396,2025-05-13,233,4,1614.55,3,4,4,Loyal
107397,2025-12-10,22,5,1239.06,5,4,3,Loyal
107398,2024-10-08,450,1,195.4,2,1,1,Lost
107399,2025-10-25,68,3,563.3,4,3,2,Potential Loyalists
107400,2025-11-04,58,1,409.3,4,1,2,Potential Loyalists
107401,2025-07-03,182,2,1115.7,3,3,3,Others
107402,2024-11-20,407,2,169.67000000000002,2,3,1,Others
107403,2025-12-12,20,40,27447.14,5,5,5,Champions
107404,2024-06-16,564,1,503.39,1,1,2,Lost
107406,2025-03-10,297,2,486.62,2,3,2,Others
107407,2023-06-11,935,1,62.68,1,1,1,Lost
107408,2025-06-15,200,3,811.06,3,3,3,Others
107409,2025-08-22,132,7,3282.84,3,5,5,Loyal
107410,2025-12-02,30,12,4433.02,5,5,5,Champions
107412,2025-12-31,1,9,6053.71,5,5,5,Champions
107414,2025-12-13,19,5,4530.11,5,4,5,Champions
107415,2025-08-03,151,5,1817.76,3,4,4,Loyal
107416,2025-11-06,56,3,399.16999999999996,4,3,2,Potential Loyalists
107419,2024-10-23,435,4,1638.85,2,4,4,At Risk
107422,2025-11-05,57,1,142.27,4,1,1,Potential Loyalists
107423,2024-04-26,615,1,909.12,1,1,3,Lost
107424,2025-03-12,295,3,1286.1,2,3,3,Others
107425,2025-07-03,182,1,116.39,3,1,1,Others
107426,2023-05-28,949,1,58.07,1,1,1,Lost
107427,2023-09-29,825,2,891.49,1,3,3,Others
107428,2025-12-25,7,15,7069.24,5,5,5,Champions
107429,2025-12-27,5,2,213.51999999999998,5,3,1,Potential Loyalists
107430,2024-09-01,487,1,157.87,2,1,1,Lost
107431,2023-03-08,1030,1,146.07,1,1,1,Lost
107432,2025-06-05,210,1,210.4,3,1,1,Others
107433,2025-09-01,122,5,1737.3400000000001,4,4,4,Champions
107435,2025-01-02,364,1,635.34,2,1,2,Lost
107436,2025-12-09,23,6,3115.12,5,5,5,Champions
107437,2025-08-14,140,5,3479.81,3,4,5,Loyal
107438,2023-09-19,835,1,114.74,1,1,1,Lost
107440,2025-09-09,114,1,295.84000000000003,4,1,2,Potential Loyalists
107441,2025-05-14,232,1,267.33000000000004,3,1,1,Others
107442,2025-07-04,181,2,285.74,3,3,1,Others
107443,2025-11-22,40,1,360.66,5,1,2,Potential Loyalists
107444,2024-09-05,483,2,615.48,2,3,2,Others
107445,2024-09-04,484,1,88.59,2,1,1,Lost
107446,2025-09-11,112,3,1139.62,4,3,3,Potential Loyalists
107448,2025-08-02,152,2,112.93,3,3,1,Others
107450,2025-11-12,50,6,3406.32,4,5,5,Champions
107451,2025-12-05,27,4,778.4200000000001,5,4,3,Loyal
107452,2025-12-21,11,23,13223.67,5,5,5,Champions
107453,2025-11-16,46,3,597.35,4,3,2,Potential Loyalists
107454,2023-10-11,813,1,595.74,1,1,2,Lost
107455,2024-01-26,706,1,1071.87,1,1,3,Lost
107456,2025-03-16,291,4,3529.14,2,4,5,At Risk
107458,2025-05-15,231,1,794.42,3,1,3,Others
107460,2025-12-26,6,5,1076.93,5,4,3,Loyal
107461,2025-07-28,157,2,782.3199999999999,3,3,3,Others
107462,2025-11-11,51,3,4629.71,4,3,5,Potential Loyalists
107464,2024-06-10,570,1,2044.37,1,1,4,Lost
107466,2024-03-06,666,1,29.22,1,1,1,Lost
107467,2025-12-30,2,21,9796.94,5,5,5,Champions
107468,2025-06-16,199,2,489.99,3,3,2,Others
107470,2024-10-05,453,1,904.95,2,1,3,Lost
107471,2024-08-31,488,1,450.78,2,1,2,Lost
107472,2024-03-02,670,3,1313.67,1,3,3,Others
107473,2024-08-21,498,3,1275.7,2,3,3,Others
107474,2025-12-17,15,9,6368.04,5,5,5,Champions
107475,2025-11-16,46,6,2553.61,4,5,4,Champions
107476,2025-11-08,54,4,1824.3,4,4,4,Champions
107478,2023-10-17,807,2,314.66999999999996,1,3,2,Others
107479,2025-04-17,259,6,1842.09,3,5,4,Loyal
107480,2025-05-05,241,1,1046.1200000000001,3,1,3,Others
107481,2025-12-30,2,16,5494.67,5,5,5,Champions
107482,2024-09-18,470,1,111.67,2,1,1,Lost
107483,2025-10-11,82,3,1463.6,4,3,4,Potential Loyalists
107484,2025-10-29,64,6,6410.59,4,5,5,Champions
107485,2025-06-22,193,4,1743.88,3,4,4,Loyal
107486,2023-12-30,733,1,1085.18,1,1,3,Lost
107487,2025-06-19,196,2,451.43000000000006,3,3,2,Others
107488,2024-01-29,703,1,653.92,1,1,2,Lost
107490,2025-11-30,32,5,2437.7599999999998,5,4,4,Champions
107491,2024-05-18,593,2,516.48,1,3,2,Others
107492,2025-10-08,85,10,4783.89,4,5,5,Champions
107493,2025-05-23,223,3,1143.43,3,3,3,Others
107496,2024-01-14,718,1,46.19,1,1,1,Lost
107497,2025-10-05,88,3,1182.6100000000001,4,3,3,Potential Loyalists
107498,2023-11-22,771,1,503.78999999999996,1,1,2,Lost
107499,2025-03-28,279,2,1237.6599999999999,3,3,3,Others
107500,2025-03-14,293,3,369.69,2,3,2,Others
107501,2023-05-14,963,1,980.9000000000001,1,1,3,Lost
107503,2024-02-13,688,1,248.07999999999998,1,1,1,Lost
107505,2025-02-03,332,1,472.66999999999996,2,1,2,Lost
107506,2023-10-31,793,1,1703.5800000000002,1,1,4,Lost
107507,2025-09-20,103,1,537.98,4,1,2,Potential Loyalists
107508,2024-09-27,461,2,1904.29,2,3,4,Others
107511,2025-04-19,257,4,2325.36,3,4,4,Loyal
107512,2025-10-28,65,7,4921.9800000000005,4,5,5,Champions
107513,2025-12-23,9,2,2152.95,5,3,4,Potential Loyalists
107514,2023-11-29,764,1,275.42,1,1,1,Lost
107515,2025-08-21,133,2,780.0,3,3,3,Others
107516,2023-06-26,920,1,15.31,1,1,1,Lost
107517,2025-08-06,148,3,912.8299999999999,3,3,3,Others
107518,2025-09-09,114,3,1939.6,4,3,4,Potential Loyalists
107519,2024-08-28,491,3,2662.31,2,3,5,Others
107521,2023-12-21,742,1,471.85,1,1,2,Lost
107522,2025-05-06,240,3,2787.63,3,3,5,Others
107524,2023-08-07,878,1,686.0,1,1,2,Lost
107525,2025-01-27,339,2,180.11,2,3,1,Others
107527,2025-05-22,224,2,978.8,3,3,3,Others
107531,2024-07-24,526,1,61.7,2,1,1,Lost
107532,2024-11-16,411,6,1450.01,2,5,4,At Risk
107533,2023-04-16,991,1,16.7,1,1,1,Lost
107534,2024-12-08,389,2,1091.3,2,3,3,Others
107535,2024-07-25,525,2,642.6800000000001,2,3,2,Others
107536,2025-11-08,54,2,678.03,4,3,2,Potential Loyalists
107539,2025-12-17,15,4,1136.8400000000001,5,4,3,Loyal
107540,2025-06-26,189,2,150.9,3,3,1,Others
107542,2024-10-28,430,4,1872.84,2,4,4,At Risk
107543,2023-12-02,761,1,1518.93,1,1,4,Lost
107544,2024-12-31,366,2,220.37,2,3,1,Others
107545,2024-07-05,545,3,750.59,1,3,3,Others
107546,2025-12-07,25,4,751.61,5,4,3,Loyal
107548,2025-09-24,99,4,2328.71,4,4,4,Champions
107549,2023-09-07,847,3,455.91,1,3,2,Others
107550,2023-05-07,970,2,567.03,1,3,2,Others
107551,2025-05-31,215,2,292.7,3,3,1,Others
107552,2025-04-27,249,2,767.76,3,3,3,Others
107553,2024-08-23,496,2,3471.6000000000004,2,3,5,Others
107554,2025-04-11,265,2,492.26,3,3,2,Others
107555,2025-05-23,223,7,3932.19,3,5,5,Loyal
107556,2025-12-27,5,16,5073.63,5,5,5,Champions
107557,2025-12-30,2,5,2078.7,5,4,4,Champions
107558,2025-05-07,239,1,287.18,3,1,1,Others
107559,2023-12-01,762,1,39.43,1,1,1,Lost
107560,2025-11-22,40,7,3319.38,5,5,5,Champions
107561,2024-02-09,692,1,236.8,1,1,1,Lost
107562,2025-02-25,310,2,329.87,2,3,2,Others
107565,2025-10-11,82,2,330.01,4,3,2,Potential Loyalists
107566,2025-05-07,239,2,60.05,3,3,1,Others
107567,2023-11-05,788,4,958.54,1,4,3,At Risk
107568,2025-04-27,249,1,31.21,3,1,1,Others
107569,2024-12-03,394,4,860.45,2,4,3,At Risk
107570,2024-10-18,440,2,1554.01,2,3,4,Others
107571,2025-09-14,109,7,2738.8199999999997,4,5,5,Champions
107572,2025-12-03,29,4,2157.93,5,4,4,Champions
107573,2023-12-26,737,3,1581.52,1,3,4,Others
107575,2025-11-12,50,1,26.56,4,1,1,Potential Loyalists
107576,2025-10-10,83,3,1026.16,4,3,3,Potential Loyalists
107580,2023-08-04,881,1,659.94,1,1,2,Lost
107581,2025-08-11,143,4,1854.17,3,4,4,Loyal
107584,2025-06-05,210,3,1135.35,3,3,3,Others
107586,2025-03-11,296,6,2788.69,2,5,5,At Risk
107588,2024-05-09,602,1,85.18,1,1,1,Lost
107591,2025-02-15,320,3,1631.28,2,3,4,Others
107593,2025-11-30,32,3,1333.29,5,3,3,Potential Loyalists
107595,2025-11-22,40,3,459.10999999999996,5,3,2,Potential Loyalists
107596,2025-11-22,40,4,2679.26,5,4,5,Champions
107598,2025-12-27,5,5,3049.5,5,4,5,Champions
107599,2024-01-08,724,1,255.57,1,1,1,Lost
107600,2025-09-28,95,4,1572.68,4,4,4,Champions
107601,2025-05-08,238,2,234.39,3,3,1,Others
107604,2024-03-26,646,1,623.14,1,1,2,Lost
107605,2025-12-23,9,23,10469.289999999999,5,5,5,Champions
107606,2025-11-20,42,5,2713.41,4,4,5,Champions
107607,2025-07-12,173,6,7731.67,3,5,5,Loyal
107609,2025-04-10,266,3,1750.27,3,3,4,Others
107611,2025-12-30,2,10,3723.26,5,5,5,Champions
107612,2025-08-14,140,2,300.14000000000004,3,3,2,Others
107615,2024-12-09,388,4,2046.39,2,4,4,At Risk
107616,2025-11-12,50,2,1218.26,4,3,3,Potential Loyalists
107618,2024-06-20,560,1,441.36,1,1,2,Lost
107619,2025-12-16,16,5,2133.5,5,4,4,Champions
107620,2025-04-24,252,3,545.22,3,3,2,Others
107622,2025-09-15,108,5,3272.7299999999996,4,4,5,Champions
107623,2025-05-09,237,3,638.9,3,3,2,Others
107624,2024-09-29,459,1,93.74,2,1,1,Lost
107625,2025-03-20,287,3,2129.6,2,3,4,Others
107627,2025-11-06,56,11,7800.33,4,5,5,Champions
107628,2024-05-19,592,3,1212.99,1,3,3,Others
107629,2024-12-19,378,2,213.61,2,3,1,Others
107630,2023-11-02,791,1,380.02,1,1,2,Lost
107631,2024-06-12,568,1,172.91,1,1,1,Lost
107632,2025-12-01,31,2,1480.1699999999998,5,3,4,Potential Loyalists
107633,2025-09-11,112,12,5400.21,4,5,5,Champions
107635,2024-11-25,402,1,1079.12,2,1,3,Lost
107636,2023-04-22,985,1,683.08,1,1,2,Lost
107637,2025-10-06,87,2,1022.83,4,3,3,Potential Loyalists
107638,2024-02-13,688,1,304.15,1,1,2,Lost
107639,2024-09-16,472,1,11.95,2,1,1,Lost
107640,2025-07-05,180,2,992.4200000000001,3,3,3,Others
107641,2025-11-22,40,2,313.77,5,3,2,Potential Loyalists
107642,2025-02-10,325,2,238.29,2,3,1,Others
107643,2023-05-07,970,1,446.24,1,1,2,Lost
107646,2025-01-28,338,2,527.64,2,3,2,Others
107647,2023-08-27,858,1,6247.24,1,1,5,Lost
107649,2025-08-05,149,7,3229.65,3,5,5,Loyal
107650,2024-04-14,627,1,70.65,1,1,1,Lost
107651,2025-11-01,61,3,800.5600000000001,4,3,3,Potential Loyalists
107654,2023-07-15,901,2,398.46,1,3,2,Others
107657,2025-03-26,281,6,4462.67,3,5,5,Loyal
107659,2025-05-25,221,4,2268.0099999999998,3,4,4,Loyal
107660,2025-07-18,167,2,297.64,3,3,2,Others
107661,2025-08-07,147,2,1072.76,3,3,3,Others
107662,2025-10-27,66,6,3092.41,4,5,5,Champions
107663,2025-11-10,52,11,4733.44,4,5,5,Champions
107665,2025-06-11,204,2,546.84,3,3,2,Others
107666,2025-09-20,103,1,807.39,4,1,3,Potential Loyalists
107668,2024-12-30,367,3,2768.67,2,3,5,Others
107669,2024-05-01,610,3,644.64,1,3,2,Others
107670,2024-06-27,553,2,1327.4,1,3,3,Others
107672,2025-11-21,41,8,2704.42,5,5,5,Champions
107673,2025-06-05,210,2,178.29000000000002,3,3,1,Others
107674,2025-08-02,152,2,966.63,3,3,3,Others
107675,2025-12-09,23,4,791.0600000000001,5,4,3,Loyal
107677,2025-11-24,38,4,1550.7,5,4,4,Champions
107678,2025-11-09,53,4,1727.22,4,4,4,Champions
107680,2025-09-26,97,2,228.39000000000001,4,3,1,Potential Loyalists
107682,2025-09-13,110,2,413.66999999999996,4,3,2,Potential Loyalists
107683,2025-11-07,55,3,273.38,4,3,1,Potential Loyalists
107684,2025-06-12,203,3,1981.1499999999999,3,3,4,Others
107685,2023-01-29,1068,1,62.45,1,1,1,Lost
107687,2023-09-04,850,1,13.37,1,1,1,Lost
107688,2025-11-18,44,3,664.03,4,3,2,Potential Loyalists
107689,2025-08-20,134,3,689.54,3,3,2,Others
107691,2024-11-14,413,4,4213.83,2,4,5,At Risk
107693,2025-04-22,254,2,367.73,3,3,2,Others
107695,2025-09-19,104,2,216.74,4,3,1,Potential Loyalists
107696,2024-12-23,374,3,1072.49,2,3,3,Others
107697,2025-11-26,36,4,1461.52,5,4,4,Champions
107698,2024-09-09,479,4,862.89,2,4,3,At Risk
107699,2025-08-19,135,6,1862.19,3,5,4,Loyal
107701,2025-10-01,92,4,3356.12,4,4,5,Champions
107704,2023-01-04,1093,1,592.96,1,1,2,Lost
107706,2024-09-01,487,2,986.82,2,3,3,Others
107707,2025-11-18,44,2,136.26,4,3,1,Potential Loyalists
107709,2023-03-28,1010,1,53.8,1,1,1,Lost
107710,2025-12-13,19,2,227.99,5,3,1,Potential Loyalists
107712,2025-10-05,88,4,1881.27,4,4,4,Champions
107713,2025-08-29,125,2,660.06,4,3,2,Potential Loyalists
107714,2025-08-11,143,5,1392.4,3,4,3,Loyal
107716,2024-12-23,374,1,114.74,2,1,1,Lost
107717,2025-11-23,39,10,4552.5599999999995,5,5,5,Champions
107718,2025-08-10,144,4,1207.1599999999999,3,4,3,Loyal
107719,2024-01-14,718,1,526.5699999999999,1,1,2,Lost
107720,2024-06-09,571,1,712.6500000000001,1,1,2,Lost
107721,2025-12-26,6,16,8590.23,5,5,5,Champions
107722,2025-04-15,261,3,639.76,3,3,2,Others
107723,2025-01-04,362,2,160.89,2,3,1,Others
107724,2025-09-20,103,1,373.87,4,1,2,Potential Loyalists
107725,2024-12-15,382,2,390.68,2,3,2,Others
107726,2024-04-22,619,4,2188.07,1,4,4,At Risk
107727,2024-12-28,369,2,124.9,2,3,1,Others
107729,2023-05-03,974,1,118.14,1,1,1,Lost
107730,2025-12-02,30,5,3830.3599999999997,5,4,5,Champions
107731,2025-07-27,158,1,230.74,3,1,1,Others
107734,2025-12-12,20,8,2559.97,5,5,4,Champions
107735,2025-10-16,77,3,2533.36,4,3,4,Potential Loyalists
107738,2025-09-12,111,6,2677.4900000000002,4,5,5,Champions
107739,2024-06-23,557,1,111.45,1,1,1,Lost
107740,2025-06-01,214,1,170.16,3,1,1,Others
107744,2025-12-18,14,4,468.62,5,4,2,Others
107747,2025-05-23,223,5,4487.5199999999995,3,4,5,Loyal
107749,2025-11-19,43,3,1091.72,4,3,3,Potential Loyalists
107750,2025-12-11,21,12,4119.15,5,5,5,Champions
107751,2025-09-02,121,14,4307.26,4,5,5,Champions
107752,2023-12-10,753,1,961.56,1,1,3,Lost
107753,2025-12-25,7,19,13022.43,5,5,5,Champions
107754,2024-01-07,725,1,2250.52,1,1,4,Lost
107755,2025-11-27,35,1,15.06,5,1,1,Potential Loyalists
107756,2024-05-22,589,3,1253.34,1,3,3,Others
107758,2025-01-14,352,4,2541.96,2,4,4,At Risk
107759,2023-08-09,876,1,450.21,1,1,2,Lost
107760,2024-02-02,699,1,526.8000000000001,1,1,2,Lost
107761,2024-03-02,670,1,792.39,1,1,3,Lost
107762,2023-03-23,1015,1,212.48,1,1,1,Lost
107763,2023-10-11,813,1,47.96,1,1,1,Lost
107764,2025-04-03,273,2,1337.99,3,3,3,Others
107765,2023-03-10,1028,1,84.06,1,1,1,Lost
107766,2025-12-20,12,5,1111.45,5,4,3,Loyal
107767,2025-12-04,28,2,451.5,5,3,2,Potential Loyalists
107770,2024-04-21,620,1,1141.1100000000001,1,1,3,Lost
107773,2025-06-18,197,1,78.44,3,1,1,Others
107774,2024-08-27,492,1,319.93,2,1,2,Lost
107775,2025-07-20,165,3,1809.9099999999999,3,3,4,Others
107777,2025-02-04,331,1,555.99,2,1,2,Lost
107778,2025-12-15,17,21,14035.07,5,5,5,Champions
107780,2025-02-07,328,2,1143.36,2,3,3,Others
107781,2023-09-24,830,1,55.5,1,1,1,Lost
107782,2023-08-17,868,1,168.71,1,1,1,Lost
107783,2025-01-12,354,3,1274.91,2,3,3,Others
107786,2024-03-16,656,1,2159.74,1,1,4,Lost
107788,2025-10-29,64,1,133.67000000000002,4,1,1,Potential Loyalists
107789,2025-11-06,56,7,3110.8900000000003,4,5,5,Champions
107791,2025-11-20,42,3,1505.61,4,3,4,Potential Loyalists
107792,2024-04-12,629,2,269.46,1,3,1,Others
107793,2024-12-03,394,1,192.73,2,1,1,Lost
107794,2025-05-28,218,3,958.94,3,3,3,Others
107795,2025-12-16,16,14,4679.33,5,5,5,Champions
107796,2025-07-19,166,3,462.44,3,3,2,Others
107798,2025-12-02,30,6,3208.79,5,5,5,Champions
107799,2023-08-21,864,1,608.88,1,1,2,Lost
107803,2025-09-24,99,4,688.19,4,4,2,Others
107804,2025-10-29,64,3,2966.03,4,3,5,Potential Loyalists
107805,2023-07-02,914,1,1118.9199999999998,1,1,3,Lost
107806,2024-12-25,372,2,110.9,2,3,1,Others
107807,2025-08-18,136,16,11422.0,3,5,5,Loyal
107808,2025-08-04,150,1,622.11,3,1,2,Others
107809,2025-11-23,39,5,2937.48,5,4,5,Champions
107810,2023-09-25,829,3,682.97,1,3,2,Others
107813,2025-12-09,23,11,3756.23,5,5,5,Champions
107814,2025-08-17,137,1,40.48,3,1,1,Others
107815,2025-01-06,360,2,1377.7299999999998,2,3,3,Others
107816,2024-04-09,632,1,431.59000000000003,1,1,2,Lost
107817,2025-11-11,51,3,1451.4,4,3,4,Potential Loyalists
107818,2025-04-13,263,2,2064.9700000000003,3,3,4,Others
107819,2025-05-06,240,1,1535.88,3,1,4,Others
107820,2025-12-12,20,6,815.16,5,5,3,Loyal
107821,2024-11-04,423,2,480.84000000000003,2,3,2,Others
107826,2025-08-23,131,5,2096.64,3,4,4,Loyal
107827,2025-06-22,193,5,3624.97,3,4,5,Loyal
107828,2025-12-24,8,11,8213.37,5,5,5,Champions
107829,2024-12-03,394,4,2183.82,2,4,4,At Risk
107830,2024-11-04,423,2,901.1600000000001,2,3,3,Others
107831,2025-03-22,285,4,3668.3199999999997,2,4,5,At Risk
107833,2025-11-19,43,6,3527.2,4,5,5,Champions
107834,2024-07-15,535,3,386.56,1,3,2,Others
107835,2025-07-29,156,5,2194.17,3,4,4,Loyal
107837,2025-04-02,274,7,1874.26,3,5,4,Loyal
107838,2025-12-15,17,14,3988.8,5,5,5,Champions
107839,2024-05-07,604,1,223.82999999999998,1,1,1,Lost
107840,2025-08-30,124,5,1866.36,4,4,4,Champions
107842,2025-05-01,245,1,1078.24,3,1,3,Others
107843,2023-02-11,1055,1,49.33,1,1,1,Lost
107844,2025-12-07,25,6,2740.63,5,5,5,Champions
107847,2024-05-17,594,2,615.3299999999999,1,3,2,Others
107849,2024-12-30,367,2,176.95999999999998,2,3,1,Others
107850,2024-05-19,592,3,2186.77,1,3,4,Others
107851,2025-01-16,350,2,73.83,2,3,1,Others
107852,2025-03-03,304,2,1120.48,2,3,3,Others
107854,2025-12-30,2,14,6885.18,5,5,5,Champions
107855,2025-10-14,79,6,1975.41,4,5,4,Champions
107856,2025-08-30,124,8,2072.09,4,5,4,Champions
107857,2025-12-29,3,4,1831.25,5,4,4,Champions
107860,2023-03-24,1014,1,375.27,1,1,2,Lost
107862,2024-09-15,473,1,544.54,2,1,2,Lost
107864,2025-09-07,116,3,2074.86,4,3,4,Potential Loyalists
107865,2025-12-17,15,3,1387.87,5,3,3,Potential Loyalists
107866,2025-12-05,27,9,4683.96,5,5,5,Champions
107867,2025-12-31,1,4,1866.62,5,4,4,Champions
107868,2024-07-16,534,2,213.32999999999998,1,3,1,Others
107870,2025-12-06,26,5,1661.5,5,4,4,Champions
107872,2023-01-07,1090,1,123.28999999999999,1,1,1,Lost
107874,2024-03-03,669,1,20.69,1,1,1,Lost
107875,2023-10-04,820,1,2235.68,1,1,4,Lost
107876,2025-09-25,98,2,648.16,4,3,2,Potential Loyalists
107878,2025-10-28,65,3,2186.35,4,3,4,Potential Loyalists
107879,2025-07-26,159,4,2707.25,3,4,5,Loyal
107880,2025-11-03,59,3,821.36,4,3,3,Potential Loyalists
107881,2025-12-07,25,7,1980.28,5,5,4,Champions
107882,2025-05-06,240,3,2258.4,3,3,4,Others
107883,2024-06-23,557,3,1252.28,1,3,3,Others
107887,2025-11-20,42,2,208.95,4,3,1,Potential Loyalists
107888,2023-12-24,739,1,161.42000000000002,1,1,1,Lost
107889,2025-07-27,158,1,1792.18,3,1,4,Others
107890,2025-12-28,4,5,3498.87,5,4,5,Champions
107892,2025-10-13,80,4,3689.33,4,4,5,Champions
107893,2025-02-01,334,3,317.27,2,3,2,Others
107894,2023-04-29,978,1,795.69,1,1,3,Lost
107895,2025-10-17,76,2,532.5,4,3,2,Potential Loyalists
107896,2025-12-30,2,4,481.04,5,4,2,Others
107897,2025-07-12,173,3,1581.45,3,3,4,Others
107900,2025-04-02,274,7,5414.74,3,5,5,Loyal
107901,2025-12-24,8,4,1544.2,5,4,4,Champions
107903,2025-11-26,36,3,1378.2,5,3,3,Potential Loyalists
107904,2025-12-28,4,7,2781.3199999999997,5,5,5,Champions
107905,2025-11-23,39,9,3943.48,5,5,5,Champions
107906,2025-09-14,109,7,3581.09,4,5,5,Champions
107907,2023-01-15,1082,1,145.86,1,1,1,Lost
107908,2024-01-22,710,1,63.67,1,1,1,Lost
107909,2025-07-01,184,14,5014.099999999999,3,5,5,Loyal
107910,2025-03-12,295,5,1916.6599999999999,2,4,4,At Risk
107911,2025-06-25,190,11,8659.36,3,5,5,Loyal
107912,2025-03-30,277,7,2781.61,3,5,5,Loyal
107913,2023-08-11,874,1,841.8000000000001,1,1,3,Lost
107914,2025-12-11,21,3,380.34000000000003,5,3,2,Potential Loyalists
107915,2025-10-26,67,1,225.05,4,1,1,Potential Loyalists
107916,2024-07-09,541,1,924.61,1,1,3,Lost
107917,2023-10-14,810,1,449.65999999999997,1,1,2,Lost
107919,2025-10-08,85,3,1271.01,4,3,3,Potential Loyalists
107920,2025-04-13,263,3,1199.73,3,3,3,Others
107921,2023-08-13,872,1,543.47,1,1,2,Lost
107922,2025-12-15,17,6,1279.77,5,5,3,Loyal
107924,2025-06-08,207,2,732.94,3,3,3,Others
107925,2024-12-17,380,5,2198.11,2,4,4,At Risk
107927,2025-05-10,236,6,1791.76,3,5,4,Loyal
107929,2025-12-25,7,2,1953.34,5,3,4,Potential Loyalists
107930,2025-04-14,262,4,2842.12,3,4,5,Loyal
107931,2023-12-28,735,1,175.66,1,1,1,Lost
107932,2025-08-26,128,3,2346.4900000000002,3,3,4,Others
107933,2025-12-19,13,6,2072.94,5,5,4,Champions
107934,2024-12-23,374,1,34.69,2,1,1,Lost
107935,2025-10-30,63,4,1415.39,4,4,4,Champions
107936,2025-10-03,90,2,821.01,4,3,3,Potential Loyalists
107937,2025-04-24,252,1,93.99,3,1,1,Others
107938,2025-01-17,349,1,192.01999999999998,2,1,1,Lost
107939,2025-12-01,31,7,3034.65,5,5,5,Champions
107940,2025-01-12,354,1,44.9,2,1,1,Lost
107942,2025-12-10,22,16,8188.26,5,5,5,Champions
107943,2023-12-01,762,2,1092.54,1,3,3,Others
107944,2023-12-07,756,1,137.65,1,1,1,Lost
107945,2025-06-17,198,1,59.29,3,1,1,Others
107946,2025-12-04,28,5,2172.99,5,4,4,Champions
107947,2025-12-29,3,21,8472.16,5,5,5,Champions
107948,2025-10-18,75,2,359.94,4,3,2,Potential Loyalists
107950,2025-09-02,121,5,556.63,4,4,2,Others
107952,2025-08-07,147,1,153.81,3,1,1,Others
107953,2025-09-17,106,6,2301.93,4,5,4,Champions
107954,2025-06-09,206,3,1104.6399999999999,3,3,3,Others
107955,2025-09-27,96,4,1214.8799999999999,4,4,3,Loyal
107956,2025-12-19,13,5,193.7,5,4,1,Others
107959,2025-08-29,125,1,1092.92,4,1,3,Potential Loyalists
107960,2023-02-18,1048,1,75.44,1,1,1,Lost
107961,2024-10-10,448,4,1947.97,2,4,4,At Risk
107962,2024-10-23,435,4,1449.77,2,4,4,At Risk
107964,2023-10-27,797,1,1022.49,1,1,3,Lost
107965,2024-05-10,601,2,342.58000000000004,1,3,2,Others
107967,2025-05-25,221,8,5211.97,3,5,5,Loyal
107969,2025-10-05,88,8,3149.11,4,5,5,Champions
107971,2025-06-20,195,10,2709.58,3,5,5,Loyal
107972,2025-01-05,361,3,1568.67,2,3,4,Others
107973,2025-05-30,216,6,1808.98,3,5,4,Loyal
107974,2025-09-25,98,11,3318.97,4,5,5,Champions
107975,2024-09-12,476,2,1459.93,2,3,4,Others
107976,2023-10-25,799,1,286.74,1,1,1,Lost
107980,2025-12-31,1,9,3760.01,5,5,5,Champions
107981,2024-05-31,580,1,14.98,1,1,1,Lost
107982,2025-07-26,159,5,1283.1499999999999,3,4,3,Loyal
107984,2025-09-09,114,2,86.38,4,3,1,Potential Loyalists
107985,2025-11-12,50,2,1514.6200000000001,4,3,4,Potential Loyalists
107986,2025-06-11,204,3,5696.7300000000005,3,3,5,Others
107988,2025-08-20,134,9,5054.42,3,5,5,Loyal
107989,2025-12-21,11,5,1083.53,5,4,3,Loyal
107990,2025-03-08,299,2,2763.23,2,3,5,Others
107992,2024-04-29,612,2,673.4599999999999,1,3,2,Others
107994,2025-12-27,5,7,2642.56,5,5,4,Champions
107995,2025-06-15,200,1,124.64,3,1,1,Others
107996,2025-12-19,13,11,7892.2699999999995,5,5,5,Champions
107997,2025-01-01,365,1,421.96000000000004,2,1,2,Lost
107998,2025-12-18,14,23,12222.98,5,5,5,Champions
107999,2024-12-17,380,1,81.59,2,1,1,Lost
108000,2025-05-31,215,3,1191.9,3,3,3,Others
108001,2024-02-28,673,1,52.2,1,1,1,Lost
108002,2025-09-19,104,3,2228.09,4,3,4,Potential Loyalists
108003,2025-09-26,97,1,949.11,4,1,3,Potential Loyalists
108004,2023-09-26,828,2,617.05,1,3,2,Others
108006,2025-07-07,178,4,2832.5699999999997,3,4,5,Loyal
108007,2025-01-16,350,3,1996.61,2,3,4,Others
108008,2023-09-26,828,2,1071.45,1,3,3,Others
108010,2024-09-29,459,2,215.09,2,3,1,Others
108011,2025-11-09,53,1,169.8,4,1,1,Potential Loyalists
108013,2025-11-27,35,2,776.21,5,3,3,Potential Loyalists
108014,2024-01-02,730,1,1237.57,1,1,3,Lost
108015,2025-08-21,133,9,7599.599999999999,3,5,5,Loyal
108018,2024-10-27,431,3,1365.6100000000001,2,3,3,Others
108021,2025-08-30,124,10,6556.3,4,5,5,Champions
108022,2025-02-27,308,2,374.08000000000004,2,3,2,Others
108024,2024-09-23,465,1,400.75,2,1,2,Lost
108025,2025-12-18,14,5,3406.5,5,4,5,Champions
108027,2025-10-28,65,3,1649.49,4,3,4,Potential Loyalists
108028,2024-04-05,636,3,1967.76,1,3,4,Others
108029,2024-09-10,478,1,38.19,2,1,1,Lost
108030,2024-03-15,657,1,135.37,1,1,1,Lost
108032,2024-11-06,421,2,561.7,2,3,2,Others
108033,2025-11-18,44,4,2119.94,4,4,4,Champions
108034,2025-08-30,124,2,774.31,4,3,3,Potential Loyalists
108036,2025-12-24,8,2,816.35,5,3,3,Potential Loyalists
108039,2025-10-22,71,7,5611.1900000000005,4,5,5,Champions
108040,2024-11-13,414,2,479.0,2,3,2,Others
108041,2024-08-15,504,2,222.4,2,3,1,Others
108042,2025-09-09,114,2,487.07,4,3,2,Potential Loyalists
108044,2025-12-24,8,11,6139.87,5,5,5,Champions
108045,2025-10-28,65,1,1006.7,4,1,3,Potential Loyalists
108046,2023-12-14,749,1,128.85,1,1,1,Lost
108048,2025-10-01,92,5,3423.0699999999997,4,4,5,Champions
108049,2023-08-06,879,1,2122.3999999999996,1,1,4,Lost
108050,2024-03-22,650,2,770.14,1,3,3,Others
108051,2025-09-24,99,5,3090.23,4,4,5,Champions
108052,2025-09-08,115,3,1516.41,4,3,4,Potential Loyalists
108054,2025-08-28,126,7,2799.16,4,5,5,Champions
108055,2024-03-11,661,2,672.26,1,3,2,Others
108056,2024-04-01,640,1,215.56,1,1,1,Lost
108057,2023-04-29,978,1,765.3,1,1,3,Lost
108059,2024-08-04,515,2,466.73,2,3,2,Others
108060,2024-07-28,522,1,169.78,2,1,1,Lost
108061,2025-03-22,285,1,287.99,2,1,1,Lost
108062,2023-12-16,747,1,195.54000000000002,1,1,1,Lost
108063,2025-03-24,283,3,1960.35,3,3,4,Others
108064,2025-09-05,118,10,5754.35,4,5,5,Champions
108065,2025-06-10,205,5,2396.5,3,4,4,Loyal
108066,2025-12-12,20,8,1773.96,5,5,4,Champions
108068,2025-11-24,38,12,2707.59,5,5,5,Champions
108070,2025-12-21,11,20,14631.37,5,5,5,Champions
108071,2023-08-07,878,1,141.53,1,1,1,Lost
108072,2025-07-28,157,5,1596.42,3,4,4,Loyal
108075,2025-11-22,40,16,6433.34,5,5,5,Champions
108077,2024-03-07,665,1,777.1,1,1,3,Lost
108079,2024-07-05,545,2,264.0,1,3,1,Others
108080,2025-12-19,13,6,2569.8,5,5,4,Champions
108081,2025-06-13,202,2,3639.7799999999997,3,3,5,Others
108084,2024-07-23,527,2,1351.4299999999998,2,3,3,Others
108085,2024-07-13,537,2,1242.56,1,3,3,Others
108086,2024-11-10,417,4,3690.5299999999997,2,4,5,At Risk
108087,2024-05-11,600,2,857.18,1,3,3,Others
108088,2025-03-17,290,3,1462.79,2,3,4,Others
108089,2025-09-08,115,3,998.16,4,3,3,Potential Loyalists
108090,2024-02-16,685,1,275.53999999999996,1,1,1,Lost
108091,2024-08-25,494,1,152.69,2,1,1,Lost
108092,2024-11-28,399,3,1033.53,2,3,3,Others
108094,2025-11-07,55,2,784.25,4,3,3,Potential Loyalists
108095,2025-11-16,46,6,3189.37,4,5,5,Champions
108096,2024-10-05,453,1,1324.15,2,1,3,Lost
108097,2023-10-16,808,1,217.76999999999998,1,1,1,Lost
108098,2025-09-07,116,2,223.81,4,3,1,Potential Loyalists
108100,2024-03-17,655,2,305.92,1,3,2,Others
108101,2025-12-07,25,12,7315.78,5,5,5,Champions
108102,2025-12-24,8,7,3491.43,5,5,5,Champions
108103,2025-08-05,149,1,1361.18,3,1,3,Others
108104,2025-07-08,177,1,68.47,3,1,1,Others
108105,2025-11-01,61,2,1343.79,4,3,3,Potential Loyalists
108106,2025-10-30,63,2,1135.18,4,3,3,Potential Loyalists
108107,2025-12-01,31,1,128.22,5,1,1,Potential Loyalists
108109,2025-11-28,34,3,1129.29,5,3,3,Potential Loyalists
108110,2025-09-26,97,5,2566.46,4,4,4,Champions
108111,2024-04-30,611,3,1126.4299999999998,1,3,3,Others
108112,2025-12-05,27,6,1516.2,5,5,4,Champions
108113,2024-05-05,606,1,1024.42,1,1,3,Lost
108114,2025-10-21,72,9,3123.33,4,5,5,Champions
108115,2023-10-19,805,1,199.41,1,1,1,Lost
108116,2025-03-08,299,1,21.01,2,1,1,Lost
108119,2025-12-19,13,3,1660.8,5,3,4,Potential Loyalists
108121,2025-11-06,56,1,980.48,4,1,3,Potential Loyalists
108123,2024-06-28,552,1,172.52,1,1,1,Lost
108124,2025-09-15,108,6,1320.46,4,5,3,Loyal
108125,2025-09-28,95,4,1537.38,4,4,4,Champions
108127,2025-04-13,263,2,692.76,3,3,2,Others
108128,2025-03-03,304,2,1271.55,2,3,3,Others
108129,2023-01-07,1090,1,281.18,1,1,1,Lost
108131,2025-06-25,190,6,3149.15,3,5,5,Loyal
108133,2024-07-09,541,2,443.9,1,3,2,Others
108135,2025-12-05,27,4,1067.63,5,4,3,Loyal
108137,2025-11-02,60,3,1531.03,4,3,4,Potential Loyalists
108138,2025-05-30,216,9,3489.21,3,5,5,Loyal
108140,2025-12-04,28,7,3313.85,5,5,5,Champions
108141,2025-12-23,9,6,1724.05,5,5,4,Champions
108142,2025-11-11,51,4,741.78,4,4,3,Loyal
108144,2025-05-26,220,6,2955.6800000000003,3,5,5,Loyal
108145,2025-12-30,2,4,1946.5700000000002,5,4,4,Champions
108146,2023-09-05,849,1,74.72,1,1,1,Lost
108147,2024-05-01,610,1,127.13,1,1,1,Lost
108150,2025-09-24,99,3,1481.42,4,3,4,Potential Loyalists
108151,2025-09-09,114,4,3381.65,4,4,5,Champions
108152,2025-07-30,155,2,267.36,3,3,1,Others
108153,2025-12-03,29,1,502.41,5,1,2,Potential Loyalists
108155,2025-09-08,115,4,911.01,4,4,3,Loyal
108156,2025-08-01,153,8,1797.28,3,5,4,Loyal
108157,2025-12-31,1,17,10887.38,5,5,5,Champions
108158,2025-09-13,110,1,2128.82,4,1,4,Potential Loyalists
108160,2025-05-07,239,1,296.18,3,1,2,Others
108161,2025-11-27,35,6,2084.29,5,5,4,Champions
108165,2024-11-08,419,1,703.1200000000001,2,1,2,Lost
108166,2025-12-21,11,1,408.36,5,1,2,Potential Loyalists
108167,2025-08-28,126,2,607.37,4,3,2,Potential Loyalists
108168,2025-09-11,112,1,301.03000000000003,4,1,2,Potential Loyalists
108169,2025-06-02,213,2,2067.72,3,3,4,Others
108170,2024-02-29,672,2,492.21,1,3,2,Others
108171,2024-07-02,548,1,32.62,1,1,1,Lost
108172,2024-12-17,380,5,1570.53,2,4,4,At Risk
108174,2024-10-05,453,1,264.48,2,1,1,Lost
108175,2025-08-15,139,1,513.26,3,1,2,Others
108176,2024-07-23,527,1,180.05,2,1,1,Lost
108178,2025-02-13,322,2,315.74,2,3,2,Others
108179,2025-01-25,341,2,1669.3799999999999,2,3,4,Others
108181,2025-09-21,102,1,420.05,4,1,2,Potential Loyalists
108182,2025-12-14,18,1,108.53999999999999,5,1,1,Potential Loyalists
108183,2024-01-07,725,2,550.52,1,3,2,Others
108184,2025-12-16,16,2,1169.25,5,3,3,Potential Loyalists
108185,2025-11-11,51,9,4425.34,4,5,5,Champions
108187,2025-12-11,21,10,3430.01,5,5,5,Champions
108188,2024-01-02,730,1,355.47,1,1,2,Lost
108189,2024-10-06,452,1,76.35,2,1,1,Lost
108191,2025-11-25,37,4,827.67,5,4,3,Loyal
108192,2024-08-20,499,3,525.23,2,3,2,Others
108193,2025-07-14,171,10,4113.76,3,5,5,Loyal
108195,2025-12-07,25,4,4019.3199999999997,5,4,5,Champions
108196,2025-12-23,9,10,4662.86,5,5,5,Champions
108197,2025-02-24,311,1,979.82,2,1,3,Lost
108199,2024-11-02,425,1,248.66,2,1,1,Lost
108200,2025-07-21,164,5,1743.22,3,4,4,Loyal
108201,2025-08-18,136,3,661.19,3,3,2,Others
108203,2025-11-11,51,3,458.54,4,3,2,Potential Loyalists
108204,2025-06-17,198,2,827.81,3,3,3,Others
108205,2025-11-05,57,5,621.68,4,4,2,Others
108206,2025-08-23,131,5,1713.19,3,4,4,Loyal
108207,2025-06-11,204,7,3099.25,3,5,5,Loyal
108208,2024-08-24,495,2,818.4300000000001,2,3,3,Others
108210,2025-10-24,69,8,2440.44,4,5,4,Champions
108211,2023-12-31,732,1,463.48999999999995,1,1,2,Lost
108212,2025-11-08,54,10,8158.75,4,5,5,Champions
108214,2025-12-30,2,8,4813.14,5,5,5,Champions
108215,2023-10-02,822,1,385.70000000000005,1,1,2,Lost
108216,2025-12-08,24,10,3512.78,5,5,5,Champions
108218,2025-12-22,10,3,891.0,5,3,3,Potential Loyalists
108219,2025-09-14,109,2,845.4499999999999,4,3,3,Potential Loyalists
108220,2024-12-13,384,1,932.76,2,1,3,Lost
108222,2023-02-11,1055,1,210.64000000000001,1,1,1,Lost
108224,2025-10-14,79,3,650.32,4,3,2,Potential Loyalists
108225,2023-11-23,770,1,34.23,1,1,1,Lost
108226,2024-10-31,427,3,2284.38,2,3,4,Others
108227,2024-10-04,454,1,742.9200000000001,2,1,3,Lost
108229,2025-09-22,101,3,1895.12,4,3,4,Potential Loyalists
108231,2025-10-02,91,8,2597.95,4,5,4,Champions
108232,2025-06-02,213,2,172.63,3,3,1,Others
108234,2025-04-29,247,12,2720.17,3,5,5,Loyal
108235,2025-02-18,317,3,501.18,2,3,2,Others
108237,2025-12-11,21,18,9071.09,5,5,5,Champions
108238,2025-08-30,124,2,795.3199999999999,4,3,3,Potential Loyalists
108239,2024-12-17,380,1,2076.22,2,1,4,Lost
108240,2025-11-18,44,7,4501.03,4,5,5,Champions
108241,2024-12-31,366,3,1571.97,2,3,4,Others
108242,2025-10-07,86,8,2769.15,4,5,5,Champions
108243,2025-12-17,15,2,835.96,5,3,3,Potential Loyalists
108245,2023-12-18,745,2,728.29,1,3,2,Others
108247,2025-12-14,18,2,176.87,5,3,1,Potential Loyalists
108249,2024-07-18,532,1,801.12,2,1,3,Lost
108251,2025-08-24,130,2,2451.42,3,3,4,Others
108254,2024-10-25,433,2,240.21,2,3,1,Others
108256,2025-08-04,150,1,277.42,3,1,1,Others
108259,2025-11-20,42,3,1337.36,4,3,3,Potential Loyalists
108260,2025-11-10,52,6,4741.8,4,5,5,Champions
108261,2024-03-19,653,1,159.64999999999998,1,1,1,Lost
108262,2023-04-29,978,1,754.13,1,1,3,Lost
108263,2025-12-07,25,9,4158.12,5,5,5,Champions
108264,2025-02-18,317,3,812.36,2,3,3,Others
108265,2025-12-02,30,1,1251.36,5,1,3,Potential Loyalists
108266,2025-12-11,21,3,1943.04,5,3,4,Potential Loyalists
108267,2023-08-04,881,1,1031.66,1,1,3,Lost
108268,2023-04-01,1006,2,607.65,1,3,2,Others
108269,2025-04-21,255,4,2574.27,3,4,4,Loyal
108271,2025-09-19,104,1,59.98,4,1,1,Potential Loyalists
108272,2025-12-27,5,1,94.9,5,1,1,Potential Loyalists
108273,2025-12-23,9,13,4197.24,5,5,5,Champions
108274,2025-07-05,180,2,1336.3899999999999,3,3,3,Others
108275,2023-10-06,818,1,599.64,1,1,2,Lost
108276,2025-01-29,337,2,981.36,2,3,3,Others
108277,2025-06-20,195,2,4377.18,3,3,5,Others
108278,2025-08-27,127,1,1039.32,4,1,3,Potential Loyalists
108279,2025-06-01,214,2,1564.3799999999999,3,3,4,Others
108281,2023-05-14,963,1,161.11,1,1,1,Lost
108282,2025-12-12,20,7,4400.85,5,5,5,Champions
108283,2024-12-23,374,3,2906.88,2,3,5,Others
108284,2025-01-26,340,2,777.02,2,3,3,Others
108286,2025-03-17,290,1,108.17,2,1,1,Lost
108288,2025-12-14,18,1,723.18,5,1,2,Potential Loyalists
108289,2024-09-12,476,1,481.46,2,1,2,Lost
108290,2025-10-10,83,1,948.4100000000001,4,1,3,Potential Loyalists
108291,2025-01-15,351,1,590.48,2,1,2,Lost
108292,2025-10-08,85,8,3326.88,4,5,5,Champions
108293,2025-10-01,92,4,1349.17,4,4,3,Loyal
108294,2025-12-27,5,14,4992.05,5,5,5,Champions
108295,2023-07-14,902,1,113.86,1,1,1,Lost
108296,2025-07-14,171,3,389.65999999999997,3,3,2,Others
108298,2024-03-22,650,2,316.0,1,3,2,Others
108300,2024-12-26,371,4,1510.29,2,4,4,At Risk
108301,2023-11-16,777,1,920.56,1,1,3,Lost
108302,2025-11-05,57,5,1511.6000000000001,4,4,4,Champions
108303,2025-11-21,41,8,4387.45,5,5,5,Champions
108306,2025-11-24,38,8,3237.52,5,5,5,Champions
108307,2024-11-29,398,3,2181.43,2,3,4,Others
108308,2025-04-24,252,3,275.83,3,3,1,Others
108309,2024-11-24,403,1,1085.17,2,1,3,Lost
108310,2024-07-24,526,1,453.68,2,1,2,Lost
108311,2025-09-09,114,3,319.55999999999995,4,3,2,Potential Loyalists
108312,2024-12-07,390,2,2060.7799999999997,2,3,4,Others
108313,2025-02-01,334,1,648.6700000000001,2,1,2,Lost
108315,2025-12-01,31,18,7258.5599999999995,5,5,5,Champions
108316,2025-10-10,83,3,1294.28,4,3,3,Potential Loyalists
108318,2025-08-04,150,9,3438.58,3,5,5,Loyal
108319,2025-07-23,162,2,137.01999999999998,3,3,1,Others
108320,2025-12-22,10,9,3995.41,5,5,5,Champions
108321,2025-12-12,20,6,1819.19,5,5,4,Champions
108324,2023-09-04,850,1,572.55,1,1,2,Lost
108325,2024-04-02,639,1,592.21,1,1,2,Lost
108326,2025-06-14,201,3,391.19,3,3,2,Others
108327,2025-09-11,112,6,3186.32,4,5,5,Champions
108328,2025-12-03,29,1,483.15999999999997,5,1,2,Potential Loyalists
108332,2025-12-03,29,2,199.88,5,3,1,Potential Loyalists
108333,2025-12-25,7,4,1195.16,5,4,3,Loyal
108334,2025-09-15,108,8,3926.85,4,5,5,Champions
108335,2023-05-19,958,1,90.89,1,1,1,Lost
108336,2024-11-24,403,2,1158.9199999999998,2,3,3,Others
108337,2025-08-04,150,2,527.31,3,3,2,Others
108338,2025-08-27,127,6,3226.44,4,5,5,Champions
108340,2023-02-18,1048,1,57.17,1,1,1,Lost
108341,2025-04-30,246,3,530.39,3,3,2,Others
108342,2024-01-21,711,1,94.66,1,1,1,Lost
108343,2025-11-14,48,2,390.65999999999997,4,3,2,Potential Loyalists
108345,2025-11-30,32,2,1009.88,5,3,3,Potential Loyalists
108346,2024-03-06,666,2,666.3199999999999,1,3,2,Others
108347,2025-12-06,26,3,2116.85,5,3,4,Potential Loyalists
108349,2024-04-01,640,2,836.25,1,3,3,Others
108350,2025-04-02,274,2,158.31,3,3,1,Others
108351,2024-08-03,516,3,2080.7400000000002,2,3,4,Others
108352,2023-10-16,808,1,780.37,1,1,3,Lost
108353,2025-04-29,247,6,2008.77,3,5,4,Loyal
108354,2025-11-28,34,3,1078.96,5,3,3,Potential Loyalists
108355,2025-09-10,113,2,151.05,4,3,1,Potential Loyalists
108356,2025-07-29,156,1,79.6,3,1,1,Others
108357,2025-12-04,28,14,11349.04,5,5,5,Champions
108358,2025-11-02,60,2,1129.8400000000001,4,3,3,Potential Loyalists
108360,2025-12-27,5,8,6312.16,5,5,5,Champions
108362,2024-09-06,482,1,24.53,2,1,1,Lost
108363,2025-12-02,30,2,900.98,5,3,3,Potential Loyalists
108364,2025-12-13,19,1,84.23,5,1,1,Potential Loyalists
108365,2025-11-06,56,2,165.78,4,3,1,Potential Loyalists
108366,2025-12-06,26,3,733.83,5,3,3,Potential Loyalists
108367,2025-07-08,177,3,674.0699999999999,3,3,2,Others
108368,2023-09-10,844,1,1013.63,1,1,3,Lost
108369,2024-09-27,461,2,899.59,2,3,3,Others
108370,2025-11-09,53,4,440.53,4,4,2,Others
108371,2025-08-24,130,9,3170.14,3,5,5,Loyal
108372,2024-11-14,413,1,409.72999999999996,2,1,2,Lost
108373,2025-12-29,3,29,14519.79,5,5,5,Champions
108374,2024-06-17,563,1,1362.9600000000003,1,1,3,Lost
108376,2025-05-31,215,2,1762.3,3,3,4,Others
108377,2025-12-29,3,11,2978.53,5,5,5,Champions
108378,2025-08-25,129,3,2369.44,3,3,4,Others
108379,2025-12-26,6,7,2204.18,5,5,4,Champions
108380,2025-09-07,116,1,35.67,4,1,1,Potential Loyalists
108382,2025-03-17,290,8,4111.25,2,5,5,At Risk
108383,2024-02-15,686,1,119.5,1,1,1,Lost
108384,2025-11-14,48,1,1299.18,4,1,3,Potential Loyalists
108385,2025-06-28,187,2,188.98000000000002,3,3,1,Others
108386,2025-06-01,214,3,1164.37,3,3,3,Others
108389,2025-10-10,83,9,4897.2,4,5,5,Champions
108390,2025-12-03,29,3,1089.59,5,3,3,Potential Loyalists
108391,2025-03-30,277,1,149.64,3,1,1,Others
108393,2025-09-04,119,3,1180.71,4,3,3,Potential Loyalists
108394,2025-10-20,73,5,1585.76,4,4,4,Champions
108395,2025-11-13,49,2,2608.53,4,3,4,Potential Loyalists
108396,2023-05-28,949,1,109.07,1,1,1,Lost
108397,2025-01-28,338,3,1424.65,2,3,4,Others
108398,2025-11-10,52,1,237.38,4,1,1,Potential Loyalists
108399,2025-11-17,45,3,516.21,4,3,2,Potential Loyalists
108400,2024-06-14,566,1,416.18,1,1,2,Lost
108402,2025-11-18,44,3,856.9000000000001,4,3,3,Potential Loyalists
108404,2024-04-20,621,2,666.0,1,3,2,Others
108405,2025-04-18,258,4,760.98,3,4,3,Loyal
108406,2025-07-07,178,2,780.5699999999999,3,3,3,Others
108408,2024-07-24,526,4,1819.42,2,4,4,At Risk
108410,2025-09-16,107,8,1911.0,4,5,4,Champions
108412,2024-12-20,377,3,658.73,2,3,2,Others
108413,2025-07-10,175,11,6192.52,3,5,5,Loyal
108414,2025-07-12,173,3,353.18,3,3,2,Others
108415,2025-08-11,143,2,157.98,3,3,1,Others
108416,2025-09-03,120,2,610.84,4,3,2,Potential Loyalists
108418,2025-12-10,22,9,4876.2,5,5,5,Champions
108420,2024-10-02,456,1,1635.62,2,1,4,Lost
108422,2025-09-25,98,9,4535.61,4,5,5,Champions
108424,2025-11-02,60,2,1052.94,4,3,3,Potential Loyalists
108425,2025-11-07,55,4,453.28,4,4,2,Others
108426,2025-02-19,316,2,1333.24,2,3,3,Others
108428,2025-11-03,59,3,2011.76,4,3,4,Potential Loyalists
108429,2025-07-28,157,8,1838.85,3,5,4,Loyal
108430,2023-11-09,784,1,225.54000000000002,1,1,1,Lost
108432,2024-02-09,692,1,1264.14,1,1,3,Lost
108433,2025-04-23,253,4,1122.04,3,4,3,Loyal
108435,2025-05-07,239,1,106.5,3,1,1,Others
108437,2025-06-07,208,4,1465.18,3,4,4,Loyal
108438,2025-02-11,324,1,212.14,2,1,1,Lost
108439,2024-11-18,409,2,1707.96,2,3,4,Others
108441,2025-11-26,36,5,1081.19,5,4,3,Loyal
108442,2025-11-16,46,3,2688.59,4,3,5,Potential Loyalists
108443,2025-10-25,68,10,7118.57,4,5,5,Champions
108445,2025-12-15,17,2,715.3199999999999,5,3,2,Potential Loyalists
108446,2023-11-01,792,1,849.61,1,1,3,Lost
108448,2025-12-26,6,1,154.96,5,1,1,Potential Loyalists
108450,2024-01-23,709,1,580.25,1,1,2,Lost
108452,2025-06-12,203,7,3936.98,3,5,5,Loyal
108453,2025-11-06,56,5,3375.24,4,4,5,Champions
108454,2025-12-18,14,10,3849.2799999999997,5,5,5,Champions
108455,2025-05-11,235,3,453.12,3,3,2,Others
108456,2025-12-15,17,15,6854.37,5,5,5,Champions
108457,2025-08-04,150,1,81.01,3,1,1,Others
108458,2025-12-05,27,7,2538.7799999999997,5,5,4,Champions
108460,2025-12-09,23,3,1964.98,5,3,4,Potential Loyalists
108461,2025-03-11,296,2,324.98,2,3,2,Others
108462,2024-07-25,525,2,857.75,2,3,3,Others
108463,2025-12-27,5,3,1012.5899999999999,5,3,3,Potential Loyalists
108464,2025-08-24,130,6,1662.1299999999999,3,5,4,Loyal
108465,2024-01-14,718,1,32.42,1,1,1,Lost
108466,2025-03-07,300,2,541.5,2,3,2,Others
108467,2025-06-25,190,2,192.38,3,3,1,Others
108468,2025-08-01,153,2,672.86,3,3,2,Others
108469,2025-07-19,166,4,1193.51,3,4,3,Loyal
108470,2023-09-13,841,1,625.4399999999999,1,1,2,Lost
108471,2025-12-14,18,4,731.37,5,4,3,Loyal
108472,2025-12-13,19,7,2170.19,5,5,4,Champions
108474,2025-06-09,206,8,3292.7599999999998,3,5,5,Loyal
108475,2025-12-27,5,5,1388.97,5,4,3,Loyal
108476,2025-12-03,29,10,5945.76,5,5,5,Champions
108477,2024-11-26,401,2,147.94,2,3,1,Others
108478,2024-11-20,407,5,1055.47,2,4,3,At Risk
108479,2025-09-23,100,2,1670.4,4,3,4,Potential Loyalists
108481,2025-06-13,202,2,505.05,3,3,2,Others
108482,2025-08-25,129,1,70.25,3,1,1,Others
108484,2025-07-29,156,3,390.87,3,3,2,Others
108485,2025-12-12,20,13,4881.23,5,5,5,Champions
108487,2023-11-05,788,1,123.39,1,1,1,Lost
108488,2025-01-26,340,1,68.98,2,1,1,Lost
108490,2025-10-07,86,5,1419.04,4,4,4,Champions
108491,2025-06-13,202,3,1586.05,3,3,4,Others
108493,2023-09-27,827,2,752.6800000000001,1,3,3,Others
108494,2025-10-08,85,6,3807.5099999999998,4,5,5,Champions
108495,2025-08-21,133,8,4514.73,3,5,5,Loyal
108497,2025-06-09,206,4,394.6,3,4,2,Others
108498,2024-05-31,580,2,827.5,1,3,3,Others
108499,2025-10-26,67,15,5223.96,4,5,5,Champions
108500,2025-09-08,115,7,2817.59,4,5,5,Champions
108501,2025-12-23,9,7,3523.46,5,5,5,Champions
108502,2023-02-16,1050,1,81.2,1,1,1,Lost
108504,2025-07-17,168,6,3159.7599999999998,3,5,5,Loyal
108506,2025-07-07,178,3,1134.0,3,3,3,Others
108509,2025-12-01,31,7,6279.9,5,5,5,Champions
108510,2025-08-17,137,3,1005.4100000000001,3,3,3,Others
108511,2025-10-28,65,1,170.68,4,1,1,Potential Loyalists
108513,2023-07-14,902,1,366.41,1,1,2,Lost
108514,2025-12-11,21,5,1545.18,5,4,4,Champions
108515,2025-10-20,73,6,4667.67,4,5,5,Champions
108516,2025-07-15,170,3,1343.6399999999999,3,3,3,Others
108517,2025-12-03,29,16,10756.81,5,5,5,Champions
108518,2025-09-23,100,4,407.12,4,4,2,Others
108519,2025-08-31,123,7,6245.88,4,5,5,Champions
108520,2024-03-10,662,2,890.66,1,3,3,Others
108521,2025-02-06,329,2,412.55,2,3,2,Others
108522,2025-12-09,23,1,1331.5,5,1,3,Potential Loyalists
108523,2024-12-20,377,2,585.86,2,3,2,Others
108524,2024-05-07,604,1,843.8299999999999,1,1,3,Lost
108527,2024-12-02,395,6,1344.99,2,5,3,At Risk
108529,2025-12-14,18,3,854.9100000000001,5,3,3,Potential Loyalists
108530,2025-12-18,14,22,8478.91,5,5,5,Champions
108531,2025-03-20,287,3,755.1800000000001,2,3,3,Others
108532,2025-11-25,37,9,3467.37,5,5,5,Champions
108533,2025-07-25,160,4,739.54,3,4,3,Loyal
108534,2025-09-29,94,2,2357.03,4,3,4,Potential Loyalists
108536,2025-11-01,61,4,2280.5,4,4,4,Champions
108537,2023-08-03,882,1,121.78999999999999,1,1,1,Lost
108538,2024-07-18,532,2,1586.1699999999998,2,3,4,Others
108539,2025-06-13,202,1,327.48,3,1,2,Others
108540,2024-01-21,711,2,651.03,1,3,2,Others
108542,2025-05-17,229,1,293.56,3,1,2,Others
108543,2024-12-14,383,2,407.93,2,3,2,Others
108544,2024-06-09,571,4,1946.47,1,4,4,At Risk
108545,2024-02-22,679,1,256.15999999999997,1,1,1,Lost
108547,2025-04-29,247,2,909.72,3,3,3,Others
108548,2024-11-11,416,5,1744.34,2,4,4,At Risk
108550,2023-12-09,754,1,631.54,1,1,2,Lost
108551,2025-11-07,55,3,1512.72,4,3,4,Potential Loyalists
108552,2025-10-29,64,5,1216.4199999999998,4,4,3,Loyal
108556,2023-10-08,816,2,347.41999999999996,1,3,2,Others
108557,2025-01-03,363,2,935.52,2,3,3,Others
108558,2025-06-24,191,2,1329.38,3,3,3,Others
108559,2024-12-27,370,3,513.94,2,3,2,Others
108560,2025-12-17,15,4,3074.27,5,4,5,Champions
108561,2025-12-11,21,16,4680.25,5,5,5,Champions
108563,2024-08-28,491,2,942.87,2,3,3,Others
108564,2025-09-01,122,2,477.68,4,3,2,Potential Loyalists
108565,2024-10-12,446,1,237.89,2,1,1,Lost
108566,2025-12-01,31,4,1598.21,5,4,4,Champions
108568,2024-05-12,599,2,2280.5200000000004,1,3,4,Others
108569,2024-11-06,421,2,406.58,2,3,2,Others
108570,2024-05-22,589,1,337.19,1,1,2,Lost
108572,2024-11-17,410,1,790.28,2,1,3,Lost
108573,2024-12-06,391,4,2728.0,2,4,5,At Risk
108574,2025-02-17,318,5,1365.49,2,4,3,At Risk
108575,2025-10-21,72,1,195.05,4,1,1,Potential Loyalists
108576,2025-05-23,223,1,138.91,3,1,1,Others
108577,2023-11-06,787,1,563.6500000000001,1,1,2,Lost
108578,2025-09-19,104,4,1259.23,4,4,3,Loyal
108579,2024-03-20,652,2,3878.1,1,3,5,Others
108582,2025-08-02,152,6,2997.2200000000003,3,5,5,Loyal
108585,2024-03-13,659,2,759.13,1,3,3,Others
108586,2025-08-24,130,2,869.52,3,3,3,Others
108587,2025-03-14,293,1,78.08,2,1,1,Lost
108588,2023-07-10,906,1,618.7099999999999,1,1,2,Lost
108589,2025-10-26,67,3,1713.28,4,3,4,Potential Loyalists
108590,2024-09-15,473,2,1169.78,2,3,3,Others
108591,2024-10-04,454,2,1485.9099999999999,2,3,4,Others
108592,2025-03-13,294,2,95.86,2,3,1,Others
108593,2025-05-31,215,1,1091.26,3,1,3,Others
108594,2025-12-07,25,5,3023.94,5,4,5,Champions
108595,2025-05-10,236,3,3281.89,3,3,5,Others
108597,2025-09-23,100,10,4212.97,4,5,5,Champions
108598,2023-02-07,1059,1,260.5,1,1,1,Lost
108599,2025-11-15,47,10,6647.71,4,5,5,Champions
108600,2025-04-06,270,4,1536.11,3,4,4,Loyal
108602,2023-07-13,903,1,1480.23,1,1,4,Lost
108603,2025-08-03,151,2,1502.36,3,3,4,Others
108604,2025-12-03,29,2,139.17000000000002,5,3,1,Potential Loyalists
108605,2025-11-30,32,10,7631.82,5,5,5,Champions
108606,2025-07-20,165,5,1022.2,3,4,3,Loyal
108607,2025-10-18,75,3,2716.3199999999997,4,3,5,Potential Loyalists
108608,2025-10-26,67,2,1108.3899999999999,4,3,3,Potential Loyalists
108609,2023-12-09,754,2,1072.48,1,3,3,Others
108610,2025-11-21,41,6,2734.7799999999997,5,5,5,Champions
108611,2025-11-29,33,1,181.72,5,1,1,Potential Loyalists
108612,2025-12-21,11,7,1005.77,5,5,3,Loyal
108613,2023-04-25,982,1,217.55,1,1,1,Lost
108614,2023-03-23,1015,1,1535.42,1,1,4,Lost
108616,2025-11-01,61,1,46.77,4,1,1,Potential Loyalists
108617,2025-12-06,26,7,2389.05,5,5,4,Champions
108618,2024-10-10,448,4,2163.0,2,4,4,At Risk
108622,2025-05-17,229,5,2535.86,3,4,4,Loyal
108625,2024-01-26,706,2,1025.79,1,3,3,Others
108626,2025-12-02,30,2,5225.96,5,3,5,Potential Loyalists
108627,2025-12-08,24,16,9115.13,5,5,5,Champions
108629,2024-03-13,659,1,227.48,1,1,1,Lost
108630,2025-01-01,365,3,2772.7400000000002,2,3,5,Others
108631,2025-05-29,217,8,2698.27,3,5,5,Loyal
108632,2025-12-18,14,7,6560.24,5,5,5,Champions
108633,2025-07-31,154,3,1554.95,3,3,4,Others
108634,2025-03-01,306,4,879.38,2,4,3,At Risk
108635,2024-11-21,406,1,206.99,2,1,1,Lost
108636,2025-11-23,39,6,1584.3700000000001,5,5,4,Champions
108638,2025-07-13,172,2,1061.62,3,3,3,Others
108640,2023-08-28,857,2,325.21999999999997,1,3,2,Others
108641,2025-06-02,213,8,3026.22,3,5,5,Loyal
108642,2025-11-05,57,1,44.95,4,1,1,Potential Loyalists
108643,2025-12-08,24,2,603.84,5,3,2,Potential Loyalists
108644,2023-05-22,955,1,77.25,1,1,1,Lost
108645,2025-07-17,168,5,2678.71,3,4,5,Loyal
108647,2023-12-17,746,1,58.85,1,1,1,Lost
108649,2025-12-22,10,6,1689.11,5,5,4,Champions
108650,2025-10-18,75,8,4586.3,4,5,5,Champions
108651,2024-07-26,524,1,769.62,2,1,3,Lost
108652,2025-06-08,207,8,5770.09,3,5,5,Loyal
108654,2025-04-04,272,1,1473.87,3,1,4,Others
108658,2023-02-12,1054,1,126.03,1,1,1,Lost
108660,2025-08-12,142,1,1574.26,3,1,4,Others
108661,2025-09-20,103,9,2204.96,4,5,4,Champions
108663,2024-06-03,577,1,166.32,1,1,1,Lost
108664,2024-03-14,658,1,283.52,1,1,1,Lost
108665,2025-10-26,67,10,3447.6800000000003,4,5,5,Champions
108668,2025-12-19,13,8,6490.7699999999995,5,5,5,Champions
108669,2023-11-26,767,1,776.91,1,1,3,Lost
108670,2025-12-07,25,9,2796.33,5,5,5,Champions
108671,2025-04-12,264,4,979.22,3,4,3,Loyal
108674,2025-09-08,115,18,7760.01,4,5,5,Champions
108676,2025-04-08,268,5,1873.8700000000001,3,4,4,Loyal
108678,2025-11-09,53,16,5548.99,4,5,5,Champions
108679,2024-06-25,555,1,95.24000000000001,1,1,1,Lost
108680,2025-10-20,73,9,4555.58,4,5,5,Champions
108681,2025-12-07,25,11,3677.71,5,5,5,Champions
108683,2025-02-09,326,2,234.76999999999998,2,3,1,Others
108684,2025-07-30,155,3,2904.84,3,3,5,Others
108685,2025-11-28,34,3,1595.75,5,3,4,Potential Loyalists
108686,2025-12-18,14,3,466.53,5,3,2,Potential Loyalists
108687,2025-12-15,17,6,3244.0099999999998,5,5,5,Champions
108688,2025-06-05,210,2,557.01,3,3,2,Others
108689,2024-01-18,714,1,110.87,1,1,1,Lost
108691,2023-11-07,786,1,508.90000000000003,1,1,2,Lost
108692,2025-12-27,5,2,309.62,5,3,2,Potential Loyalists
108693,2023-02-21,1045,1,1032.63,1,1,3,Lost
108694,2024-05-23,588,1,196.88,1,1,1,Lost
108696,2025-12-13,19,2,386.95,5,3,2,Potential Loyalists
108697,2024-12-07,390,6,1395.44,2,5,3,At Risk
108699,2025-11-29,33,8,6754.73,5,5,5,Champions
108700,2025-06-20,195,11,3338.63,3,5,5,Loyal
108701,2025-12-21,11,8,3154.29,5,5,5,Champions
108702,2025-07-17,168,1,526.67,3,1,2,Others
108704,2025-12-12,20,2,476.28,5,3,2,Potential Loyalists
108707,2025-11-12,50,3,530.11,4,3,2,Potential Loyalists
108708,2025-01-19,347,3,887.48,2,3,3,Others
108709,2025-12-13,19,2,2291.02,5,3,4,Potential Loyalists
108710,2024-08-16,503,1,77.55,2,1,1,Lost
108712,2025-12-14,18,8,1941.13,5,5,4,Champions
108714,2025-11-16,46,1,622.35,4,1,2,Potential Loyalists
108716,2023-03-07,1031,1,396.12,1,1,2,Lost
108717,2023-01-14,1083,1,3921.85,1,1,5,Lost
108719,2023-06-22,924,1,110.55,1,1,1,Lost
108720,2023-11-28,765,1,363.47999999999996,1,1,2,Lost
108721,2023-11-17,776,2,762.59,1,3,3,Others
108722,2025-07-22,163,2,544.9300000000001,3,3,2,Others
108724,2025-10-21,72,4,2001.56,4,4,4,Champions
108725,2025-12-05,27,18,9812.67,5,5,5,Champions
108726,2025-12-19,13,2,728.1600000000001,5,3,2,Potential Loyalists
108727,2025-04-12,264,1,55.31,3,1,1,Others
108728,2025-04-20,256,3,1043.74,3,3,3,Others
108729,2024-01-18,714,1,591.3199999999999,1,1,2,Lost
108730,2025-03-30,277,12,5633.55,3,5,5,Loyal
108731,2025-10-01,92,1,737.3,4,1,3,Potential Loyalists
108732,2025-01-26,340,4,1513.93,2,4,4,At Risk
108733,2023-05-30,947,1,453.44000000000005,1,1,2,Lost
108734,2024-11-05,422,4,4243.64,2,4,5,At Risk
108735,2024-09-04,484,3,2278.93,2,3,4,Others
108736,2025-03-29,278,2,661.5500000000001,3,3,2,Others
108738,2025-06-29,186,9,4277.35,3,5,5,Loyal
108742,2024-01-20,712,1,159.49,1,1,1,Lost
108745,2025-11-02,60,9,5652.8,4,5,5,Champions
108747,2025-09-10,113,6,1432.26,4,5,4,Champions
108748,2025-03-21,286,2,129.64,2,3,1,Others
108749,2024-03-01,671,2,87.6,1,3,1,Others
108750,2024-04-15,626,2,260.42,1,3,1,Others
108752,2025-10-04,89,1,1505.64,4,1,4,Potential Loyalists
108755,2025-12-13,19,3,564.65,5,3,2,Potential Loyalists
108756,2025-11-26,36,11,8957.01,5,5,5,Champions
108757,2024-06-11,569,1,64.58,1,1,1,Lost
108758,2025-11-04,58,2,1497.34,4,3,4,Potential Loyalists
108759,2025-09-26,97,2,196.69,4,3,1,Potential Loyalists
108760,2024-12-25,372,2,519.96,2,3,2,Others
108761,2024-11-24,403,3,872.37,2,3,3,Others
108763,2025-03-30,277,2,556.64,3,3,2,Others
108764,2025-10-24,69,5,2023.49,4,4,4,Champions
108765,2024-06-10,570,4,1632.8600000000001,1,4,4,At Risk
108766,2025-12-25,7,7,3554.0899999999997,5,5,5,Champions
108767,2025-11-30,32,7,3953.78,5,5,5,Champions
108768,2024-08-21,498,1,166.93,2,1,1,Lost
108769,2024-08-02,517,1,147.2,2,1,1,Lost
108770,2025-10-25,68,3,911.59,4,3,3,Potential Loyalists
108771,2023-07-21,895,2,1032.56,1,3,3,Others
108772,2025-12-28,4,9,2027.3300000000002,5,5,4,Champions
108773,2025-12-16,16,3,729.97,5,3,2,Potential Loyalists
108774,2025-11-30,32,1,1431.31,5,1,4,Potential Loyalists
108775,2025-10-21,72,3,901.5999999999999,4,3,3,Potential Loyalists
108776,2025-11-28,34,7,3215.11,5,5,5,Champions
108777,2025-11-24,38,4,3058.0299999999997,5,4,5,Champions
108778,2025-12-21,11,10,5930.94,5,5,5,Champions
108779,2025-09-18,105,2,998.85,4,3,3,Potential Loyalists
108780,2025-11-21,41,12,4383.59,5,5,5,Champions
108781,2025-11-29,33,8,2933.12,5,5,5,Champions
108782,2024-05-27,584,1,133.21,1,1,1,Lost
108783,2025-02-20,315,1,133.34,2,1,1,Lost
108784,2025-11-25,37,1,483.03000000000003,5,1,2,Potential Loyalists
108788,2025-07-12,173,1,73.17,3,1,1,Others
108790,2023-01-21,1076,1,859.72,1,1,3,Lost
108792,2024-05-17,594,4,3305.94,1,4,5,At Risk
108793,2024-03-08,664,1,518.34,1,1,2,Lost
108794,2025-05-05,241,2,987.97,3,3,3,Others
108796,2023-04-25,982,1,475.70000000000005,1,1,2,Lost
108797,2025-01-12,354,3,1267.97,2,3,3,Others
108799,2025-01-12,354,1,914.66,2,1,3,Lost
108800,2025-12-20,12,2,198.26,5,3,1,Potential Loyalists
108803,2025-10-07,86,2,395.16999999999996,4,3,2,Potential Loyalists
108804,2025-08-20,134,3,1354.14,3,3,3,Others
108805,2025-08-01,153,7,2413.46,3,5,4,Loyal
108806,2024-01-12,720,1,1895.44,1,1,4,Lost
108808,2024-01-07,725,1,813.0699999999999,1,1,3,Lost
108810,2025-12-25,7,4,2513.6099999999997,5,4,4,Champions
108813,2025-07-08,177,1,468.90999999999997,3,1,2,Others
108814,2025-07-12,173,13,8336.92,3,5,5,Loyal
108815,2025-06-12,203,1,71.45,3,1,1,Others
108816,2025-11-08,54,10,2492.91,4,5,4,Champions
108817,2025-04-15,261,1,211.92999999999998,3,1,1,Others
108821,2025-11-07,55,6,2879.42,4,5,5,Champions
108822,2025-12-24,8,3,1389.02,5,3,3,Potential Loyalists
108823,2023-07-28,888,1,95.28,1,1,1,Lost
108824,2025-12-27,5,5,1159.17,5,4,3,Loyal
108825,2025-12-13,19,2,1901.8300000000002,5,3,4,Potential Loyalists
108826,2023-06-06,940,1,129.58,1,1,1,Lost
108828,2025-10-17,76,2,937.3500000000001,4,3,3,Potential Loyalists
108829,2023-10-08,816,1,11.05,1,1,1,Lost
108830,2024-07-29,521,1,118.08,2,1,1,Lost
108831,2023-09-10,844,1,123.68,1,1,1,Lost
108832,2025-02-02,333,1,148.29,2,1,1,Lost
108833,2023-08-26,859,1,187.06,1,1,1,Lost
108834,2025-12-12,20,4,1927.31,5,4,4,Champions
108835,2025-07-23,162,4,548.72,3,4,2,Others
108837,2024-04-24,617,1,1003.75,1,1,3,Lost
108838,2024-09-05,483,3,1409.52,2,3,4,Others
108839,2025-07-05,180,11,4517.099999999999,3,5,5,Loyal
108840,2025-12-31,1,3,1794.42,5,3,4,Potential Loyalists
108842,2025-10-09,84,3,544.97,4,3,2,Potential Loyalists
108843,2024-12-01,396,1,223.88,2,1,1,Lost
108845,2025-12-28,4,4,1271.75,5,4,3,Loyal
108846,2025-02-01,334,1,462.38,2,1,2,Lost
108847,2023-12-05,758,1,322.75,1,1,2,Lost
108848,2023-10-28,796,1,1631.34,1,1,4,Lost
108849,2025-10-14,79,1,303.93,4,1,2,Potential Loyalists
108850,2025-10-26,67,5,5391.49,4,4,5,Champions
108851,2024-11-25,402,4,1557.34,2,4,4,At Risk
108853,2023-12-05,758,1,486.45,1,1,2,Lost
108854,2023-09-08,846,2,1502.74,1,3,4,Others
108855,2024-02-09,692,1,382.61,1,1,2,Lost
108856,2025-09-14,109,6,4287.219999999999,4,5,5,Champions
108859,2025-02-09,326,5,1032.57,2,4,3,At Risk
108860,2025-03-16,291,5,3387.08,2,4,5,At Risk
108861,2025-10-23,70,2,776.48,4,3,3,Potential Loyalists
108862,2025-08-01,153,5,2064.18,3,4,4,Loyal
108863,2024-02-05,696,2,909.3199999999999,1,3,3,Others
108864,2025-09-20,103,1,539.76,4,1,2,Potential Loyalists
108865,2024-11-25,402,1,803.56,2,1,3,Lost
108867,2025-11-19,43,4,2316.67,4,4,4,Champions
108868,2023-12-15,748,3,1028.6100000000001,1,3,3,Others
108869,2023-10-30,794,1,445.4,1,1,2,Lost
108870,2024-06-01,579,1,241.74,1,1,1,Lost
108873,2024-04-13,628,2,537.03,1,3,2,Others
108874,2024-03-19,653,1,502.29,1,1,2,Lost
108875,2024-03-24,648,1,833.67,1,1,3,Lost
108876,2025-08-11,143,4,1687.2,3,4,4,Loyal
108878,2024-08-28,491,1,81.3,2,1,1,Lost
108879,2024-08-20,499,4,1611.33,2,4,4,At Risk
108880,2025-07-11,174,2,713.47,3,3,2,Others
108881,2025-12-23,9,4,1413.09,5,4,4,Champions
108882,2025-12-16,16,4,1739.75,5,4,4,Champions
108884,2025-12-27,5,10,5863.25,5,5,5,Champions
108885,2025-02-02,333,1,97.53,2,1,1,Lost
108886,2025-03-22,285,3,754.13,2,3,3,Others
108888,2024-09-02,486,1,119.52,2,1,1,Lost
108890,2025-01-29,337,2,1314.02,2,3,3,Others
108891,2023-08-30,855,2,1096.1100000000001,1,3,3,Others
108893,2025-07-24,161,1,336.33,3,1,2,Others
108894,2025-12-05,27,6,1604.83,5,5,4,Champions
108895,2025-01-07,359,2,94.62,2,3,1,Others
108896,2025-04-21,255,6,4135.74,3,5,5,Loyal
108897,2025-12-14,18,11,2515.93,5,5,4,Champions
108900,2025-07-20,165,2,1691.3899999999999,3,3,4,Others
108903,2025-12-11,21,4,1381.9499999999998,5,4,3,Loyal
108904,2025-03-23,284,1,144.7,2,1,1,Lost
108905,2025-06-05,210,2,1320.19,3,3,3,Others
108906,2025-10-13,80,4,1177.43,4,4,3,Loyal
108907,2025-12-14,18,6,1899.56,5,5,4,Champions
108908,2025-06-12,203,2,283.49,3,3,1,Others
108909,2024-10-10,448,3,2181.51,2,3,4,Others
108913,2023-09-14,840,2,821.4,1,3,3,Others
108914,2025-12-18,14,10,4013.4,5,5,5,Champions
108916,2025-12-23,9,1,502.75,5,1,2,Potential Loyalists
108917,2025-03-12,295,3,432.07,2,3,2,Others
108919,2025-08-19,135,6,1573.54,3,5,4,Loyal
108920,2025-12-04,28,2,521.4300000000001,5,3,2,Potential Loyalists
108921,2025-01-14,352,1,840.64,2,1,3,Lost
108923,2025-03-27,280,1,1590.99,3,1,4,Others
108924,2025-04-06,270,1,449.08000000000004,3,1,2,Others
108927,2025-03-17,290,2,577.33,2,3,2,Others
108928,2025-05-06,240,2,973.8199999999999,3,3,3,Others
108929,2024-10-03,455,5,1323.21,2,4,3,At Risk
108930,2025-09-13,110,2,707.0999999999999,4,3,2,Potential Loyalists
108932,2023-06-20,926,1,94.11,1,1,1,Lost
108933,2025-09-07,116,2,1065.6399999999999,4,3,3,Potential Loyalists
108934,2024-10-25,433,7,2391.43,2,5,4,At Risk
108935,2025-11-04,58,8,4209.89,4,5,5,Champions
108936,2025-06-24,191,1,169.0,3,1,1,Others
108940,2025-12-10,22,1,218.61,5,1,1,Potential Loyalists
108941,2025-12-11,21,4,1001.28,5,4,3,Loyal
108942,2025-12-09,23,8,1535.15,5,5,4,Champions
108944,2025-06-09,206,1,793.23,3,1,3,Others
108945,2025-08-24,130,5,2689.21,3,4,5,Loyal
108946,2025-04-23,253,1,28.43,3,1,1,Others
108947,2024-12-19,378,4,2030.0900000000001,2,4,4,At Risk
108948,2023-11-04,789,1,255.19,1,1,1,Lost
108949,2024-11-16,411,3,2541.68,2,3,4,Others
108950,2025-11-09,53,3,844.37,4,3,3,Potential Loyalists
108951,2025-11-29,33,3,668.58,5,3,2,Potential Loyalists
108953,2023-05-12,965,2,80.85,1,3,1,Others
108955,2024-12-29,368,1,531.51,2,1,2,Lost
108956,2025-12-22,10,5,4538.44,5,4,5,Champions
108957,2024-07-04,546,2,1195.58,1,3,3,Others
108960,2025-11-22,40,4,1350.26,5,4,3,Loyal
108961,2024-05-16,595,1,42.03,1,1,1,Lost
108962,2024-11-17,410,3,1366.75,2,3,3,Others
108964,2025-12-29,3,19,11487.91,5,5,5,Champions
108965,2025-12-17,15,8,2535.31,5,5,4,Champions
108966,2025-07-14,171,1,680.65,3,1,2,Others
108967,2025-03-29,278,7,2461.61,3,5,4,Loyal
108968,2024-05-20,591,1,96.17,1,1,1,Lost
108969,2025-08-20,134,3,458.23,3,3,2,Others
108970,2023-06-16,930,1,1747.81,1,1,4,Lost
108971,2025-12-23,9,19,7930.27,5,5,5,Champions
108973,2024-04-20,621,1,70.6,1,1,1,Lost
108974,2025-03-16,291,1,350.92,2,1,2,Lost
108976,2025-02-20,315,1,1210.25,2,1,3,Lost
108978,2025-07-21,164,3,1216.68,3,3,3,Others
108979,2025-11-30,32,5,1893.31,5,4,4,Champions
108982,2025-05-31,215,2,628.15,3,3,2,Others
108983,2025-10-28,65,1,49.91,4,1,1,Potential Loyalists
108984,2024-07-19,531,2,986.71,2,3,3,Others
108985,2025-07-25,160,5,1387.5,3,4,3,Loyal
108986,2025-05-13,233,5,2388.38,3,4,4,Loyal
108987,2025-11-24,38,3,2050.3399999999997,5,3,4,Potential Loyalists
108988,2023-01-23,1074,1,156.44,1,1,1,Lost
108989,2025-07-22,163,7,1940.1,3,5,4,Loyal
108990,2025-12-20,12,20,5579.65,5,5,5,Champions
108991,2024-11-15,412,1,31.81,2,1,1,Lost
108992,2023-03-05,1033,1,95.85,1,1,1,Lost
108993,2025-03-30,277,1,207.69,3,1,1,Others
108994,2024-11-06,421,6,3920.17,2,5,5,At Risk
108995,2025-11-12,50,2,1096.65,4,3,3,Potential Loyalists
108996,2025-03-28,279,2,1044.8400000000001,3,3,3,Others
108997,2025-12-28,4,4,663.14,5,4,2,Others
108998,2025-12-11,21,6,1852.6200000000001,5,5,4,Champions
108999,2025-10-08,85,11,5883.23,4,5,5,Champions
109000,2025-11-26,36,5,2625.24,5,4,4,Champions
109001,2025-05-06,240,3,1316.44,3,3,3,Others
109002,2025-12-05,27,38,18264.62,5,5,5,Champions
109003,2024-12-25,372,1,91.55,2,1,1,Lost
109004,2025-11-06,56,2,237.18,4,3,1,Potential Loyalists
109005,2025-03-29,278,3,1466.15,3,3,4,Others
109006,2023-12-07,756,1,131.11,1,1,1,Lost
109007,2025-08-04,150,7,3139.47,3,5,5,Loyal
109008,2025-03-07,300,1,245.73,2,1,1,Lost
109009,2024-11-29,398,2,377.46000000000004,2,3,2,Others
109010,2025-11-17,45,2,1017.63,4,3,3,Potential Loyalists
109011,2025-11-28,34,8,8390.369999999999,5,5,5,Champions
109012,2024-02-22,679,2,327.41,1,3,2,Others
109013,2025-06-30,185,3,923.82,3,3,3,Others
109014,2025-01-08,358,2,866.49,2,3,3,Others
109015,2025-12-17,15,7,3181.1,5,5,5,Champions
109016,2025-02-07,328,1,252.24,2,1,1,Lost
109017,2025-10-14,79,4,1526.26,4,4,4,Champions
109018,2024-10-11,447,1,259.4,2,1,1,Lost
109022,2023-10-05,819,1,286.26,1,1,1,Lost
109023,2025-12-17,15,2,1117.7,5,3,3,Potential Loyalists
109024,2024-06-09,571,1,1139.93,1,1,3,Lost
109025,2024-11-29,398,3,2779.04,2,3,5,Others
109026,2025-07-29,156,1,1165.3600000000001,3,1,3,Others
109028,2025-04-26,250,2,1822.3000000000002,3,3,4,Others
109029,2025-03-07,300,2,210.06,2,3,1,Others
109030,2025-10-31,62,6,1630.5,4,5,4,Champions
109031,2024-03-17,655,2,2376.34,1,3,4,Others
109032,2025-11-14,48,10,2999.71,4,5,5,Champions
109034,2025-12-28,4,4,5332.3,5,4,5,Champions
109036,2025-09-25,98,1,346.44,4,1,2,Potential Loyalists
109037,2023-12-28,735,1,67.11,1,1,1,Lost
109038,2025-12-26,6,9,6505.37,5,5,5,Champions
109039,2025-09-14,109,5,1735.83,4,4,4,Champions
109040,2025-11-19,43,2,233.41,4,3,1,Potential Loyalists
109042,2024-05-22,589,1,524.87,1,1,2,Lost
109043,2025-12-17,15,2,820.55,5,3,3,Potential Loyalists
109048,2024-12-26,371,2,915.5,2,3,3,Others
109049,2025-05-18,228,1,582.3399999999999,3,1,2,Others
109050,2023-09-24,830,1,190.99,1,1,1,Lost
109051,2024-03-04,668,2,584.24,1,3,2,Others
109052,2025-10-31,62,4,2924.9300000000003,4,4,5,Champions
109053,2025-08-19,135,2,129.36,3,3,1,Others
109054,2025-08-10,144,3,647.25,3,3,2,Others
109055,2025-09-09,114,4,872.3799999999999,4,4,3,Loyal
109056,2023-12-15,748,2,438.56,1,3,2,Others
109057,2025-10-28,65,3,529.76,4,3,2,Potential Loyalists
109058,2024-01-11,721,2,359.94,1,3,2,Others
109059,2025-11-27,35,1,52.64,5,1,1,Potential Loyalists
109060,2025-12-25,7,5,1358.3899999999999,5,4,3,Loyal
109061,2025-10-11,82,7,3746.92,4,5,5,Champions
109064,2025-08-15,139,1,376.68,3,1,2,Others
109065,2024-03-27,645,1,218.6,1,1,1,Lost
109066,2025-07-14,171,2,400.74,3,3,2,Others
109067,2025-08-30,124,2,1367.1,4,3,3,Potential Loyalists
109068,2025-01-21,345,1,51.12,2,1,1,Lost
109069,2025-11-26,36,3,487.98,5,3,2,Potential Loyalists
109070,2025-12-15,17,6,3106.4,5,5,5,Champions
109071,2024-05-05,606,2,648.64,1,3,2,Others
109073,2025-01-09,357,5,3833.13,2,4,5,At Risk
109074,2025-11-24,38,6,2720.5699999999997,5,5,5,Champions
109076,2023-09-16,838,1,172.7,1,1,1,Lost
109077,2023-06-19,927,1,1090.1,1,1,3,Lost
109079,2025-09-08,115,5,3211.5099999999998,4,4,5,Champions
109080,2025-10-20,73,11,6831.69,4,5,5,Champions
109081,2025-12-27,5,10,4740.29,5,5,5,Champions
109082,2025-12-14,18,10,3478.13,5,5,5,Champions
109083,2024-12-21,376,1,85.06,2,1,1,Lost
109086,2025-12-31,1,1,174.19,5,1,1,Potential Loyalists
109087,2024-03-06,666,2,686.45,1,3,2,Others
109090,2025-03-23,284,5,2215.88,2,4,4,At Risk
109091,2025-07-06,179,1,215.77,3,1,1,Others
109092,2025-06-11,204,1,305.13,3,1,2,Others
109093,2024-06-10,570,2,1345.42,1,3,3,Others
109094,2024-06-28,552,1,36.54,1,1,1,Lost
109095,2025-10-04,89,3,1418.43,4,3,4,Potential Loyalists
109096,2024-12-08,389,2,362.57,2,3,2,Others
109099,2025-12-27,5,24,14253.43,5,5,5,Champions
109100,2024-12-16,381,2,2098.45,2,3,4,Others
109101,2025-02-19,316,3,354.77,2,3,2,Others
109103,2025-12-01,31,16,6806.950000000001,5,5,5,Champions
109105,2025-11-29,33,6,1092.81,5,5,3,Loyal
109106,2024-05-02,609,2,4033.4200000000005,1,3,5,Others
109107,2025-02-07,328,1,562.5,2,1,2,Lost
109108,2025-10-27,66,2,992.14,4,3,3,Potential Loyalists
109110,2024-09-06,482,2,1074.14,2,3,3,Others
109111,2025-09-25,98,34,18756.74,4,5,5,Champions
109113,2023-08-26,859,1,593.63,1,1,2,Lost
109114,2023-12-09,754,1,566.47,1,1,2,Lost
109118,2025-05-31,215,3,629.93,3,3,2,Others
109119,2025-07-09,176,3,2063.65,3,3,4,Others
109120,2025-07-04,181,5,3603.33,3,4,5,Loyal
109121,2024-07-04,546,3,2587.67,1,3,4,Others
109122,2025-03-23,284,2,825.24,2,3,3,Others
109123,2024-11-26,401,4,991.17,2,4,3,At Risk
109124,2024-11-27,400,2,648.13,2,3,2,Others
109125,2025-05-10,236,3,246.68,3,3,1,Others
109126,2025-12-31,1,6,913.4100000000001,5,5,3,Loyal
109129,2025-12-23,9,25,14667.949999999999,5,5,5,Champions
109130,2024-12-08,389,1,62.51,2,1,1,Lost
109131,2024-08-31,488,4,1721.87,2,4,4,At Risk
109132,2024-11-03,424,3,1344.08,2,3,3,Others
109134,2025-11-05,57,16,8368.85,4,5,5,Champions
109135,2025-04-12,264,1,373.1,3,1,2,Others
109137,2024-10-15,443,2,1550.98,2,3,4,Others
109138,2025-09-25,98,2,1713.85,4,3,4,Potential Loyalists
109140,2023-11-03,790,1,84.24,1,1,1,Lost
109141,2025-10-02,91,7,4224.3,4,5,5,Champions
109145,2025-10-14,79,20,8201.97,4,5,5,Champions
109146,2025-11-27,35,2,950.21,5,3,3,Potential Loyalists
109147,2025-09-23,100,16,4249.61,4,5,5,Champions
109148,2025-12-14,18,3,647.51,5,3,2,Potential Loyalists
109149,2025-12-01,31,4,882.0699999999999,5,4,3,Loyal
109150,2025-08-01,153,2,343.46,3,3,2,Others
109151,2023-12-25,738,1,89.81,1,1,1,Lost
109152,2024-11-03,424,2,384.90000000000003,2,3,2,Others
109153,2025-11-20,42,4,1794.98,4,4,4,Champions
109154,2025-06-03,212,1,752.87,3,1,3,Others
109156,2024-11-02,425,5,2293.42,2,4,4,At Risk
109158,2025-08-07,147,3,836.69,3,3,3,Others
109159,2025-12-11,21,2,566.5600000000001,5,3,2,Potential Loyalists
109160,2024-10-10,448,2,655.1,2,3,2,Others
109161,2025-03-07,300,4,2361.72,2,4,4,At Risk
109162,2025-12-27,5,3,1241.47,5,3,3,Potential Loyalists
109164,2025-01-12,354,4,2573.96,2,4,4,At Risk
109165,2025-10-20,73,3,743.76,4,3,3,Potential Loyalists
109166,2025-06-04,211,3,647.9,3,3,2,Others
109170,2023-12-08,755,1,181.87,1,1,1,Lost
109171,2025-10-24,69,4,1093.97,4,4,3,Loyal
109172,2025-04-08,268,2,324.3,3,3,2,Others
109174,2025-12-07,25,3,942.32,5,3,3,Potential Loyalists
109175,2024-03-11,661,1,588.25,1,1,2,Lost
109176,2024-11-04,423,5,2884.13,2,4,5,At Risk
109177,2024-09-03,485,1,60.74,2,1,1,Lost
109179,2025-06-07,208,3,360.26,3,3,2,Others
109180,2025-11-08,54,6,1907.92,4,5,4,Champions
109181,2025-04-20,256,2,2386.52,3,3,4,Others
109182,2024-12-24,373,1,314.12,2,1,2,Lost
109183,2024-02-02,699,4,2747.83,1,4,5,At Risk
109184,2025-11-15,47,6,3299.83,4,5,5,Champions
109185,2025-03-23,284,2,1127.23,2,3,3,Others
109186,2025-10-16,77,3,1273.16,4,3,3,Potential Loyalists
109187,2025-11-19,43,4,2067.14,4,4,4,Champions
109188,2024-09-13,475,2,725.04,2,3,2,Others
109189,2025-04-20,256,5,1887.5,3,4,4,Loyal
109191,2025-07-21,164,8,4809.76,3,5,5,Loyal
109193,2025-06-18,197,3,1571.22,3,3,4,Others
109194,2025-12-19,13,20,15267.22,5,5,5,Champions
109195,2025-11-23,39,7,5000.16,5,5,5,Champions
109197,2025-03-22,285,2,1819.78,2,3,4,Others
109198,2023-07-20,896,1,211.51,1,1,1,Lost
109199,2025-04-30,246,1,221.25,3,1,1,Others
109200,2025-12-09,23,9,2088.9700000000003,5,5,4,Champions
109201,2025-05-01,245,2,236.16,3,3,1,Others
109202,2025-11-17,45,13,6628.33,4,5,5,Champions
109205,2024-04-03,638,2,408.75,1,3,2,Others
109206,2025-10-16,77,2,996.04,4,3,3,Potential Loyalists
109207,2025-12-07,25,2,285.36,5,3,1,Potential Loyalists
109208,2025-06-14,201,4,1633.92,3,4,4,Loyal
109209,2023-11-09,784,1,843.39,1,1,3,Lost
109211,2025-10-08,85,1,47.2,4,1,1,Potential Loyalists
109212,2025-10-23,70,6,1645.22,4,5,4,Champions
109214,2024-01-01,731,2,174.65,1,3,1,Others
109215,2025-12-16,16,9,4658.83,5,5,5,Champions
109217,2025-12-14,18,2,635.35,5,3,2,Potential Loyalists
109218,2024-12-30,367,2,2280.1299999999997,2,3,4,Others
109219,2025-12-12,20,6,1078.36,5,5,3,Loyal
109220,2025-12-31,1,6,1902.05,5,5,4,Champions
109221,2025-11-13,49,3,2140.73,4,3,4,Potential Loyalists
109222,2025-11-16,46,2,197.91000000000003,4,3,1,Potential Loyalists
109223,2025-08-25,129,5,1468.81,3,4,4,Loyal
109225,2025-06-26,189,2,614.4300000000001,3,3,2,Others
109226,2025-05-31,215,5,1381.08,3,4,3,Loyal
109227,2025-10-06,87,15,14451.48,4,5,5,Champions
109228,2025-04-13,263,1,1288.29,3,1,3,Others
109230,2025-10-25,68,4,1443.74,4,4,4,Champions
109231,2025-04-18,258,2,1815.61,3,3,4,Others
109232,2025-04-25,251,2,921.8,3,3,3,Others
109234,2025-06-01,214,6,1884.29,3,5,4,Loyal
109236,2025-09-09,114,2,994.5699999999999,4,3,3,Potential Loyalists
109237,2024-04-12,629,1,280.28000000000003,1,1,1,Lost
109238,2025-09-28,95,10,5308.62,4,5,5,Champions
109242,2025-10-26,67,8,6454.78,4,5,5,Champions
109243,2025-08-01,153,2,129.54,3,3,1,Others
109244,2025-05-09,237,3,3240.67,3,3,5,Others
109245,2025-12-05,27,8,3492.92,5,5,5,Champions
109246,2025-07-22,163,2,116.33000000000001,3,3,1,Others
109248,2025-08-03,151,4,1907.3799999999999,3,4,4,Loyal
109249,2025-12-19,13,4,2068.66,5,4,4,Champions
109250,2023-04-03,1004,1,304.19,1,1,2,Lost
109251,2025-11-19,43,2,496.31,4,3,2,Potential Loyalists
109253,2024-03-09,663,2,2424.56,1,3,4,Others
109256,2025-09-12,111,2,1534.73,4,3,4,Potential Loyalists
109257,2023-01-05,1092,1,1372.22,1,1,3,Lost
109259,2025-12-10,22,3,3779.14,5,3,5,Potential Loyalists
109260,2025-05-07,239,3,858.59,3,3,3,Others
109262,2025-11-06,56,3,2330.96,4,3,4,Potential Loyalists
109264,2025-07-22,163,4,3691.19,3,4,5,Loyal
109265,2025-10-18,75,8,3616.2400000000002,4,5,5,Champions
109266,2025-08-17,137,6,2342.22,3,5,4,Loyal
109267,2025-03-29,278,4,425.16,3,4,2,Others
109269,2025-06-04,211,1,3095.0599999999995,3,1,5,Others
109270,2025-12-16,16,27,8488.31,5,5,5,Champions
109271,2025-08-15,139,2,439.51,3,3,2,Others
109272,2025-12-16,16,3,798.66,5,3,3,Potential Loyalists
109273,2024-12-25,372,2,1026.64,2,3,3,Others
109274,2025-12-25,7,5,1139.58,5,4,3,Loyal
109275,2025-09-21,102,1,105.66,4,1,1,Potential Loyalists
109277,2025-07-11,174,3,893.97,3,3,3,Others
109278,2025-10-27,66,3,1801.74,4,3,4,Potential Loyalists
109281,2025-07-27,158,8,2190.35,3,5,4,Loyal
109282,2025-11-16,46,4,1954.23,4,4,4,Champions
109283,2025-09-20,103,4,2398.26,4,4,4,Champions
109288,2024-07-24,526,2,282.12,2,3,1,Others
109289,2024-11-07,420,1,210.73,2,1,1,Lost
109290,2025-11-01,61,3,1328.21,4,3,3,Potential Loyalists
109291,2025-08-12,142,7,2484.84,3,5,4,Loyal
109293,2025-12-21,11,10,5631.889999999999,5,5,5,Champions
109295,2023-10-20,804,1,1172.93,1,1,3,Lost
109296,2024-07-13,537,1,66.06,1,1,1,Lost
109299,2025-05-08,238,6,2081.94,3,5,4,Loyal
109302,2025-07-30,155,6,1934.85,3,5,4,Loyal
109303,2025-12-22,10,1,51.35,5,1,1,Potential Loyalists
109304,2025-11-10,52,5,1161.09,4,4,3,Loyal
109306,2025-09-23,100,9,4007.6099999999997,4,5,5,Champions
109307,2025-03-25,282,4,2043.94,3,4,4,Loyal
109308,2025-12-11,21,6,1218.6200000000001,5,5,3,Loyal
109310,2025-12-22,10,3,2814.42,5,3,5,Potential Loyalists
109311,2025-10-12,81,4,963.33,4,4,3,Loyal
109312,2025-12-12,20,2,437.09,5,3,2,Potential Loyalists
109313,2025-05-07,239,4,1819.0,3,4,4,Loyal
109315,2025-09-18,105,2,1563.6399999999999,4,3,4,Potential Loyalists
109316,2025-02-26,309,2,228.92,2,3,1,Others
109317,2023-06-02,944,1,167.55,1,1,1,Lost
109318,2025-09-22,101,1,205.67000000000002,4,1,1,Potential Loyalists
109319,2025-12-29,3,17,6454.26,5,5,5,Champions
109320,2025-04-19,257,2,319.39,3,3,2,Others
109321,2025-03-09,298,2,2515.42,2,3,4,Others
109323,2025-10-31,62,1,639.76,4,1,2,Potential Loyalists
109324,2025-08-14,140,3,812.2900000000001,3,3,3,Others
109325,2025-07-10,175,4,4193.110000000001,3,4,5,Loyal
109326,2025-08-26,128,2,196.54,3,3,1,Others
109327,2024-12-21,376,1,1871.03,2,1,4,Lost
109329,2024-11-19,408,3,1097.51,2,3,3,Others
109330,2024-06-19,561,1,53.18,1,1,1,Lost
109331,2025-09-10,113,6,3951.8,4,5,5,Champions
109332,2024-07-11,539,2,542.61,1,3,2,Others
109334,2025-10-04,89,19,9562.14,4,5,5,Champions
109335,2024-12-01,396,1,315.85,2,1,2,Lost
109336,2025-08-09,145,3,1287.9,3,3,3,Others
109337,2025-12-16,16,25,8091.21,5,5,5,Champions
109340,2025-06-13,202,4,2158.86,3,4,4,Loyal
109341,2025-09-26,97,7,2769.48,4,5,5,Champions
109343,2025-09-13,110,1,87.89,4,1,1,Potential Loyalists
109345,2025-10-17,76,1,3306.6099999999997,4,1,5,Potential Loyalists
109346,2025-12-22,10,4,4133.9,5,4,5,Champions
109349,2025-12-14,18,5,1200.58,5,4,3,Loyal
109351,2025-12-16,16,2,422.15,5,3,2,Potential Loyalists
109352,2023-11-06,787,1,485.56,1,1,2,Lost
109353,2025-07-20,165,2,1471.87,3,3,4,Others
109355,2025-12-19,13,17,8969.35,5,5,5,Champions
109357,2023-11-15,778,2,82.81,1,3,1,Others
109358,2025-11-22,40,4,4589.96,5,4,5,Champions
109359,2025-05-02,244,3,639.5,3,3,2,Others
109360,2025-04-20,256,1,231.57999999999998,3,1,1,Others
109362,2025-12-22,10,5,885.33,5,4,3,Loyal
109363,2024-04-06,635,2,1434.57,1,3,4,Others
109364,2025-12-31,1,6,2201.42,5,5,4,Champions
109366,2025-09-09,114,9,3678.78,4,5,5,Champions
109367,2024-09-23,465,1,245.94,2,1,1,Lost
109368,2025-12-06,26,6,3106.3,5,5,5,Champions
109369,2025-12-01,31,20,11608.87,5,5,5,Champions
109370,2025-12-23,9,2,1363.2,5,3,3,Potential Loyalists
109371,2024-08-22,497,2,3202.34,2,3,5,Others
109373,2025-11-02,60,6,3098.7799999999997,4,5,5,Champions
109374,2025-12-05,27,6,2287.49,5,5,4,Champions
109375,2025-09-07,116,2,1224.84,4,3,3,Potential Loyalists
109376,2024-12-24,373,4,3986.58,2,4,5,At Risk
109377,2025-12-16,16,2,452.95000000000005,5,3,2,Potential Loyalists
109379,2025-11-19,43,3,859.6,4,3,3,Potential Loyalists
109380,2024-04-23,618,2,237.84,1,3,1,Others
109381,2024-09-20,468,3,1235.82,2,3,3,Others
109382,2024-03-13,659,1,270.4,1,1,1,Lost
109383,2025-09-12,111,2,761.0699999999999,4,3,3,Potential Loyalists
109385,2025-08-06,148,2,660.55,3,3,2,Others
109386,2024-11-24,403,2,640.75,2,3,2,Others
109387,2025-08-13,141,1,3008.6099999999997,3,1,5,Others
109389,2025-12-05,27,6,5003.58,5,5,5,Champions
109390,2024-09-13,475,6,3481.3,2,5,5,At Risk
109391,2024-04-18,623,2,1918.23,1,3,4,Others
109392,2023-02-16,1050,1,224.3,1,1,1,Lost
109394,2025-04-26,250,3,2773.75,3,3,5,Others
109395,2025-12-18,14,14,2712.48,5,5,5,Champions
109396,2023-02-08,1058,1,298.62,1,1,2,Lost
109397,2025-01-22,344,1,1802.81,2,1,4,Lost
109398,2025-08-04,150,1,87.92,3,1,1,Others
109399,2025-01-06,360,3,348.26,2,3,2,Others
109400,2025-05-28,218,1,357.29,3,1,2,Others
109402,2025-10-08,85,7,1770.46,4,5,4,Champions
109403,2025-09-19,104,1,183.1,4,1,1,Potential Loyalists
109406,2025-09-03,120,10,4985.24,4,5,5,Champions
109407,2023-07-08,908,1,1147.19,1,1,3,Lost
109409,2025-12-10,22,2,5060.35,5,3,5,Potential Loyalists
109410,2025-08-13,141,10,2690.43,3,5,5,Loyal
109411,2025-12-24,8,6,3341.83,5,5,5,Champions
109412,2025-11-04,58,5,1093.99,4,4,3,Loyal
109413,2024-06-30,550,1,321.11,1,1,2,Lost
109414,2024-03-05,667,2,180.93,1,3,1,Others
109415,2025-12-27,5,2,772.9900000000001,5,3,3,Potential Loyalists
109416,2025-12-06,26,7,4594.14,5,5,5,Champions
109417,2025-12-18,14,1,1527.7,5,1,4,Potential Loyalists
109418,2024-11-14,413,5,2512.34,2,4,4,At Risk
109419,2025-12-13,19,5,2258.98,5,4,4,Champions
109420,2025-09-30,93,4,1288.36,4,4,3,Loyal
109421,2025-12-12,20,11,3156.35,5,5,5,Champions
109422,2025-12-16,16,15,10041.37,5,5,5,Champions
109425,2025-12-02,30,4,492.47,5,4,2,Others
109426,2025-05-01,245,2,552.81,3,3,2,Others
109427,2025-10-06,87,5,1433.39,4,4,4,Champions
109428,2024-09-03,485,1,311.58000000000004,2,1,2,Lost
109429,2023-12-13,750,2,289.33,1,3,1,Others
109430,2023-06-02,944,1,231.79,1,1,1,Lost
109431,2025-06-15,200,4,1916.98,3,4,4,Loyal
109432,2024-12-08,389,1,22.22,2,1,1,Lost
109433,2025-03-11,296,2,1192.53,2,3,3,Others
109434,2025-05-20,226,2,473.62,3,3,2,Others
109435,2025-10-23,70,8,3483.17,4,5,5,Champions
109437,2025-11-06,56,3,790.69,4,3,3,Potential Loyalists
109438,2025-06-13,202,1,614.89,3,1,2,Others
109439,2025-01-29,337,2,389.84,2,3,2,Others
109440,2025-11-22,40,18,7674.48,5,5,5,Champions
109441,2025-10-04,89,2,270.97,4,3,1,Potential Loyalists
109442,2025-09-13,110,4,1282.83,4,4,3,Loyal
109443,2025-12-15,17,4,960.25,5,4,3,Loyal
109444,2025-03-27,280,2,264.27,3,3,1,Others
109445,2024-11-25,402,5,3090.21,2,4,5,At Risk
109446,2024-07-29,521,4,1323.63,2,4,3,At Risk
109447,2025-08-21,133,3,960.53,3,3,3,Others
109448,2024-09-25,463,5,1421.81,2,4,4,At Risk
109449,2024-10-27,431,1,473.65,2,1,2,Lost
109450,2023-09-12,842,1,209.73000000000002,1,1,1,Lost
109451,2025-08-28,126,5,2078.07,4,4,4,Champions
109452,2025-12-02,30,4,2809.57,5,4,5,Champions
109454,2025-02-14,321,1,206.28,2,1,1,Lost
109455,2025-09-01,122,6,705.43,4,5,2,Others
109456,2025-12-17,15,10,8389.97,5,5,5,Champions
109457,2025-11-01,61,8,3604.83,4,5,5,Champions
109458,2024-10-31,427,1,55.86,2,1,1,Lost
109459,2024-10-14,444,1,1578.86,2,1,4,Lost
109460,2024-10-27,431,1,1154.74,2,1,3,Lost
109461,2025-10-29,64,3,1871.8,4,3,4,Potential Loyalists
109462,2025-10-01,92,1,1264.28,4,1,3,Potential Loyalists
109463,2025-09-09,114,1,943.4399999999999,4,1,3,Potential Loyalists
109464,2024-11-20,407,3,2818.25,2,3,5,Others
109466,2025-01-06,360,1,764.8499999999999,2,1,3,Lost
109470,2025-09-29,94,6,4047.27,4,5,5,Champions
109472,2025-12-22,10,1,594.76,5,1,2,Potential Loyalists
109476,2025-09-04,119,4,1923.89,4,4,4,Champions
109478,2025-11-02,60,9,4271.23,4,5,5,Champions
109479,2023-12-27,736,1,455.96,1,1,2,Lost
109482,2025-01-14,352,2,1419.27,2,3,4,Others
109483,2025-10-17,76,15,5597.54,4,5,5,Champions
109484,2023-12-28,735,1,466.59000000000003,1,1,2,Lost
109485,2025-02-03,332,3,1708.02,2,3,4,Others
109486,2025-08-03,151,3,482.4,3,3,2,Others
109487,2025-11-08,54,2,190.13,4,3,1,Potential Loyalists
109488,2025-12-17,15,1,35.57,5,1,1,Potential Loyalists
109489,2023-08-25,860,2,299.47999999999996,1,3,2,Others
109492,2024-10-19,439,3,1197.08,2,3,3,Others
109493,2025-12-11,21,9,2184.18,5,5,4,Champions
109494,2025-02-10,325,3,1390.85,2,3,3,Others
109495,2025-05-22,224,1,702.52,3,1,2,Others
109496,2025-05-14,232,1,177.77,3,1,1,Others
109497,2025-10-08,85,3,947.58,4,3,3,Potential Loyalists
109498,2025-08-01,153,2,776.6700000000001,3,3,3,Others
109499,2024-06-12,568,1,522.87,1,1,2,Lost
109500,2025-09-02,121,5,1078.34,4,4,3,Loyal
109501,2024-12-18,379,2,4631.9400000000005,2,3,5,Others
109502,2023-07-31,885,1,74.84,1,1,1,Lost
109503,2025-06-13,202,5,1688.92,3,4,4,Loyal
109504,2025-11-23,39,5,3558.12,5,4,5,Champions
109505,2025-12-10,22,2,215.71999999999997,5,3,1,Potential Loyalists
109506,2025-02-28,307,9,2855.42,2,5,5,At Risk
109507,2025-12-29,3,4,3009.9,5,4,5,Champions
109509,2025-11-11,51,2,531.96,4,3,2,Potential Loyalists
109510,2025-11-17,45,4,941.11,4,4,3,Loyal
109511,2023-11-06,787,1,596.48,1,1,2,Lost
109513,2023-11-16,777,1,205.76999999999998,1,1,1,Lost
109514,2025-12-11,21,9,5872.12,5,5,5,Champions
109515,2023-03-18,1020,1,582.26,1,1,2,Lost
109516,2025-11-22,40,3,557.63,5,3,2,Potential Loyalists
109517,2025-11-01,61,1,151.9,4,1,1,Potential Loyalists
109520,2025-10-07,86,2,404.12,4,3,2,Potential Loyalists
109521,2025-10-26,67,3,577.68,4,3,2,Potential Loyalists
109522,2024-06-12,568,5,2675.95,1,4,5,At Risk
109523,2025-11-10,52,3,631.78,4,3,2,Potential Loyalists
109524,2025-09-12,111,2,722.71,4,3,2,Potential Loyalists
109525,2025-08-23,131,5,3287.66,3,4,5,Loyal
109526,2025-04-18,258,2,770.4,3,3,3,Others
109527,2025-03-03,304,2,279.05,2,3,1,Others
109528,2025-04-04,272,3,1520.3799999999999,3,3,4,Others
109529,2025-10-29,64,7,3387.35,4,5,5,Champions
109530,2023-12-30,733,1,190.4,1,1,1,Lost
109531,2025-11-15,47,2,1377.2199999999998,4,3,3,Potential Loyalists
109533,2024-10-17,441,1,100.5,2,1,1,Lost
109534,2024-10-04,454,1,270.44,2,1,1,Lost
109536,2025-12-27,5,2,1726.0,5,3,4,Potential Loyalists
109538,2024-03-11,661,2,992.09,1,3,3,Others
109540,2025-09-24,99,1,129.66,4,1,1,Potential Loyalists
109543,2023-09-30,824,1,481.98,1,1,2,Lost
109544,2025-05-07,239,2,1112.6999999999998,3,3,3,Others
109545,2024-09-07,481,1,2466.25,2,1,4,Lost
109546,2024-01-21,711,1,1498.77,1,1,4,Lost
109547,2025-03-01,306,5,1844.46,2,4,4,At Risk
109549,2024-07-16,534,2,643.77,1,3,2,Others
109550,2024-08-26,493,2,266.1,2,3,1,Others
109551,2025-12-16,16,11,5941.28,5,5,5,Champions
109552,2025-12-02,30,1,148.0,5,1,1,Potential Loyalists
109553,2024-11-10,417,1,62.23,2,1,1,Lost
109554,2025-09-25,98,3,754.65,4,3,3,Potential Loyalists
109555,2024-04-16,625,1,368.59000000000003,1,1,2,Lost
109556,2025-12-27,5,8,3960.69,5,5,5,Champions
109557,2023-11-04,789,1,16.36,1,1,1,Lost
109558,2025-12-13,19,16,9959.67,5,5,5,Champions
109559,2025-03-09,298,1,327.42,2,1,2,Lost
109560,2024-12-29,368,3,1198.09,2,3,3,Others
109561,2025-11-25,37,4,756.25,5,4,3,Loyal
109562,2024-11-14,413,1,957.09,2,1,3,Lost
109564,2025-05-15,231,3,1650.32,3,3,4,Others
109565,2023-08-21,864,1,107.1,1,1,1,Lost
109566,2023-11-24,769,2,1314.77,1,3,3,Others
109567,2025-11-14,48,4,1062.0,4,4,3,Loyal
109568,2025-11-21,41,4,630.01,5,4,2,Others
109569,2025-09-09,114,7,2506.18,4,5,4,Champions
109571,2023-03-08,1030,1,620.29,1,1,2,Lost
109572,2024-10-12,446,2,150.51999999999998,2,3,1,Others
109575,2024-12-21,376,2,1030.8999999999999,2,3,3,Others
109576,2025-01-18,348,1,113.79,2,1,1,Lost
109577,2025-06-29,186,1,1871.96,3,1,4,Others
109578,2025-12-12,20,3,1059.3899999999999,5,3,3,Potential Loyalists
109579,2023-08-11,874,1,195.82,1,1,1,Lost
109580,2025-11-15,47,5,707.4300000000001,4,4,2,Others
109581,2024-06-27,553,2,345.71,1,3,2,Others
109582,2025-01-30,336,1,88.7,2,1,1,Lost
109584,2025-08-24,130,1,429.76,3,1,2,Others
109585,2025-12-26,6,6,2920.6,5,5,5,Champions
109586,2025-11-26,36,1,62.56,5,1,1,Potential Loyalists
109587,2024-04-06,635,2,2576.79,1,3,4,Others
109590,2023-01-10,1087,1,31.25,1,1,1,Lost
109591,2024-10-25,433,3,655.89,2,3,2,Others
109592,2025-11-12,50,3,489.1,4,3,2,Potential Loyalists
109593,2025-06-08,207,1,621.73,3,1,2,Others
109594,2025-12-18,14,1,2106.6099999999997,5,1,4,Potential Loyalists
109597,2023-03-25,1013,1,38.9,1,1,1,Lost
109598,2023-12-04,759,2,1494.73,1,3,4,Others
109599,2025-12-13,19,9,5614.18,5,5,5,Champions
109600,2025-04-06,270,3,1403.81,3,3,4,Others
109602,2025-12-02,30,10,5941.91,5,5,5,Champions
109603,2024-12-29,368,1,522.74,2,1,2,Lost
109606,2023-01-16,1081,1,325.04,1,1,2,Lost
109607,2025-12-17,15,6,2769.6800000000003,5,5,5,Champions
109610,2023-04-17,990,1,156.01,1,1,1,Lost
109612,2023-11-11,782,1,230.54999999999998,1,1,1,Lost
109613,2025-09-14,109,5,2093.9,4,4,4,Champions
109614,2025-08-14,140,4,2969.47,3,4,5,Loyal
109618,2023-10-25,799,2,790.04,1,3,3,Others
109619,2024-11-05,422,1,1380.01,2,1,3,Lost
109621,2024-04-20,621,1,250.24,1,1,1,Lost
109622,2024-12-27,370,1,66.74,2,1,1,Lost
109624,2024-10-19,439,2,696.99,2,3,2,Others
109625,2025-10-17,76,19,7002.62,4,5,5,Champions
109626,2025-12-11,21,2,2449.4,5,3,4,Potential Loyalists
109627,2024-11-20,407,3,1254.17,2,3,3,Others
109628,2024-02-12,689,5,2116.49,1,4,4,At Risk
109629,2025-01-18,348,2,1250.98,2,3,3,Others
109631,2023-10-07,817,2,898.5699999999999,1,3,3,Others
109632,2025-02-05,330,2,303.28,2,3,2,Others
109633,2025-04-07,269,3,393.18,3,4,2,Others
109636,2025-08-19,135,3,2880.17,3,4,5,Loyal
109637,2023-01-18,1079,1,456.43,1,1,2,Lost
109639,2025-08-26,128,2,161.48,3,3,1,Others
109640,2025-03-24,283,1,80.82,2,1,1,Lost
109642,2025-08-29,125,7,1605.32,4,5,4,Champions
109643,2025-03-16,291,3,883.78,2,4,3,At Risk
109644,2025-07-25,160,5,819.67,3,4,3,Loyal
109645,2025-11-16,46,7,5521.55,4,5,5,Champions
109646,2025-12-08,24,12,6063.2,5,5,5,Champions
109647,2025-09-01,122,2,389.6,4,3,2,Potential Loyalists
109648,2025-09-01,122,1,116.34,4,1,1,Potential Loyalists
109649,2024-10-07,451,2,915.08,2,3,3,Others
109650,2025-11-12,50,5,3906.84,4,4,5,Champions
109654,2023-10-30,794,1,2722.4900000000002,1,1,5,Lost
109655,2025-07-13,172,1,175.2,3,1,1,Others
109656,2025-09-17,106,5,1401.3000000000002,4,4,3,Loyal
109657,2024-06-27,553,1,2206.3199999999997,1,1,4,Lost
109658,2025-07-20,165,1,140.76000000000002,3,1,1,Others
109659,2025-09-16,107,5,1832.3400000000001,4,4,4,Champions
109660,2024-06-20,560,3,832.38,1,4,3,At Risk
109661,2025-11-04,58,4,3274.59,4,4,5,Champions
109664,2023-03-25,1013,1,468.78,1,1,2,Lost
109665,2025-04-24,252,2,833.26,3,3,3,Others
109666,2025-05-22,224,1,642.92,3,1,2,Others
109667,2025-12-12,20,13,7675.73,5,5,5,Champions
109668,2024-12-18,379,2,1376.54,2,3,3,Others
109669,2024-01-15,717,1,173.70000000000002,1,1,1,Lost
109670,2023-07-01,915,1,720.6,1,1,2,Lost
109671,2024-03-31,641,1,1738.22,1,1,4,Lost
109672,2025-09-11,112,3,479.02,4,4,2,Others
109675,2025-10-09,84,1,284.38,4,1,1,Potential Loyalists
109676,2025-10-06,87,3,1089.5500000000002,4,4,3,Loyal
109677,2023-03-04,1034,1,2666.7000000000003,1,1,5,Lost
109678,2023-05-09,968,1,144.62,1,1,1,Lost
109679,2025-09-06,117,2,1036.43,4,3,3,Potential Loyalists
109680,2025-05-29,217,3,1543.2299999999998,3,4,4,Loyal
109681,2025-02-17,318,3,1656.99,2,4,4,At Risk
109682,2025-09-21,102,5,3185.2599999999998,4,4,5,Champions
109683,2025-04-03,273,2,714.47,3,3,2,Others
109684,2025-11-03,59,26,16469.68,4,5,5,Champions
109686,2025-12-02,30,2,498.41999999999996,5,3,2,Potential Loyalists
109687,2025-10-04,89,3,521.74,4,4,2,Others
109688,2025-12-25,7,24,9197.26,5,5,5,Champions
109689,2025-12-30,2,3,471.01,5,4,2,Others
109690,2024-02-14,687,1,143.04,1,1,1,Lost
109693,2025-11-06,56,4,631.1,4,4,2,Others
109694,2025-08-19,135,4,2134.06,3,4,4,Loyal
109695,2023-04-06,1001,1,1723.6100000000001,1,1,4,Lost
109696,2025-01-30,336,4,2509.37,2,4,4,At Risk
109697,2025-11-20,42,2,233.28,4,3,1,Potential Loyalists
109701,2023-11-02,791,2,543.67,1,3,2,Others
109702,2024-11-17,410,2,387.55,2,3,2,Others
109703,2024-12-01,396,3,1262.53,2,4,3,At Risk
109705,2024-12-25,372,5,623.79,2,4,2,Others
109706,2025-08-28,126,8,4957.78,4,5,5,Champions
109707,2025-12-22,10,13,5496.8,5,5,5,Champions
109708,2023-11-04,789,1,976.06,1,1,3,Lost
109709,2025-10-18,75,1,224.41,4,1,1,Potential Loyalists
109710,2025-06-29,186,8,3572.46,3,5,5,Loyal
109711,2023-06-06,940,1,65.64,1,1,1,Lost
109712,2025-12-05,27,2,414.96000000000004,5,3,2,Potential Loyalists
109715,2025-08-26,128,9,3538.64,3,5,5,Loyal
109716,2023-05-12,965,1,85.94,1,1,1,Lost
109718,2025-07-05,180,3,2254.7799999999997,3,4,4,Loyal
109719,2024-10-18,440,3,1569.14,2,4,4,At Risk
109720,2023-12-13,750,1,109.43,1,1,1,Lost
109721,2023-06-04,942,1,169.24,1,1,1,Lost
109722,2025-08-10,144,2,1912.6100000000001,3,3,4,Others
109724,2025-11-04,58,4,2064.0299999999997,4,4,4,Champions
109726,2025-02-12,323,2,604.18,2,3,2,Others
109728,2025-11-16,46,11,6184.56,4,5,5,Champions
109729,2025-12-12,20,7,4327.610000000001,5,5,5,Champions
109735,2024-08-20,499,5,785.6700000000001,2,4,3,At Risk
109736,2025-07-19,166,2,940.99,3,3,3,Others
109738,2025-12-03,29,8,2701.99,5,5,5,Champions
109739,2025-07-28,157,13,7190.42,3,5,5,Loyal
109740,2025-09-13,110,2,618.0799999999999,4,3,2,Potential Loyalists
109742,2025-01-11,355,4,2074.74,2,4,4,At Risk
109743,2025-01-01,365,1,123.81,2,1,1,Lost
109744,2025-07-17,168,3,727.45,3,4,2,Others
109746,2025-11-09,53,2,658.74,4,3,2,Potential Loyalists
109747,2025-12-04,28,14,5991.6900000000005,5,5,5,Champions
109748,2024-11-29,398,1,1611.34,2,1,4,Lost
109749,2025-02-09,326,1,465.15999999999997,2,1,2,Lost
109752,2025-07-12,173,8,3477.3,3,5,5,Loyal
109753,2023-12-22,741,1,158.16000000000003,1,1,1,Lost
109754,2023-01-31,1066,1,21.69,1,1,1,Lost
109755,2025-10-27,66,4,992.08,4,4,3,Loyal
109756,2025-09-10,113,4,2900.1400000000003,4,4,5,Champions
109757,2024-08-03,516,1,320.52,2,1,2,Lost
109758,2025-12-04,28,3,914.2,5,4,3,Loyal
109759,2025-08-11,143,8,7405.19,3,5,5,Loyal
109760,2025-06-26,189,2,1451.22,3,3,4,Others
109761,2025-12-26,6,9,4566.57,5,5,5,Champions
109763,2025-09-30,93,1,41.64,4,1,1,Potential Loyalists
109764,2025-11-13,49,4,1988.3199999999997,4,4,4,Champions
109765,2023-04-13,994,1,837.24,1,1,3,Lost
109767,2025-07-31,154,1,445.89,3,1,2,Others
109768,2025-10-14,79,2,1411.42,4,3,4,Potential Loyalists
109769,2025-01-02,364,5,3288.23,2,4,5,At Risk
109770,2023-10-05,819,2,1636.8500000000001,1,3,4,Others
109771,2024-12-23,374,3,883.86,2,4,3,At Risk
109772,2025-01-13,353,1,2414.35,2,1,4,Lost
109773,2024-01-30,702,1,45.25,1,1,1,Lost
109774,2025-07-25,160,1,136.53,3,1,1,Others
109776,2025-09-07,116,2,747.77,4,3,3,Potential Loyalists
109777,2025-04-10,266,2,746.06,3,3,3,Others
109778,2025-10-16,77,1,729.19,4,1,2,Potential Loyalists
109779,2025-10-19,74,23,13119.15,4,5,5,Champions
109780,2023-08-10,875,2,639.11,1,3,2,Others
109781,2025-11-16,46,4,1560.42,4,4,4,Champions
109782,2023-03-26,1012,1,816.47,1,1,3,Lost
109783,2025-12-12,20,5,1459.14,5,4,4,Champions
109784,2025-01-08,358,9,4955.46,2,5,5,At Risk
109785,2025-12-09,23,3,3399.05,5,4,5,Champions
109786,2023-08-31,854,2,215.74,1,3,1,Others
109787,2025-10-18,75,1,153.82,4,1,1,Potential Loyalists
109788,2024-07-22,528,1,239.42,2,1,1,Lost
109789,2023-12-15,748,2,1012.92,1,3,3,Others
109790,2025-03-24,283,1,513.37,2,1,2,Lost
109792,2025-12-11,21,4,1288.6100000000001,5,4,3,Loyal
109793,2024-10-11,447,1,650.5,2,1,2,Lost
109794,2025-12-01,31,3,2587.55,5,4,4,Champions
109795,2025-11-17,45,3,1712.9399999999998,4,4,4,Champions
109796,2025-12-03,29,15,5010.13,5,5,5,Champions
109797,2024-09-17,471,2,1588.18,2,3,4,Others
109798,2024-10-08,450,3,1431.34,2,4,4,At Risk
109801,2023-11-23,770,1,381.15999999999997,1,1,2,Lost
109802,2023-02-03,1063,1,331.27000000000004,1,1,2,Lost
109803,2025-03-15,292,2,481.8,2,3,2,Others
109805,2025-10-30,63,4,2849.21,4,4,5,Champions
109806,2025-03-28,279,3,2734.42,3,4,5,Loyal
109807,2025-10-15,78,2,1376.24,4,3,3,Potential Loyalists
109808,2025-03-27,280,3,592.8499999999999,3,4,2,Others
109809,2025-11-20,42,7,3144.59,4,5,5,Champions
109810,2025-07-02,183,2,770.24,3,3,3,Others
109812,2024-07-30,520,1,270.59000000000003,2,1,1,Lost
109814,2024-12-14,383,2,2192.3,2,3,4,Others
109818,2023-10-04,820,1,82.83,1,1,1,Lost
109819,2025-04-28,248,1,795.65,3,1,3,Others
109821,2024-10-27,431,3,487.71000000000004,2,4,2,Others
109823,2025-06-30,185,4,2233.72,3,4,4,Loyal
109825,2025-12-04,28,2,277.92,5,3,1,Potential Loyalists
109826,2025-04-02,274,4,3680.49,3,4,5,Loyal
109828,2025-04-06,270,1,817.13,3,1,3,Others
109829,2025-07-08,177,4,2221.52,3,4,4,Loyal
109830,2025-06-04,211,9,4519.05,3,5,5,Loyal
109832,2025-04-12,264,8,7286.429999999999,3,5,5,Loyal
109834,2025-12-20,12,25,9684.24,5,5,5,Champions
109835,2025-12-31,1,10,6657.88,5,5,5,Champions
109837,2025-09-24,99,3,2139.07,4,4,4,Champions
109838,2025-12-09,23,1,555.47,5,1,2,Potential Loyalists
109839,2025-11-25,37,10,6913.5199999999995,5,5,5,Champions
109840,2025-10-30,63,6,3643.68,4,5,5,Champions
109842,2025-12-12,20,6,2995.61,5,5,5,Champions
109843,2025-05-11,235,1,714.9300000000001,3,1,2,Others
109845,2025-11-14,48,4,1607.3,4,4,4,Champions
109846,2023-12-27,736,2,137.11,1,3,1,Others
109847,2025-12-30,2,6,1490.31,5,5,4,Champions
109848,2025-06-03,212,3,2886.44,3,4,5,Loyal
109849,2025-11-22,40,3,2343.46,5,4,4,Champions
109850,2025-12-21,11,3,1745.83,5,4,4,Champions
109851,2025-12-09,23,8,2766.73,5,5,5,Champions
109852,2025-06-17,198,2,343.28000000000003,3,3,2,Others
109854,2025-12-23,9,9,3433.7400000000002,5,5,5,Champions
109857,2023-11-26,767,1,142.22,1,1,1,Lost
109858,2025-07-25,160,2,768.11,3,3,3,Others
109860,2025-09-10,113,3,1688.14,4,4,4,Champions
109861,2025-10-21,72,4,506.96000000000004,4,4,2,Others
109862,2025-12-11,21,2,1958.7,5,3,4,Potential Loyalists
109864,2023-07-08,908,1,81.0,1,1,1,Lost
109865,2025-11-10,52,5,1441.62,4,4,4,Champions
109866,2025-10-01,92,2,889.54,4,3,3,Potential Loyalists
109867,2025-12-25,7,1,177.89000000000001,5,1,1,Potential Loyalists
109868,2024-09-12,476,1,411.18,2,1,2,Lost
109870,2024-06-19,561,3,381.38,1,4,2,Others
109872,2025-04-25,251,4,1811.82,3,4,4,Loyal
109874,2025-03-09,298,3,453.83,2,4,2,Others
109875,2025-09-08,115,3,298.46,4,4,2,Others
109876,2025-12-26,6,4,1680.5100000000002,5,4,4,Champions
109877,2024-05-09,602,1,602.9,1,1,2,Lost
109878,2025-09-20,103,2,43.92,4,3,1,Potential Loyalists
109879,2025-01-11,355,1,379.13,2,1,2,Lost
109880,2025-08-13,141,5,1698.19,3,4,4,Loyal
109881,2025-07-24,161,2,196.76000000000002,3,3,1,Others
109882,2025-10-28,65,3,2604.4500000000003,4,4,4,Champions
109883,2025-08-28,126,2,780.8299999999999,4,3,3,Potential Loyalists
109884,2025-12-02,30,4,1253.47,5,4,3,Loyal
109885,2024-10-21,437,1,720.21,2,1,2,Lost
109887,2023-04-01,1006,1,46.07,1,1,1,Lost
109888,2025-09-21,102,2,1107.69,4,3,3,Potential Loyalists
109889,2023-06-22,924,1,405.27,1,1,2,Lost
109890,2024-11-13,414,1,56.02,2,1,1,Lost
109892,2025-12-06,26,10,2837.36,5,5,5,Champions
109894,2024-02-10,691,2,405.72,1,3,2,Others
109896,2025-12-27,5,4,1948.67,5,4,4,Champions
109897,2025-12-22,10,66,30975.34,5,5,5,Champions
109898,2024-06-08,572,1,32.93,1,1,1,Lost
109899,2024-05-02,609,1,1560.93,1,1,4,Lost
109900,2024-12-13,384,1,613.77,2,1,2,Lost
109901,2025-12-03,29,4,5165.04,5,4,5,Champions
109902,2024-01-08,724,5,1337.95,1,4,3,At Risk
109903,2025-08-29,125,4,1337.15,4,4,3,Loyal
109904,2024-11-26,401,1,741.64,2,1,3,Lost
109905,2025-11-14,48,1,389.7,4,1,2,Potential Loyalists
109908,2025-06-29,186,4,1542.3600000000001,3,4,4,Loyal
109909,2024-05-21,590,4,1131.15,1,4,3,At Risk
109910,2025-07-24,161,2,1648.3,3,3,4,Others
109911,2024-06-21,559,1,54.28,1,1,1,Lost
109912,2025-03-07,300,2,1363.15,2,3,3,Others
109913,2025-05-27,219,2,1019.01,3,3,3,Others
109914,2025-12-18,14,4,4058.44,5,4,5,Champions
109915,2024-12-08,389,3,1235.63,2,4,3,At Risk
109916,2025-06-07,208,5,995.3199999999999,3,4,3,Loyal
109917,2024-11-30,397,5,1516.86,2,4,4,At Risk
109920,2023-02-18,1048,1,88.73,1,1,1,Lost
109921,2025-09-05,118,1,461.51,4,1,2,Potential Loyalists
109922,2025-08-13,141,3,595.98,3,4,2,Others
109923,2024-12-01,396,3,581.27,2,4,2,Others
109924,2025-06-10,205,5,4220.55,3,4,5,Loyal
109925,2025-02-17,318,4,4626.44,2,4,5,At Risk
109926,2025-07-16,169,2,522.34,3,3,2,Others
109927,2025-05-12,234,2,380.52000000000004,3,3,2,Others
109928,2025-11-06,56,12,5456.389999999999,4,5,5,Champions
109929,2025-11-22,40,6,2123.07,5,5,4,Champions
109930,2023-10-30,794,2,1167.6799999999998,1,3,3,Others
109931,2024-07-19,531,1,109.22,2,1,1,Lost
109932,2023-08-14,871,1,76.08,1,1,1,Lost
109934,2025-05-13,233,2,1054.72,3,3,3,Others
109936,2024-08-08,511,1,137.73,2,1,1,Lost
109939,2025-05-11,235,3,747.14,3,4,3,Loyal
109940,2025-08-23,131,2,2301.43,3,3,4,Others
109943,2025-11-05,57,1,170.91000000000003,4,1,1,Potential Loyalists
109944,2025-09-19,104,4,5027.32,4,4,5,Champions
109945,2025-10-20,73,3,505.46999999999997,4,4,2,Others
109946,2024-11-26,401,2,338.33,2,3,2,Others
109947,2024-09-14,474,5,1595.36,2,4,4,At Risk
109949,2023-06-14,932,1,531.1999999999999,1,1,2,Lost
109950,2023-12-13,750,2,633.3399999999999,1,3,2,Others
109951,2025-09-23,100,5,3480.56,4,4,5,Champions
109952,2025-07-06,179,2,213.89,3,3,1,Others
109954,2025-12-20,12,5,1362.98,5,4,3,Loyal
109955,2025-05-14,232,2,262.49,3,3,1,Others
109956,2023-11-19,774,1,180.93,1,1,1,Lost
109957,2023-01-16,1081,1,1631.22,1,1,4,Lost
109958,2023-03-06,1032,1,325.34,1,1,2,Lost
109959,2023-11-15,778,1,69.73,1,1,1,Lost
109960,2024-11-17,410,1,2141.82,2,1,4,Lost
109964,2025-11-30,32,5,1472.13,5,4,4,Champions
109966,2023-05-13,964,1,255.73000000000002,1,1,1,Lost
109967,2025-07-09,176,3,949.6,3,4,3,Loyal
109969,2025-02-17,318,5,768.76,2,4,3,At Risk
109971,2025-12-18,14,4,1653.92,5,4,4,Champions
109972,2025-11-19,43,3,1004.26,4,4,3,Loyal
109974,2024-06-06,574,6,2389.24,1,5,4,At Risk
109975,2025-10-27,66,2,452.65000000000003,4,3,2,Potential Loyalists
109977,2025-08-15,139,1,548.54,3,1,2,Others
109980,2023-12-24,739,1,129.96,1,1,1,Lost
109981,2023-11-11,782,1,677.68,1,1,2,Lost
109982,2025-12-05,27,2,268.74,5,3,1,Potential Loyalists
109983,2025-03-06,301,2,196.55,2,3,1,Others
109984,2025-10-07,86,9,4332.21,4,5,5,Champions
109985,2025-10-28,65,3,1135.32,4,4,3,Loyal
109986,2023-12-08,755,1,1057.4,1,1,3,Lost
109987,2025-05-20,226,5,1883.33,3,4,4,Loyal
109989,2025-06-18,197,1,994.77,3,1,3,Others
109990,2025-06-01,214,3,460.21000000000004,3,4,2,Others
109991,2023-09-04,850,1,752.41,1,2,3,Lost
109993,2025-11-02,60,15,6590.29,4,5,5,Champions
109994,2025-07-01,184,2,2105.9,3,3,4,Others
109995,2025-11-18,44,6,2192.5499999999997,4,5,4,Champions
109996,2025-12-08,24,4,2276.3399999999997,5,4,4,Champions
109999,2025-11-04,58,7,2042.99,4,5,4,Champions
110000,2023-04-16,991,1,147.26,1,2,1,Lost
110001,2025-12-05,27,5,1757.95,5,4,4,Champions
110003,2025-10-01,92,6,2541.52,4,5,4,Champions
110004,2023-12-20,743,4,585.04,1,4,2,Others
110005,2025-11-15,47,7,4298.54,4,5,5,Champions
110006,2025-10-24,69,2,415.2,4,3,2,Potential Loyalists
110007,2024-12-31,366,3,2197.5299999999997,2,4,4,At Risk
110008,2025-03-01,306,8,4104.78,2,5,5,At Risk
110009,2024-04-06,635,1,935.28,1,2,3,Lost
110010,2025-06-10,205,1,152.01,3,2,1,Others
110011,2025-01-03,363,2,389.84,2,3,2,Others
110012,2025-03-26,281,1,581.61,3,2,2,Others
110013,2025-12-16,16,3,1574.74,5,4,4,Champions
110014,2023-05-30,947,1,395.86,1,2,2,Lost
110015,2023-11-25,768,5,4062.64,1,4,5,At Risk
110017,2025-12-13,19,6,3438.6099999999997,5,5,5,Champions
110018,2025-12-14,18,6,1730.95,5,5,4,Champions
110019,2024-09-05,483,1,162.0,2,2,1,Lost
110021,2025-04-25,251,1,201.77,3,2,1,Others
110022,2025-12-15,17,2,2846.74,5,3,5,Potential Loyalists
110023,2025-12-13,19,2,3363.8300000000004,5,3,5,Potential Loyalists
110025,2024-09-19,469,1,126.73,2,2,1,Lost
110028,2024-07-24,526,1,544.05,2,2,2,Lost
110029,2025-11-11,51,2,286.05,4,3,1,Potential Loyalists
110030,2025-12-26,6,1,271.05,5,2,1,Potential Loyalists
110031,2025-11-21,41,1,66.67,5,2,1,Potential Loyalists
110032,2025-04-21,255,7,2778.7400000000002,3,5,5,Loyal
110034,2025-11-29,33,3,2582.65,5,4,4,Champions
110035,2025-05-01,245,2,2475.66,3,3,4,Others
110037,2024-12-11,386,3,1397.6000000000001,2,4,3,At Risk
110042,2023-12-25,738,1,484.33,1,2,2,Lost
110043,2024-07-19,531,2,734.76,2,3,3,Others
110044,2025-12-24,8,3,363.94,5,4,2,Others
110045,2024-05-10,601,4,1514.86,1,4,4,At Risk
110046,2025-12-17,15,6,2764.66,5,5,5,Champions
110047,2025-08-16,138,19,14882.300000000001,3,5,5,Loyal
110048,2025-07-20,165,1,504.66999999999996,3,2,2,Others
110050,2025-12-19,13,18,9504.15,5,5,5,Champions
110051,2025-03-03,304,2,1591.25,2,3,4,Others
110052,2025-12-02,30,2,1662.81,5,3,4,Potential Loyalists
110053,2025-12-29,3,4,1417.34,5,4,4,Champions
110054,2025-12-04,28,1,64.66,5,2,1,Potential Loyalists
110055,2024-06-01,579,1,43.64,1,2,1,Lost
110056,2025-12-29,3,7,1453.06,5,5,4,Champions
110058,2025-08-27,127,1,255.24,4,2,1,Potential Loyalists
110059,2025-07-11,174,2,938.7,3,3,3,Others
110061,2025-05-16,230,1,155.8,3,2,1,Others
110062,2025-12-23,9,12,3262.02,5,5,5,Champions
110065,2025-11-05,57,3,4504.03,4,4,5,Champions
110066,2025-11-21,41,2,814.7099999999999,5,3,3,Potential Loyalists
110067,2025-03-20,287,3,3791.29,2,4,5,At Risk
110068,2024-02-10,691,1,1819.57,1,2,4,Lost
110069,2024-10-03,455,1,293.14,2,2,1,Lost
110071,2025-12-22,10,3,1398.3899999999999,5,4,3,Loyal
110072,2023-07-04,912,1,210.98,1,2,1,Lost
110074,2025-06-29,186,1,486.32,3,2,2,Others
110075,2025-08-20,134,1,1066.65,3,2,3,Others
110076,2025-08-12,142,5,727.0600000000001,3,4,2,Others
110077,2025-12-24,8,5,4339.83,5,4,5,Champions
110078,2025-09-03,120,3,1541.93,4,4,4,Champions
110079,2025-08-12,142,3,1752.22,3,4,4,Loyal
110080,2024-05-21,590,1,209.48000000000002,1,2,1,Lost
110081,2025-09-30,93,1,203.97,4,2,1,Potential Loyalists
110082,2024-10-18,440,1,85.67,2,2,1,Lost
110083,2025-08-15,139,2,4680.650000000001,3,3,5,Others
110085,2024-11-27,400,1,70.57,2,2,1,Lost
110086,2025-04-16,260,5,2580.21,3,4,4,Loyal
110087,2024-08-19,500,2,682.74,2,3,2,Others
110088,2025-11-21,41,3,1481.18,5,4,4,Champions
110089,2025-11-09,53,2,577.48,4,3,2,Potential Loyalists
110090,2025-10-22,71,7,3006.14,4,5,5,Champions
110091,2025-01-05,361,2,1022.98,2,3,3,Others
110092,2025-10-24,69,4,2778.48,4,4,5,Champions
110094,2024-03-29,643,2,1932.45,1,3,4,Others
110095,2025-08-26,128,6,1380.97,3,5,3,Loyal
110096,2024-04-07,634,1,64.88,1,2,1,Lost
110097,2023-03-14,1024,1,50.61,1,2,1,Lost
110100,2025-10-13,80,2,523.4,4,3,2,Potential Loyalists
110101,2024-12-22,375,1,657.0400000000001,2,2,2,Lost
110102,2023-05-27,950,1,19.96,1,2,1,Lost
110104,2025-08-31,123,2,259.89,4,3,1,Potential Loyalists
110108,2025-12-01,31,12,4034.23,5,5,5,Champions
110109,2025-12-17,15,2,182.88,5,3,1,Potential Loyalists
110110,2025-07-17,168,4,1460.5900000000001,3,4,4,Loyal
110111,2024-08-10,509,3,1938.1,2,4,4,At Risk
110112,2025-09-10,113,1,201.06,4,2,1,Potential Loyalists
110113,2025-10-31,62,3,1431.47,4,4,4,Champions
110114,2025-10-15,78,4,2296.26,4,4,4,Champions
110115,2025-12-03,29,4,957.6,5,4,3,Loyal
110116,2024-03-05,667,1,510.21,1,2,2,Lost
110117,2024-09-08,480,3,834.55,2,4,3,At Risk
110118,2024-12-09,388,1,474.68,2,2,2,Lost
110119,2024-07-19,531,2,1103.26,2,3,3,Others
110120,2025-11-30,32,5,1118.21,5,4,3,Loyal
110121,2025-08-11,143,4,1342.54,3,4,3,Loyal
110122,2025-01-09,357,3,1137.43,2,4,3,At Risk
110123,2023-04-21,986,1,57.39,1,2,1,Lost
110124,2023-07-19,897,1,488.36,1,2,2,Lost
110126,2025-12-02,30,11,4671.28,5,5,5,Champions
110128,2025-08-31,123,2,219.56,4,3,1,Potential Loyalists
110129,2025-12-18,14,3,1339.3999999999999,5,4,3,Loyal
110130,2025-12-28,4,14,3088.3500000000004,5,5,5,Champions
110131,2024-10-11,447,1,1132.3600000000001,2,2,3,Lost
110132,2025-12-25,7,1,334.62,5,2,2,Potential Loyalists
110133,2025-05-11,235,5,3202.23,3,4,5,Loyal
110135,2025-10-17,76,6,2512.42,4,5,4,Champions
110136,2025-11-13,49,5,2107.88,4,4,4,Champions
110137,2025-08-26,128,1,121.82,3,2,1,Others
110138,2025-11-06,56,2,421.29,4,3,2,Potential Loyalists
110139,2025-12-31,1,15,4918.41,5,5,5,Champions
110140,2025-11-22,40,3,1375.46,5,4,3,Loyal
110141,2024-09-17,471,1,1175.8,2,2,3,Lost
110142,2025-10-27,66,5,949.0999999999999,4,4,3,Loyal
110143,2025-09-05,118,8,3338.56,4,5,5,Champions
110144,2024-01-15,717,3,224.47,1,4,1,Others
110145,2025-02-17,318,6,1592.3899999999999,2,5,4,At Risk
110146,2024-06-10,570,5,2950.58,1,4,5,At Risk
110147,2025-09-29,94,4,989.0899999999999,4,4,3,Loyal
110148,2024-04-25,616,1,425.89000000000004,1,2,2,Lost
110149,2025-07-13,172,2,105.28,3,3,1,Others
110150,2025-01-17,349,2,529.4399999999999,2,3,2,Others
110151,2025-12-03,29,1,511.40999999999997,5,2,2,Potential Loyalists
110152,2025-07-20,165,1,424.72,3,2,2,Others
110153,2024-01-07,725,1,215.35999999999999,1,2,1,Lost
110154,2025-11-23,39,8,7267.6900000000005,5,5,5,Champions
110156,2023-12-31,732,1,184.83,1,2,1,Lost
110158,2025-11-23,39,5,4789.76,5,4,5,Champions
110160,2024-10-05,453,2,816.29,2,3,3,Others
110161,2025-02-03,332,1,155.01,2,2,1,Lost
110162,2025-01-25,341,2,1340.1200000000001,2,3,3,Others
110163,2025-08-15,139,4,2056.06,3,4,4,Loyal
110164,2025-12-29,3,2,507.35,5,3,2,Potential Loyalists
110165,2025-06-11,204,5,1725.8799999999999,3,4,4,Loyal
110167,2023-09-14,840,1,278.86,1,2,1,Lost
110168,2025-12-06,26,9,2711.46,5,5,5,Champions
110170,2025-12-04,28,12,7308.18,5,5,5,Champions
110171,2025-12-06,26,6,1956.2199999999998,5,5,4,Champions
110172,2025-08-23,131,5,4225.8,3,4,5,Loyal
110173,2025-10-22,71,4,1793.1799999999998,4,4,4,Champions
110175,2025-12-10,22,3,395.26,5,4,2,Others
110176,2025-11-03,59,12,5287.89,4,5,5,Champions
110178,2025-12-28,4,11,4996.99,5,5,5,Champions
110179,2025-12-28,4,10,7721.8,5,5,5,Champions
110180,2025-10-15,78,1,257.2,4,2,1,Potential Loyalists
110181,2025-12-28,4,4,1497.34,5,4,4,Champions
110182,2025-11-12,50,12,4590.89,4,5,5,Champions
110183,2025-11-21,41,8,2476.26,5,5,4,Champions
110185,2025-07-14,171,5,913.49,3,4,3,Loyal
110186,2025-12-27,5,3,1164.63,5,4,3,Loyal
110187,2025-12-20,12,8,1415.57,5,5,4,Champions
110188,2024-10-29,429,3,583.39,2,4,2,Others
110189,2025-05-25,221,2,406.45,3,3,2,Others
110190,2025-11-28,34,11,10887.47,5,5,5,Champions
110191,2025-11-13,49,2,410.11999999999995,4,3,2,Potential Loyalists
110192,2025-08-20,134,8,3195.21,3,5,5,Loyal
110193,2025-08-18,136,5,2652.67,3,4,4,Loyal
110194,2025-04-03,273,1,575.69,3,2,2,Others
110195,2025-11-30,32,2,1199.38,5,3,3,Potential Loyalists
110196,2025-12-07,25,8,4181.51,5,5,5,Champions
110198,2025-06-17,198,3,778.7099999999999,3,4,3,Loyal
110200,2025-12-29,3,1,675.37,5,2,2,Potential Loyalists
110203,2025-12-27,5,10,3466.5099999999998,5,5,5,Champions
110205,2025-08-03,151,3,1036.17,3,4,3,Loyal
110207,2025-07-21,164,3,858.3,3,4,3,Loyal
110208,2025-10-06,87,11,6466.24,4,5,5,Champions
110209,2025-10-31,62,1,329.08000000000004,4,2,2,Potential Loyalists
110210,2025-12-03,29,7,3063.6400000000003,5,5,5,Champions
110211,2025-11-17,45,6,4403.67,4,5,5,Champions
110212,2024-11-16,411,1,652.23,2,2,2,Lost
110213,2025-12-24,8,2,1367.0700000000002,5,3,3,Potential Loyalists
110214,2023-10-05,819,1,209.54000000000002,1,2,1,Lost
110215,2025-04-05,271,2,1470.32,3,3,4,Others
110217,2025-12-16,16,7,3408.26,5,5,5,Champions
110218,2025-12-26,6,16,10059.58,5,5,5,Champions
110219,2023-09-13,841,1,443.78,1,2,2,Lost
110221,2023-06-09,937,1,501.44,1,2,2,Lost
110222,2024-12-01,396,1,77.86,2,2,1,Lost
110224,2024-06-11,569,2,766.9100000000001,1,3,3,Others
110225,2024-07-18,532,3,2417.78,2,4,4,At Risk
110228,2023-01-25,1072,1,197.76,1,2,1,Lost
110230,2024-06-25,555,1,29.36,1,2,1,Lost
110231,2025-09-07,116,2,940.38,4,3,3,Potential Loyalists
110233,2024-12-06,391,2,1194.8,2,3,3,Others
110234,2025-02-08,327,1,1034.92,2,2,3,Lost
110235,2025-12-22,10,8,3405.11,5,5,5,Champions
110237,2025-05-03,243,10,2408.1400000000003,3,5,4,Loyal
110240,2023-05-19,958,1,292.35,1,2,1,Lost
110242,2025-08-14,140,1,627.46,3,2,2,Others
110243,2025-09-03,120,3,2163.13,4,4,4,Champions
110244,2025-11-21,41,17,7292.5599999999995,5,5,5,Champions
110245,2025-12-13,19,3,1596.9299999999998,5,4,4,Champions
110246,2025-04-15,261,1,4250.96,3,2,5,Others
110247,2025-09-24,99,2,462.81,4,3,2,Potential Loyalists
110248,2024-10-18,440,1,127.74000000000001,2,2,1,Lost
110250,2025-11-09,53,2,518.8,4,3,2,Potential Loyalists
110251,2025-09-01,122,2,878.79,4,3,3,Potential Loyalists
110253,2025-12-07,25,5,3102.55,5,4,5,Champions
110254,2025-02-24,311,2,2261.52,2,3,4,Others
110255,2025-11-02,60,6,2137.88,4,5,4,Champions
110256,2025-09-20,103,1,18.61,4,2,1,Potential Loyalists
110258,2025-10-23,70,6,1777.84,4,5,4,Champions
110259,2025-11-06,56,1,30.31,4,2,1,Potential Loyalists
110260,2025-10-11,82,5,936.51,4,4,3,Loyal
110263,2025-09-15,108,13,5847.99,4,5,5,Champions
110265,2023-09-30,824,1,231.01,1,2,1,Lost
110266,2024-02-23,678,5,1660.42,1,4,4,At Risk
110268,2025-08-11,143,2,403.89,3,3,2,Others
110269,2025-07-22,163,1,1255.16,3,2,3,Others
110270,2025-11-03,59,4,2185.5,4,4,4,Champions
110271,2025-12-09,23,4,802.15,5,4,3,Loyal
110272,2024-12-26,371,1,167.32,2,2,1,Lost
110273,2025-11-10,52,1,321.82,4,2,2,Potential Loyalists
110274,2025-10-11,82,6,1614.99,4,5,4,Champions
110275,2024-02-20,681,2,679.74,1,3,2,Others
110276,2025-08-05,149,1,24.36,3,2,1,Others
110277,2025-03-21,286,2,357.66,2,3,2,Others
110278,2025-10-23,70,4,1511.94,4,4,4,Champions
110280,2023-09-08,846,2,2186.7,1,3,4,Others
110281,2024-11-02,425,3,1522.78,2,4,4,At Risk
110282,2025-08-25,129,2,1232.69,3,3,3,Others
110283,2025-08-25,129,11,5001.26,3,5,5,Loyal
110284,2024-12-15,382,1,351.85,2,2,2,Lost
110286,2025-04-30,246,6,4071.9,3,5,5,Loyal
110287,2024-10-17,441,3,2449.26,2,4,4,At Risk
110288,2025-11-23,39,9,4560.15,5,5,5,Champions
110289,2024-03-02,670,2,268.22,1,3,1,Others
110290,2025-11-21,41,2,138.52,5,3,1,Potential Loyalists
110291,2024-05-20,591,3,387.25,1,4,2,Others
110293,2025-12-16,16,8,3021.07,5,5,5,Champions
110294,2025-07-26,159,3,964.33,3,4,3,Loyal
110295,2025-12-04,28,33,11982.83,5,5,5,Champions
110296,2025-11-29,33,4,908.29,5,4,3,Loyal
110297,2024-12-27,370,3,2875.2799999999997,2,4,5,At Risk
110298,2025-08-11,143,1,186.84,3,2,1,Others
110299,2025-12-30,2,5,1894.1,5,4,4,Champions
110300,2025-12-16,16,5,2123.14,5,4,4,Champions
110301,2025-02-01,334,2,306.82,2,3,2,Others
110302,2025-11-27,35,1,291.4,5,2,1,Potential Loyalists
110303,2025-12-30,2,4,1317.4299999999998,5,4,3,Loyal
110304,2024-05-03,608,6,1183.16,1,5,3,At Risk
110305,2024-06-19,561,1,684.78,1,2,2,Lost
110306,2025-09-09,114,10,5184.58,4,5,5,Champions
110307,2025-04-26,250,5,1419.26,3,4,4,Loyal
110308,2025-12-11,21,2,94.81,5,3,1,Potential Loyalists
110310,2025-11-26,36,1,54.73,5,2,1,Potential Loyalists
110311,2025-09-30,93,2,909.9,4,3,3,Potential Loyalists
110312,2025-12-15,17,1,284.2,5,2,1,Potential Loyalists
110314,2024-09-16,472,1,204.49,2,2,1,Lost
110315,2023-09-21,833,1,196.78000000000003,1,2,1,Lost
110316,2024-04-18,623,2,859.4399999999999,1,3,3,Others
110317,2025-07-04,181,4,2120.96,3,4,4,Loyal
110318,2024-12-30,367,1,160.77,2,2,1,Lost
110319,2025-03-19,288,1,947.92,2,2,3,Lost
110320,2024-11-25,402,5,1699.95,2,4,4,At Risk
110321,2025-07-22,163,9,6368.24,3,5,5,Loyal
110323,2023-05-28,949,1,734.9300000000001,1,2,3,Lost
110325,2025-12-02,30,5,1110.49,5,4,3,Loyal
110326,2025-09-23,100,6,2513.66,4,5,4,Champions
110327,2025-08-22,132,2,1721.32,3,3,4,Others
110329,2024-12-26,371,1,208.02,2,2,1,Lost
110331,2025-11-11,51,1,438.75,4,2,2,Potential Loyalists
110332,2024-12-30,367,3,680.76,2,4,2,Others
110333,2025-11-28,34,12,3815.77,5,5,5,Champions
110334,2025-11-20,42,20,6376.02,4,5,5,Champions
110338,2025-11-18,44,10,4732.34,4,5,5,Champions
110340,2023-07-22,894,1,208.17,1,2,1,Lost
110341,2025-10-03,90,7,1225.72,4,5,3,Loyal
110342,2025-10-22,71,3,4251.0199999999995,4,4,5,Champions
110343,2025-10-19,74,9,4234.65,4,5,5,Champions
110346,2025-09-04,119,1,325.0,4,2,2,Potential Loyalists
110347,2024-10-22,436,3,1897.79,2,4,4,At Risk
110348,2024-12-05,392,9,5142.89,2,5,5,At Risk
110350,2023-12-19,744,2,401.08,1,3,2,Others
110351,2025-09-12,111,4,1575.26,4,4,4,Champions
110352,2025-06-27,188,4,2349.5,3,4,4,Loyal
110353,2024-09-03,485,4,2028.19,2,4,4,At Risk
110354,2024-11-06,421,2,1185.1,2,3,3,Others
110355,2025-09-29,94,3,1506.57,4,4,4,Champions
110356,2024-10-13,445,4,1410.84,2,4,4,At Risk
110357,2025-10-24,69,8,4077.58,4,5,5,Champions
110359,2024-07-26,524,3,263.1,2,4,1,Others
110362,2025-06-05,210,3,553.72,3,4,2,Others
110363,2025-12-22,10,6,582.25,5,5,2,Others
110365,2023-07-06,910,2,719.75,1,3,2,Others
110367,2025-12-29,3,8,4602.03,5,5,5,Champions
110370,2024-11-15,412,4,1588.19,2,4,4,At Risk
110371,2025-12-22,10,6,5639.39,5,5,5,Champions
110372,2024-01-16,716,2,1091.57,1,3,3,Others
110373,2025-09-07,116,3,4838.86,4,4,5,Champions
110374,2025-02-14,321,6,2064.39,2,5,4,At Risk
110375,2025-09-10,113,4,4692.87,4,4,5,Champions
110377,2025-08-10,144,5,3294.33,3,4,5,Loyal
110378,2025-04-29,247,2,608.79,3,3,2,Others
110379,2025-03-07,300,1,127.6,2,2,1,Lost
110381,2025-11-26,36,8,2824.63,5,5,5,Champions
110382,2023-06-04,942,1,188.89,1,2,1,Lost
110384,2023-11-24,769,1,317.01,1,2,2,Lost
110385,2025-12-10,22,2,1313.26,5,3,3,Potential Loyalists
110386,2025-05-30,216,1,126.22,3,2,1,Others
110387,2025-07-04,181,6,3673.65,3,5,5,Loyal
110389,2025-09-04,119,4,1704.98,4,4,4,Champions
110390,2025-04-08,268,3,1933.9299999999998,3,4,4,Loyal
110391,2025-10-03,90,2,257.93,4,3,1,Potential Loyalists
110392,2025-03-26,281,9,2250.82,3,5,4,Loyal
110393,2025-06-24,191,9,2484.51,3,5,4,Loyal
110394,2023-12-13,750,3,3569.2000000000003,1,4,5,At Risk
110396,2025-11-27,35,3,2475.52,5,4,4,Champions
110397,2024-12-25,372,1,1077.1000000000001,2,2,3,Lost
110398,2024-06-28,552,5,1710.98,1,4,4,At Risk
110399,2025-04-08,268,2,1188.34,3,3,3,Others
110400,2025-11-23,39,1,86.77000000000001,5,2,1,Potential Loyalists
110401,2025-07-22,163,3,737.0,3,4,3,Loyal
110402,2025-04-15,261,1,180.17000000000002,3,2,1,Others
110404,2025-11-07,55,7,2344.2599999999998,4,5,4,Champions
110406,2024-12-11,386,2,427.7,2,3,2,Others
110407,2023-10-13,811,1,54.15,1,2,1,Lost
110408,2024-01-03,729,2,809.99,1,3,3,Others
110409,2025-10-02,91,1,3013.7000000000003,4,2,5,Potential Loyalists
110411,2025-06-04,211,3,687.53,3,4,2,Others
110412,2023-09-19,835,1,67.11,1,2,1,Lost
110413,2024-08-06,513,1,222.59,2,2,1,Lost
110415,2025-11-02,60,3,332.08000000000004,4,4,2,Others
110416,2025-09-10,113,1,507.16999999999996,4,2,2,Potential Loyalists
110417,2025-07-31,154,2,369.18,3,3,2,Others
110418,2024-12-02,395,5,5689.36,2,4,5,At Risk
110420,2024-06-04,576,1,676.52,1,2,2,Lost
110423,2025-09-22,101,2,1348.1100000000001,4,3,3,Potential Loyalists
110424,2025-11-25,37,6,1810.07,5,5,4,Champions
110426,2025-12-21,11,11,3924.09,5,5,5,Champions
110427,2025-08-28,126,5,1491.79,4,4,4,Champions
110428,2023-07-07,909,1,71.35,1,2,1,Lost
110429,2025-06-11,204,6,1313.38,3,5,3,Loyal
110430,2025-12-12,20,3,829.56,5,4,3,Loyal
110433,2025-12-28,4,76,30181.29,5,5,5,Champions
110435,2023-01-02,1095,1,44.73,1,2,1,Lost
110436,2025-10-05,88,7,4880.07,4,5,5,Champions
110437,2025-10-23,70,3,820.8,4,4,3,Loyal
110438,2025-02-09,326,2,3386.68,2,3,5,Others
110439,2025-12-29,3,6,6875.849999999999,5,5,5,Champions
110440,2025-07-25,160,6,1814.71,3,5,4,Loyal
110442,2025-02-03,332,4,4456.2,2,4,5,At Risk
110443,2025-10-02,91,1,28.25,4,2,1,Potential Loyalists
110444,2023-12-04,759,1,171.85999999999999,1,2,1,Lost
110445,2024-12-20,377,1,581.27,2,2,2,Lost
110446,2023-03-31,1007,1,127.36,1,2,1,Lost
110447,2024-04-18,623,2,57.17,1,3,1,Others
110448,2024-02-19,682,1,51.54,1,2,1,Lost
110450,2024-11-30,397,3,2051.07,2,4,4,At Risk
110451,2024-08-19,500,2,2031.6100000000001,2,3,4,Others
110453,2025-04-19,257,1,929.74,3,2,3,Others
110454,2024-12-30,367,3,372.8,2,4,2,Others
110455,2025-06-12,203,2,1423.97,3,3,4,Others
110457,2025-03-19,288,3,606.95,2,4,2,Others
110459,2024-01-25,707,1,1558.05,1,2,4,Lost
110460,2025-12-28,4,1,27.08,5,2,1,Potential Loyalists
110462,2025-12-28,4,2,956.73,5,3,3,Potential Loyalists
110464,2025-12-16,16,4,3607.94,5,4,5,Champions
110466,2025-06-07,208,3,999.96,3,4,3,Loyal
110467,2024-03-25,647,2,2232.09,1,3,4,Others
110468,2025-11-05,57,8,3746.29,4,5,5,Champions
110469,2025-11-22,40,6,7099.9,5,5,5,Champions
110470,2024-06-23,557,2,1274.75,1,3,3,Others
110471,2025-11-19,43,2,192.05,4,3,1,Potential Loyalists
110472,2025-11-18,44,2,1952.6399999999999,4,3,4,Potential Loyalists
110473,2024-12-04,393,5,2269.61,2,4,4,At Risk
110474,2025-06-23,192,9,3476.45,3,5,5,Loyal
110476,2025-12-02,30,14,4366.27,5,5,5,Champions
110477,2025-06-14,201,4,1086.19,3,4,3,Loyal
110478,2025-11-07,55,1,135.36,4,2,1,Potential Loyalists
110480,2023-08-26,859,1,86.56,1,2,1,Lost
110481,2024-09-26,462,1,432.13,2,2,2,Lost
110482,2025-11-06,56,6,2358.49,4,5,4,Champions
110484,2024-08-29,490,1,385.12,2,2,2,Lost
110487,2024-12-28,369,4,1632.0,2,4,4,At Risk
110488,2024-09-12,476,1,176.22,2,2,1,Lost
110489,2024-05-16,595,2,548.9300000000001,1,3,2,Others
110490,2023-11-22,771,1,414.92,1,2,2,Lost
110491,2024-09-13,475,1,123.11,2,2,1,Lost
110492,2025-06-14,201,2,1985.3000000000002,3,3,4,Others
110493,2025-11-05,57,1,384.28999999999996,4,2,2,Potential Loyalists
110494,2025-01-01,365,1,513.3199999999999,2,2,2,Lost
110497,2025-12-25,7,3,648.52,5,4,2,Others
110498,2025-12-27,5,5,1880.92,5,4,4,Champions
110499,2024-12-12,385,1,132.43,2,2,1,Lost
110502,2025-06-01,214,1,437.29999999999995,3,2,2,Others
110504,2025-09-01,122,3,609.06,4,4,2,Others
110506,2025-08-17,137,5,827.6400000000001,3,4,3,Loyal
110509,2024-03-19,653,1,65.57,1,2,1,Lost
110510,2024-08-29,490,1,1823.76,2,2,4,Lost
110511,2025-11-17,45,10,6039.78,4,5,5,Champions
110512,2023-12-22,741,2,490.73,1,3,2,Others
110513,2023-07-28,888,1,522.0,1,2,2,Lost
110514,2025-10-30,63,4,546.81,4,4,2,Others
110516,2024-02-13,688,3,1630.8600000000001,1,4,4,At Risk
110517,2025-03-03,304,4,2753.4700000000003,2,4,5,At Risk
110518,2025-11-19,43,3,369.63,4,4,2,Others
110519,2025-12-15,17,2,577.96,5,3,2,Potential Loyalists
110520,2025-12-18,14,1,20.99,5,2,1,Potential Loyalists
110521,2024-12-05,392,2,286.05,2,3,1,Others
110522,2024-05-07,604,1,140.73,1,2,1,Lost
110523,2024-08-03,516,1,170.02,2,2,1,Lost
110524,2025-06-29,186,1,54.44,3,2,1,Others
110525,2025-12-18,14,3,698.98,5,4,2,Others
110526,2025-05-26,220,5,1804.91,3,4,4,Loyal
110527,2025-10-28,65,6,4486.98,4,5,5,Champions
110528,2025-04-24,252,2,121.17000000000002,3,3,1,Others
110529,2025-12-22,10,2,914.02,5,3,3,Potential Loyalists
110530,2025-10-05,88,2,581.31,4,3,2,Potential Loyalists
110532,2023-10-25,799,1,124.23,1,2,1,Lost
110533,2024-03-31,641,2,1515.55,1,3,4,Others
110535,2025-09-14,109,2,701.79,4,3,2,Potential Loyalists
110536,2025-04-23,253,1,724.0699999999999,3,2,2,Others
110538,2025-07-22,163,8,3192.2799999999997,3,5,5,Loyal
110539,2025-06-30,185,1,156.76,3,2,1,Others
110540,2025-10-26,67,2,1766.08,4,3,4,Potential Loyalists
110541,2025-03-12,295,3,1741.14,2,4,4,At Risk
110542,2025-11-21,41,2,839.1899999999999,5,3,3,Potential Loyalists
110543,2025-11-23,39,4,1820.5900000000001,5,4,4,Champions
110544,2025-11-27,35,6,1340.3,5,5,3,Loyal
110545,2025-12-19,13,1,572.45,5,2,2,Potential Loyalists
110546,2025-10-26,67,1,1321.25,4,2,3,Potential Loyalists
110547,2024-01-03,729,3,1140.53,1,4,3,At Risk
110550,2024-07-15,535,6,3568.96,1,5,5,At Risk
110551,2025-01-12,354,3,2865.84,2,4,5,At Risk
110552,2023-11-13,780,2,2566.31,1,3,4,Others
110553,2025-10-01,92,4,1026.51,4,4,3,Loyal
110554,2024-11-12,415,3,1622.99,2,4,4,At Risk
110556,2023-03-29,1009,1,104.61,1,2,1,Lost
110557,2024-09-08,480,1,44.61,2,2,1,Lost
110558,2025-12-28,4,11,4330.48,5,5,5,Champions
110560,2023-08-10,875,1,190.97,1,2,1,Lost
110561,2025-08-04,150,5,3353.66,3,4,5,Loyal
110562,2025-08-01,153,8,6012.51,3,5,5,Loyal
110564,2025-12-10,22,5,707.08,5,4,2,Others
110565,2025-07-02,183,9,4003.3399999999997,3,5,5,Loyal
110566,2025-02-20,315,2,779.93,2,3,3,Others
110568,2025-10-11,82,9,6504.68,4,5,5,Champions
110571,2025-12-13,19,4,2205.83,5,4,4,Champions
110572,2025-03-18,289,3,7209.31,2,4,5,At Risk
110573,2025-11-18,44,8,2249.31,4,5,4,Champions
110574,2025-04-14,262,3,3423.2200000000003,3,4,5,Loyal
110576,2023-12-31,732,1,357.91999999999996,1,2,2,Lost
110577,2025-10-02,91,6,1836.27,4,5,4,Champions
110578,2025-04-15,261,2,526.37,3,3,2,Others
110579,2025-11-30,32,4,1144.92,5,4,3,Loyal
110580,2025-11-08,54,6,3202.73,4,5,5,Champions
110581,2025-12-23,9,5,317.85,5,4,2,Others
110582,2025-07-07,178,2,3076.54,3,3,5,Others
110583,2025-07-29,156,7,1638.51,3,5,4,Loyal
110584,2025-07-21,164,3,1272.54,3,4,3,Loyal
110585,2025-12-31,1,6,7147.77,5,5,5,Champions
110586,2024-10-24,434,2,3936.7400000000002,2,3,5,Others
110587,2025-04-12,264,2,829.71,3,3,3,Others
110588,2025-10-29,64,4,854.96,4,4,3,Loyal
110589,2025-08-06,148,2,504.62,3,3,2,Others
110590,2024-12-21,376,2,1209.44,2,3,3,Others
110591,2025-03-19,288,4,1804.51,2,4,4,At Risk
110592,2023-06-03,943,1,477.03000000000003,1,2,2,Lost
110593,2024-04-24,617,2,1363.3600000000001,1,3,3,Others
110595,2025-11-07,55,3,540.68,4,4,2,Others
110596,2025-05-26,220,4,686.38,3,4,2,Others
110597,2025-08-07,147,3,1451.26,3,4,4,Loyal
110599,2025-12-16,16,11,4613.37,5,5,5,Champions
110600,2025-12-28,4,14,7420.46,5,5,5,Champions
110601,2025-07-18,167,24,15081.83,3,5,5,Loyal
110602,2024-12-29,368,2,843.17,2,3,3,Others
110603,2023-03-14,1024,1,141.05,1,2,1,Lost
110604,2025-11-12,50,2,188.67000000000002,4,3,1,Potential Loyalists
110605,2025-11-03,59,6,2703.9700000000003,4,5,5,Champions
110607,2023-06-16,930,1,521.44,1,2,2,Lost
110608,2025-12-30,2,1,48.05,5,2,1,Potential Loyalists
110609,2025-08-22,132,2,911.9,3,3,3,Others
110610,2025-05-15,231,2,518.16,3,3,2,Others
110611,2025-12-31,1,9,3511.25,5,5,5,Champions
110612,2025-03-20,287,2,1681.76,2,3,4,Others
110613,2025-12-12,20,3,1944.33,5,4,4,Champions
110614,2023-06-16,930,1,3258.1800000000003,1,2,5,Lost
110616,2025-06-25,190,7,4279.63,3,5,5,Loyal
110617,2025-05-01,245,2,1104.89,3,3,3,Others
110618,2024-08-14,505,1,117.33,2,2,1,Lost
110619,2024-09-29,459,6,2377.32,2,5,4,At Risk
110620,2025-11-21,41,1,1109.28,5,2,3,Potential Loyalists
110622,2024-10-22,436,5,1005.6700000000001,2,4,3,At Risk
110623,2024-03-25,647,2,915.6800000000001,1,3,3,Others
110624,2025-11-16,46,2,207.8,4,3,1,Potential Loyalists
110626,2025-05-25,221,1,261.21,3,2,1,Others
110627,2025-12-13,19,2,1330.51,5,3,3,Potential Loyalists
110628,2025-04-15,261,2,925.64,3,3,3,Others
110629,2024-06-03,577,1,512.49,1,2,2,Lost
110630,2025-11-28,34,2,1334.89,5,3,3,Potential Loyalists
110631,2025-11-10,52,3,444.48,4,4,2,Others
110634,2025-08-31,123,1,1105.87,4,2,3,Potential Loyalists
110635,2025-09-28,95,5,1064.38,4,4,3,Loyal
110638,2025-05-21,225,3,1429.61,3,4,4,Loyal
110639,2024-10-03,455,2,932.23,2,3,3,Others
110640,2025-05-17,229,3,2913.94,3,4,5,Loyal
110643,2024-07-06,544,3,1941.75,1,4,4,At Risk
110644,2025-05-16,230,7,4311.81,3,5,5,Loyal
110645,2024-11-29,398,6,1792.5400000000002,2,5,4,At Risk
110646,2025-10-26,67,2,210.34,4,3,1,Potential Loyalists
110647,2025-10-08,85,4,677.4399999999999,4,4,2,Others
110649,2025-10-27,66,12,6500.4,4,5,5,Champions
110650,2025-11-05,57,11,4556.82,4,5,5,Champions
110651,2025-10-16,77,2,1005.8199999999999,4,3,3,Potential Loyalists
110652,2024-07-05,545,6,5503.16,1,5,5,At Risk
110653,2024-08-11,508,2,711.45,2,3,2,Others
110654,2025-11-25,37,2,566.3100000000001,5,3,2,Potential Loyalists
110658,2023-09-02,852,1,327.33,1,2,2,Lost
110659,2023-11-04,789,4,1945.7199999999998,1,4,4,At Risk
110660,2023-07-21,895,2,2352.81,1,3,4,Others
110661,2025-09-19,104,6,3601.79,4,5,5,Champions
110663,2025-01-13,353,3,960.2199999999999,2,4,3,At Risk
110664,2025-12-04,28,5,1537.34,5,4,4,Champions
110665,2025-09-30,93,3,514.46,4,4,2,Others
110666,2025-10-01,92,3,1195.08,4,4,3,Loyal
110667,2025-11-22,40,2,373.81,5,3,2,Potential Loyalists
110668,2025-05-26,220,3,1343.9,3,4,3,Loyal
110669,2025-05-12,234,10,5058.4,3,5,5,Loyal
110671,2025-11-05,57,2,960.8100000000001,4,3,3,Potential Loyalists
110672,2025-09-04,119,12,3678.14,4,5,5,Champions
110673,2023-01-28,1069,1,299.65,1,2,2,Lost
110674,2024-06-18,562,1,42.1,1,2,1,Lost
110678,2025-11-18,44,2,559.39,4,3,2,Potential Loyalists
110679,2025-12-16,16,6,3743.0,5,5,5,Champions
110680,2025-11-16,46,4,1301.33,4,4,3,Loyal
110682,2024-12-15,382,2,132.16000000000003,2,3,1,Others
110683,2025-02-07,328,2,1358.81,2,3,3,Others
110684,2024-01-02,730,2,964.7,1,3,3,Others
110687,2023-09-30,824,1,467.49,1,2,2,Lost
110688,2024-07-27,523,2,1291.7,2,3,3,Others
110689,2025-07-10,175,5,2864.92,3,4,5,Loyal
110690,2025-09-28,95,10,4854.89,4,5,5,Champions
110691,2025-10-10,83,2,1302.26,4,3,3,Potential Loyalists
110694,2025-03-12,295,5,993.02,2,4,3,At Risk
110695,2025-05-02,244,2,736.52,3,3,3,Others
110696,2025-12-28,4,3,825.75,5,4,3,Loyal
110697,2023-06-20,926,1,426.72,1,2,2,Lost
110698,2025-12-13,19,1,1584.35,5,2,4,Potential Loyalists
110702,2025-12-04,28,18,8644.01,5,5,5,Champions
110705,2024-12-25,372,1,884.87,2,2,3,Lost
110706,2024-09-15,473,4,6158.17,2,4,5,At Risk
110708,2024-12-06,391,2,831.99,2,3,3,Others
110709,2025-06-02,213,2,176.0,3,3,1,Others
110710,2024-03-10,662,2,326.02,1,3,2,Others
110713,2025-10-01,92,5,903.6099999999999,4,4,3,Loyal
110714,2025-10-11,82,4,2549.35,4,4,4,Champions
110715,2025-04-12,264,3,1429.64,3,4,4,Loyal
110716,2024-11-16,411,4,1964.3100000000002,2,4,4,At Risk
110717,2025-10-23,70,9,5570.92,4,5,5,Champions
110718,2025-12-28,4,7,5354.6900000000005,5,5,5,Champions
110719,2024-03-22,650,1,407.42,1,2,2,Lost
110720,2023-06-20,926,1,279.58,1,2,1,Lost
110721,2025-12-14,18,5,2279.39,5,4,4,Champions
110722,2025-05-06,240,2,242.21,3,3,1,Others
110723,2023-09-30,824,2,1324.85,1,3,3,Others
110724,2025-04-03,273,3,1857.51,3,4,4,Loyal
110726,2025-12-29,3,9,1533.02,5,5,4,Champions
110727,2025-06-18,197,5,3451.01,3,4,5,Loyal
110729,2024-11-18,409,1,128.76,2,2,1,Lost
110730,2025-07-23,162,9,3458.64,3,5,5,Loyal
110731,2025-12-19,13,1,20.2,5,2,1,Potential Loyalists
110732,2023-03-20,1018,1,278.37,1,2,1,Lost
110733,2024-07-01,549,4,983.51,1,4,3,At Risk
110734,2025-12-27,5,1,79.86,5,2,1,Potential Loyalists
110735,2025-11-21,41,7,4241.85,5,5,5,Champions
110736,2025-02-03,332,3,3947.21,2,4,5,At Risk
110738,2025-10-23,70,2,345.94,4,3,2,Potential Loyalists
110739,2023-11-30,763,1,101.14,1,2,1,Lost
110741,2025-02-21,314,5,1988.49,2,4,4,At Risk
110742,2025-10-29,64,3,705.88,4,4,2,Others
110743,2023-01-13,1084,1,1060.12,1,2,3,Lost
110744,2025-04-14,262,3,1623.3,3,4,4,Loyal
110745,2025-12-31,1,1,51.45,5,2,1,Potential Loyalists
110746,2025-11-17,45,4,3318.96,4,4,5,Champions
110747,2024-06-14,566,2,498.83000000000004,1,3,2,Others
110748,2025-03-25,282,7,4946.05,3,5,5,Loyal
110749,2025-05-17,229,1,249.85,3,2,1,Others
110750,2024-09-18,470,4,1540.44,2,4,4,At Risk
110751,2024-03-28,644,2,1414.27,1,3,4,Others
110752,2025-10-20,73,2,968.97,4,3,3,Potential Loyalists
110753,2025-06-23,192,2,693.8299999999999,3,3,2,Others
110754,2025-03-09,298,2,1084.67,2,3,3,Others
110755,2025-08-03,151,6,3185.98,3,5,5,Loyal
110756,2024-12-14,383,5,3195.1800000000003,2,4,5,At Risk
110757,2025-12-20,12,6,1875.02,5,5,4,Champions
110759,2025-08-26,128,11,3991.59,3,5,5,Loyal
110761,2023-06-12,934,1,1297.32,1,2,3,Lost
110762,2025-12-21,11,2,1445.2,5,3,4,Potential Loyalists
110763,2024-08-20,499,4,808.73,2,4,3,At Risk
110765,2025-09-09,114,1,58.73,4,2,1,Potential Loyalists
110766,2023-12-17,746,1,643.02,1,2,2,Lost
110771,2024-01-15,717,1,95.96,1,2,1,Lost
110772,2024-07-20,530,3,434.64,2,4,2,Others
110773,2023-06-22,924,1,61.74,1,2,1,Lost
110774,2023-12-06,757,1,80.07,1,2,1,Lost
110776,2024-09-12,476,2,373.14,2,3,2,Others
110777,2025-12-16,16,3,1664.6100000000001,5,4,4,Champions
110779,2023-06-16,930,1,476.14,1,2,2,Lost
110780,2025-03-24,283,4,1206.82,2,4,3,At Risk
110781,2024-05-18,593,2,348.72,1,3,2,Others
110783,2025-10-20,73,8,4311.67,4,5,5,Champions
110786,2023-05-04,973,1,209.09,1,2,1,Lost
110787,2024-08-20,499,4,1544.04,2,4,4,At Risk
110789,2024-12-11,386,2,186.34,2,3,1,Others
110790,2024-12-18,379,4,1073.42,2,4,3,At Risk
110792,2024-02-28,673,2,664.5699999999999,1,3,2,Others
110794,2025-10-29,64,3,2124.24,4,4,4,Champions
110795,2024-12-10,387,2,449.4,2,3,2,Others
110798,2025-07-14,171,4,1076.3999999999999,3,4,3,Loyal
110800,2025-08-04,150,3,1548.71,3,4,4,Loyal
110801,2025-08-21,133,8,4914.87,3,5,5,Loyal
110802,2025-07-12,173,6,3739.33,3,5,5,Loyal
110804,2024-04-21,620,1,549.8,1,2,2,Lost
110805,2024-05-11,600,1,100.36999999999999,1,2,1,Lost
110806,2025-04-08,268,4,1599.8000000000002,3,4,4,Loyal
110807,2024-12-15,382,1,484.9,2,2,2,Lost
110808,2023-08-08,877,2,1144.3,1,3,3,Others
110815,2023-10-28,796,2,246.76,1,3,1,Others
110816,2025-08-12,142,1,89.01,3,2,1,Others
110819,2024-05-03,608,1,1041.75,1,2,3,Lost
110820,2024-12-07,390,1,353.81,2,2,2,Lost
110821,2025-12-12,20,7,3456.46,5,5,5,Champions
110823,2025-08-20,134,1,1136.86,3,2,3,Others
110824,2024-12-01,396,3,968.9100000000001,2,4,3,At Risk
110826,2025-10-04,89,5,2125.65,4,4,4,Champions
110827,2024-02-06,695,2,1556.4299999999998,1,3,4,Others
110828,2024-03-20,652,1,115.41,1,2,1,Lost
110829,2025-07-15,170,2,88.27000000000001,3,3,1,Others
110830,2025-10-06,87,7,1516.6200000000001,4,5,4,Champions
110831,2025-04-21,255,1,484.25,3,2,2,Others
110832,2025-04-30,246,2,512.79,3,3,2,Others
110833,2025-02-02,333,6,4452.85,2,5,5,At Risk
110835,2025-06-16,199,4,3027.42,3,4,5,Loyal
110837,2024-12-26,371,4,1290.1,2,4,3,At Risk
110838,2023-10-11,813,1,305.78999999999996,1,2,2,Lost
110843,2025-04-21,255,2,1332.1599999999999,3,3,3,Others
110844,2025-11-27,35,3,592.1700000000001,5,4,2,Others
110845,2025-10-02,91,4,1432.9,4,4,4,Champions
110847,2025-09-28,95,7,1077.25,4,5,3,Loyal
110850,2023-10-19,805,2,2906.2000000000003,1,3,5,Others
110851,2025-07-16,169,6,2584.37,3,5,4,Loyal
110852,2025-12-12,20,2,244.54,5,3,1,Potential Loyalists
110853,2025-11-19,43,2,1075.39,4,3,3,Potential Loyalists
110854,2025-11-03,59,2,1281.37,4,3,3,Potential Loyalists
110855,2025-12-27,5,4,2029.3,5,4,4,Champions
110856,2025-11-10,52,4,2241.83,4,4,4,Champions
110857,2024-05-05,606,1,46.63,1,2,1,Lost
110858,2024-02-01,700,1,686.6700000000001,1,2,2,Lost
110859,2023-01-08,1089,1,477.6,1,2,2,Lost
110860,2025-06-14,201,2,1166.49,3,3,3,Others
110861,2024-03-23,649,2,2489.84,1,3,4,Others
110862,2025-06-03,212,3,974.0600000000001,3,4,3,Loyal
110863,2025-12-17,15,8,1815.56,5,5,4,Champions
110864,2024-04-06,635,1,89.67,1,2,1,Lost
110866,2024-04-08,633,3,947.6600000000001,1,4,3,At Risk
110868,2025-05-04,242,2,1487.79,3,3,4,Others
110869,2025-03-15,292,3,1094.2,2,4,3,At Risk
110870,2025-12-15,17,10,3643.46,5,5,5,Champions
110871,2025-04-20,256,1,212.3,3,2,1,Others
110872,2025-06-19,196,2,734.69,3,3,3,Others
110873,2025-11-11,51,8,6978.99,4,5,5,Champions
110877,2025-08-02,152,2,1699.4299999999998,3,3,4,Others
110878,2025-10-02,91,2,257.09,4,3,1,Potential Loyalists
110879,2024-01-13,719,3,1946.43,1,4,4,At Risk
110883,2025-02-03,332,3,829.06,2,4,3,At Risk
110884,2025-07-17,168,4,1652.69,3,4,4,Loyal
110886,2025-08-01,153,2,488.07,3,3,2,Others
110887,2025-07-17,168,2,2465.94,3,3,4,Others
110889,2025-03-07,300,2,2031.08,2,3,4,Others
110891,2025-12-20,12,6,2978.32,5,5,5,Champions
110893,2025-09-13,110,5,2858.11,4,4,5,Champions
110894,2025-06-26,189,6,4830.96,3,5,5,Loyal
110895,2025-10-06,87,2,2500.83,4,3,4,Potential Loyalists
110897,2025-01-27,339,4,6460.08,2,4,5,At Risk
110898,2025-07-27,158,4,3617.88,3,4,5,Loyal
110899,2025-06-09,206,3,869.21,3,4,3,Loyal
110900,2025-08-26,128,5,1954.62,3,4,4,Loyal
110902,2025-10-03,90,2,1127.1100000000001,4,3,3,Potential Loyalists
110903,2025-11-03,59,3,983.1800000000001,4,4,3,Loyal
110904,2024-05-05,606,1,476.92,1,2,2,Lost
110905,2025-08-10,144,2,328.26,3,3,2,Others
110906,2025-07-26,159,5,4185.72,3,4,5,Loyal
110907,2025-06-22,193,11,5824.43,3,5,5,Loyal
110908,2025-10-25,68,4,1881.6499999999999,4,4,4,Champions
110911,2023-11-14,779,1,43.7,1,2,1,Lost
110912,2025-05-12,234,2,264.09000000000003,3,3,1,Others
110914,2025-12-22,10,9,4323.64,5,5,5,Champions
110917,2025-12-13,19,3,1978.7,5,4,4,Champions
110918,2025-11-13,49,2,1538.6200000000001,4,3,4,Potential Loyalists
110919,2025-07-28,157,1,447.65999999999997,3,2,2,Others
110920,2023-12-22,741,4,4019.5499999999997,1,4,5,At Risk
110921,2025-09-03,120,3,1537.81,4,4,4,Champions
110922,2025-11-30,32,3,303.24,5,4,2,Others
110923,2025-01-03,363,2,455.82,2,3,2,Others
110924,2025-02-12,323,4,2143.0299999999997,2,4,4,At Risk
110925,2025-10-21,72,3,360.14,4,4,2,Others
110926,2025-01-30,336,9,7468.07,2,5,5,At Risk
110928,2024-12-26,371,5,1910.69,2,4,4,At Risk
110929,2024-12-19,378,2,1366.06,2,3,3,Others
110931,2025-09-07,116,1,75.96000000000001,4,2,1,Potential Loyalists
110932,2023-09-11,843,2,529.37,1,3,2,Others
110933,2025-01-04,362,3,1801.78,2,4,4,At Risk
110935,2024-02-15,686,1,404.34000000000003,1,2,2,Lost
110938,2025-12-19,13,4,1178.3899999999999,5,4,3,Loyal
110939,2023-03-15,1023,1,1382.79,1,2,3,Lost
110940,2024-07-22,528,2,543.54,2,3,2,Others
110941,2025-04-02,274,1,451.28,3,2,2,Others
110942,2024-10-07,451,1,21.01,2,2,1,Lost
110943,2025-11-27,35,2,264.68,5,3,1,Potential Loyalists
110944,2025-10-03,90,4,1019.23,4,4,3,Loyal
110945,2025-03-15,292,2,826.8,2,3,3,Others
110946,2024-09-08,480,1,1126.8200000000002,2,2,3,Lost
110947,2025-11-29,33,17,5067.99,5,5,5,Champions
110948,2025-07-28,157,4,3729.4100000000003,3,4,5,Loyal
110949,2025-12-23,9,1,155.02,5,2,1,Potential Loyalists
110950,2023-11-13,780,2,816.23,1,3,3,Others
110951,2025-12-30,2,18,13277.6,5,5,5,Champions
110952,2023-11-13,780,3,193.9,1,4,1,Others
110953,2024-08-27,492,2,688.99,2,3,2,Others
110954,2025-03-02,305,1,441.6,2,2,2,Lost
110955,2023-06-13,933,1,136.56,1,2,1,Lost
110957,2025-10-18,75,3,1299.49,4,4,3,Loyal
110959,2024-12-12,385,3,528.37,2,4,2,Others
110961,2023-05-14,963,1,286.26,1,2,1,Lost
110962,2025-12-28,4,5,819.49,5,4,3,Loyal
110963,2024-08-11,508,1,173.3,2,2,1,Lost
110965,2024-03-27,645,2,970.37,1,3,3,Others
110966,2025-10-10,83,2,316.72999999999996,4,3,2,Potential Loyalists
110967,2025-11-07,55,7,2727.77,4,5,5,Champions
110969,2025-09-21,102,2,309.58,4,3,2,Potential Loyalists
110970,2025-06-02,213,5,2542.75,3,4,4,Loyal
110971,2024-07-15,535,1,1206.44,1,2,3,Lost
110972,2023-09-08,846,1,234.12,1,2,1,Lost
110973,2023-12-14,749,1,139.35999999999999,1,2,1,Lost
110974,2023-12-20,743,2,1532.5,1,3,4,Others
110975,2025-11-28,34,7,2823.7,5,5,5,Champions
110977,2025-11-17,45,11,3696.6800000000003,4,5,5,Champions
110979,2024-09-24,464,4,2434.84,2,4,4,At Risk
110980,2025-12-30,2,16,5887.72,5,5,5,Champions
110981,2025-10-10,83,9,3603.29,4,5,5,Champions
110983,2023-08-30,855,1,1110.89,1,2,3,Lost
110985,2025-09-16,107,5,2585.32,4,4,4,Champions
110986,2025-06-02,213,1,576.27,3,2,2,Others
110988,2025-03-09,298,1,407.2,2,2,2,Lost
110989,2025-10-05,88,5,2762.31,4,4,5,Champions
110990,2025-06-02,213,2,1025.31,3,3,3,Others
110991,2025-07-22,163,3,460.51,3,4,2,Others
110992,2024-11-25,402,2,109.21,2,3,1,Others
110994,2025-07-29,156,5,1174.49,3,4,3,Loyal
110996,2025-09-08,115,1,335.54,4,2,2,Potential Loyalists
110998,2023-12-14,749,1,654.54,1,2,2,Lost
110999,2025-12-26,6,19,9016.55,5,5,5,Champions
111001,2023-06-09,937,1,199.64,1,2,1,Lost
111003,2025-02-09,326,1,201.51,2,2,1,Lost
111004,2025-05-09,237,4,1541.2,3,4,4,Loyal
111005,2025-12-15,17,3,1075.27,5,4,3,Loyal
111007,2025-12-04,28,2,1515.88,5,3,4,Potential Loyalists
111009,2025-04-19,257,3,842.3000000000001,3,4,3,Loyal
111010,2023-07-20,896,2,925.83,1,3,3,Others
111011,2025-08-28,126,6,4343.69,4,5,5,Champions
111012,2025-07-31,154,7,4184.45,3,5,5,Loyal
111013,2025-06-01,214,2,422.13,3,3,2,Others
111016,2025-02-04,331,4,3557.94,2,4,5,At Risk
111017,2025-11-05,57,1,304.45,4,2,2,Potential Loyalists
111018,2023-03-08,1030,1,729.1,1,2,2,Lost
111019,2025-02-16,319,3,869.09,2,4,3,At Risk
111020,2025-12-05,27,10,4222.66,5,5,5,Champions
111024,2024-06-16,564,1,96.93,1,2,1,Lost
111025,2025-12-05,27,3,3953.38,5,4,5,Champions
111026,2025-12-21,11,6,2800.1,5,5,5,Champions
111027,2025-01-01,365,1,738.46,2,2,3,Lost
111028,2024-05-05,606,1,259.94,1,2,1,Lost
111029,2025-05-04,242,6,992.81,3,5,3,Loyal
111030,2025-06-29,186,2,572.04,3,3,2,Others
111032,2024-07-16,534,2,992.87,1,3,3,Others
111033,2025-01-13,353,1,68.81,2,2,1,Lost
111034,2025-09-02,121,10,4358.81,4,5,5,Champions
111035,2025-06-04,211,2,1787.97,3,3,4,Others
111036,2024-06-08,572,1,173.35999999999999,1,2,1,Lost
111038,2025-12-07,25,14,11996.88,5,5,5,Champions
111042,2025-10-08,85,1,354.95000000000005,4,2,2,Potential Loyalists
111043,2025-07-23,162,1,616.9000000000001,3,2,2,Others
111044,2025-03-08,299,3,772.33,2,4,3,At Risk
111047,2023-12-01,762,1,332.69,1,2,2,Lost
111048,2025-12-30,2,2,1402.72,5,3,3,Potential Loyalists
111049,2025-01-05,361,2,1533.6,2,3,4,Others
111050,2024-07-08,542,1,352.19,1,2,2,Lost
111051,2025-06-28,187,2,465.40000000000003,3,3,2,Others
111052,2025-09-08,115,3,362.22,4,4,2,Others
111053,2024-08-02,517,1,28.42,2,2,1,Lost
111054,2025-03-12,295,1,412.28,2,2,2,Lost
111055,2024-06-03,577,1,435.95000000000005,1,2,2,Lost
111058,2024-01-06,726,2,1094.15,1,3,3,Others
111059,2025-01-24,342,1,713.31,2,2,2,Lost
111060,2025-10-10,83,6,2146.77,4,5,4,Champions
111061,2025-10-17,76,1,30.26,4,2,1,Potential Loyalists
111063,2024-01-05,727,1,56.13,1,2,1,Lost
111064,2023-08-04,881,2,1562.77,1,3,4,Others
111065,2024-07-30,520,2,109.3,2,3,1,Others
111067,2024-02-26,675,1,246.67000000000002,1,2,1,Lost
111068,2023-10-15,809,1,917.48,1,2,3,Lost
111069,2025-10-20,73,6,2413.55,4,5,4,Champions
111071,2024-03-21,651,1,482.02000000000004,1,2,2,Lost
111074,2023-09-19,835,3,2259.41,1,4,4,At Risk
111075,2023-04-29,978,1,96.86,1,2,1,Lost
111076,2024-08-09,510,1,48.16,2,2,1,Lost
111077,2025-06-29,186,4,1803.5900000000001,3,4,4,Loyal
111080,2025-12-12,20,1,376.33,5,2,2,Potential Loyalists
111082,2024-09-20,468,4,1621.9,2,4,4,At Risk
111084,2025-06-06,209,3,959.9,3,4,3,Loyal
111085,2025-10-16,77,3,608.15,4,4,2,Others
111086,2024-10-08,450,2,2400.82,2,3,4,Others
111087,2025-08-27,127,1,398.23,4,2,2,Potential Loyalists
111088,2025-07-19,166,9,4016.2599999999998,3,5,5,Loyal
111089,2025-11-21,41,13,4467.91,5,5,5,Champions
111090,2025-09-17,106,9,5471.62,4,5,5,Champions
111091,2025-10-22,71,5,2221.67,4,4,4,Champions
111092,2024-09-06,482,2,1334.8600000000001,2,3,3,Others
111093,2024-10-01,457,4,1578.3400000000001,2,4,4,At Risk
111094,2025-12-11,21,8,6016.77,5,5,5,Champions
111095,2025-08-08,146,1,926.5,3,2,3,Others
111097,2025-09-16,107,3,2758.91,4,4,5,Champions
111100,2025-01-05,361,4,2283.7999999999997,2,4,4,At Risk
111101,2025-06-06,209,1,327.19,3,2,2,Others
111102,2023-05-26,951,2,396.4,1,3,2,Others
111104,2024-04-21,620,1,98.57,1,2,1,Lost
111105,2023-12-13,750,1,83.25,1,2,1,Lost
111106,2023-12-03,760,1,609.22,1,2,2,Lost
111107,2024-12-10,387,4,628.25,2,4,2,Others
111108,2025-12-22,10,4,622.96,5,4,2,Others
111109,2025-03-16,291,2,657.37,2,3,2,Others
111110,2025-11-05,57,10,5882.4400000000005,4,5,5,Champions
111111,2025-10-26,67,2,197.9,4,3,1,Potential Loyalists
111112,2025-06-03,212,2,374.56,3,3,2,Others
111113,2025-12-15,17,13,7876.9,5,5,5,Champions
111114,2024-12-11,386,3,2688.89,2,4,5,At Risk
111115,2024-06-01,579,2,881.55,1,3,3,Others
111116,2025-09-12,111,5,1148.46,4,4,3,Loyal
111118,2025-09-08,115,2,369.83,4,3,2,Potential Loyalists
111119,2025-02-13,322,1,1210.0,2,2,3,Lost
111120,2025-10-17,76,1,98.0,4,2,1,Potential Loyalists
111122,2025-07-04,181,4,1369.33,3,4,3,Loyal
111123,2025-10-22,71,5,830.66,4,4,3,Loyal
111125,2025-02-05,330,2,1863.31,2,3,4,Others
111126,2025-03-15,292,1,57.76,2,2,1,Lost
111127,2024-10-18,440,1,321.85,2,2,2,Lost
111128,2024-10-19,439,1,1345.61,2,2,3,Lost
111129,2024-08-12,507,1,668.02,2,2,2,Lost
111130,2025-04-15,261,7,3407.35,3,5,5,Loyal
111132,2024-11-16,411,3,2771.9100000000003,2,4,5,At Risk
111133,2023-08-01,884,1,1873.2800000000002,1,2,4,Lost
111134,2025-06-13,202,5,745.39,3,4,3,Loyal
111137,2025-10-14,79,1,64.53,4,2,1,Potential Loyalists
111138,2025-08-05,149,9,3779.0,3,5,5,Loyal
111139,2025-09-13,110,3,772.6600000000001,4,4,3,Loyal
111140,2025-10-03,90,2,133.86,4,3,1,Potential Loyalists
111143,2024-04-05,636,1,540.08,1,2,2,Lost
111144,2025-10-07,86,10,1941.46,4,5,4,Champions
111146,2025-02-21,314,1,1219.74,2,2,3,Lost
111147,2025-01-25,341,1,241.0,2,2,1,Lost
111148,2025-01-17,349,6,3881.0199999999995,2,5,5,At Risk
111149,2025-12-26,6,2,972.99,5,3,3,Potential Loyalists
111150,2025-09-02,121,12,7499.28,4,5,5,Champions
111153,2025-11-09,53,24,9550.88,4,5,5,Champions
111154,2023-12-01,762,1,45.11,1,2,1,Lost
111157,2025-02-22,313,3,2181.91,2,4,4,At Risk
111158,2024-03-13,659,2,683.11,1,3,2,Others
111159,2025-09-08,115,7,1019.6800000000001,4,5,3,Loyal
111162,2025-10-30,63,3,480.63,4,4,2,Others
111163,2025-11-01,61,16,8474.880000000001,4,5,5,Champions
111164,2025-12-25,7,8,1852.95,5,5,4,Champions
111167,2024-05-31,580,1,339.07,1,2,2,Lost
111168,2025-01-05,361,2,326.67999999999995,2,3,2,Others
111169,2024-10-19,439,1,47.46,2,2,1,Lost
111170,2025-01-10,356,6,2987.18,2,5,5,At Risk
111171,2025-09-16,107,5,1508.51,4,4,4,Champions
111172,2025-11-09,53,7,948.08,4,5,3,Loyal
111175,2024-05-25,586,2,2216.23,1,3,4,Others
111177,2025-11-04,58,5,3895.7400000000002,4,4,5,Champions
111178,2025-10-30,63,14,8921.03,4,5,5,Champions
111181,2025-09-22,101,7,1918.6399999999999,4,5,4,Champions
111182,2025-04-12,264,8,3608.62,3,5,5,Loyal
111185,2025-11-27,35,2,614.8,5,3,2,Potential Loyalists
111187,2025-12-31,1,1,70.03,5,2,1,Potential Loyalists
111188,2025-05-08,238,3,1810.3,3,4,4,Loyal
111190,2024-10-23,435,1,205.86,2,2,1,Lost
111191,2025-05-13,233,1,512.79,3,2,2,Others
111192,2025-12-08,24,4,2470.08,5,4,4,Champions
111193,2025-09-03,120,8,2443.92,4,5,4,Champions
111194,2023-04-11,996,1,813.3299999999999,1,2,3,Lost
111195,2025-11-11,51,2,1366.21,4,3,3,Potential Loyalists
111196,2025-06-04,211,5,1741.7099999999998,3,4,4,Loyal
111197,2025-02-08,327,4,1925.0600000000002,2,4,4,At Risk
111199,2024-12-18,379,14,4945.55,2,5,5,At Risk
111200,2024-11-07,420,2,307.98,2,3,2,Others
111201,2025-03-31,276,2,155.07,3,3,1,Others
111203,2025-11-28,34,7,2414.4,5,5,4,Champions
111204,2025-12-04,28,4,760.37,5,4,3,Loyal
111205,2025-11-08,54,4,2302.3,4,4,4,Champions
111206,2023-12-01,762,1,1097.0700000000002,1,2,3,Lost
111207,2024-09-12,476,4,1512.24,2,4,4,At Risk
111210,2025-12-06,26,7,3796.16,5,5,5,Champions
111211,2025-12-22,10,3,1259.33,5,4,3,Loyal
111212,2025-06-18,197,2,280.84000000000003,3,3,1,Others
111213,2025-09-30,93,5,2578.92,4,4,4,Champions
111214,2025-12-16,16,4,1748.7,5,4,4,Champions
111215,2025-01-23,343,1,823.18,2,2,3,Lost
111218,2024-05-05,606,1,136.04,1,2,1,Lost
111219,2025-03-08,299,5,1020.1400000000001,2,4,3,At Risk
111220,2025-10-12,81,4,2039.83,4,4,4,Champions
111222,2025-06-07,208,4,2045.37,3,4,4,Loyal
111223,2025-09-01,122,2,402.58,4,3,2,Potential Loyalists
111224,2025-12-18,14,9,5231.87,5,5,5,Champions
111226,2025-10-10,83,12,5685.78,4,5,5,Champions
111227,2024-02-26,675,2,2226.09,1,3,4,Others
111228,2025-06-06,209,1,735.6099999999999,3,2,3,Others
111229,2025-02-08,327,2,132.96,2,3,1,Others
111230,2025-11-11,51,3,1577.54,4,4,4,Champions
111233,2024-03-19,653,1,1079.87,1,2,3,Lost
111235,2025-01-10,356,3,1192.68,2,4,3,At Risk
111236,2025-06-22,193,1,111.39000000000001,3,2,1,Others
111237,2024-06-11,569,1,226.2,1,2,1,Lost
111239,2025-07-11,174,2,337.38,3,3,2,Others
111241,2025-10-07,86,4,2425.4,4,4,4,Champions
111242,2023-11-19,774,3,516.46,1,4,2,Others
111243,2025-05-16,230,1,639.6300000000001,3,2,2,Others
111245,2025-12-26,6,37,11604.51,5,5,5,Champions
111246,2025-06-27,188,2,813.0,3,3,3,Others
111248,2025-10-31,62,1,192.29,4,2,1,Potential Loyalists
111249,2024-02-22,679,1,1035.8,1,2,3,Lost
111250,2025-06-18,197,1,59.519999999999996,3,2,1,Others
111251,2025-11-18,44,5,1067.99,4,4,3,Loyal
111253,2024-11-16,411,1,885.31,2,2,3,Lost
111254,2025-03-21,286,2,288.72,2,3,1,Others
111255,2025-03-08,299,1,824.02,2,2,3,Lost
111256,2025-11-30,32,11,1494.51,5,5,4,Champions
111258,2024-11-05,422,1,453.75,2,2,2,Lost
111261,2025-02-07,328,1,497.57,2,2,2,Lost
111263,2025-10-28,65,1,1647.81,4,2,4,Potential Loyalists
111264,2023-10-30,794,1,65.69,1,2,1,Lost
111265,2025-09-23,100,2,731.73,4,3,3,Potential Loyalists
111266,2025-08-17,137,3,1132.27,3,4,3,Loyal
111267,2025-04-10,266,1,69.26,3,2,1,Others
111269,2024-02-18,683,1,485.20000000000005,1,2,2,Lost
111270,2023-03-01,1037,1,134.43,1,2,1,Lost
111271,2024-02-27,674,1,181.12,1,2,1,Lost
111272,2025-12-05,27,12,6716.5599999999995,5,5,5,Champions
111273,2025-10-06,87,8,5533.91,4,5,5,Champions
111275,2025-02-11,324,1,38.12,2,2,1,Lost
111276,2025-04-24,252,1,2159.9700000000003,3,2,4,Others
111277,2025-06-03,212,2,1278.5,3,3,3,Others
111278,2024-03-12,660,1,1247.18,1,2,3,Lost
111279,2025-09-24,99,7,1034.45,4,5,3,Loyal
111280,2024-10-16,442,3,796.22,2,4,3,At Risk
111282,2024-06-30,550,2,245.72,1,3,1,Others
111283,2025-12-25,7,3,1748.25,5,4,4,Champions
111284,2025-12-13,19,6,1777.35,5,5,4,Champions
111286,2025-11-15,47,6,2233.61,4,5,4,Champions
111288,2024-04-30,611,2,733.2,1,3,3,Others
111289,2025-11-29,33,2,228.81,5,3,1,Potential Loyalists
111290,2025-06-25,190,2,616.01,3,3,2,Others
111291,2023-01-16,1081,1,80.05,1,2,1,Lost
111292,2025-08-15,139,2,2777.95,3,3,5,Others
111293,2024-07-11,539,3,1388.3200000000002,1,4,3,At Risk
111294,2024-11-10,417,2,1875.98,2,3,4,Others
111295,2025-03-28,279,2,518.49,3,3,2,Others
111296,2024-08-27,492,1,654.81,2,2,2,Lost
111297,2024-06-27,553,2,2219.57,1,3,4,Others
111298,2025-05-16,230,1,638.1400000000001,3,2,2,Others
111299,2025-10-02,91,8,3326.3,4,5,5,Champions
111302,2025-12-23,9,11,2908.11,5,5,5,Champions
111303,2025-08-05,149,3,774.8399999999999,3,4,3,Loyal
111304,2025-07-29,156,5,1339.87,3,4,3,Loyal
111305,2025-08-15,139,2,642.6500000000001,3,3,2,Others
111307,2024-09-23,465,2,1114.31,2,3,3,Others
111308,2025-03-05,302,4,853.6999999999999,2,4,3,At Risk
111309,2025-11-17,45,5,1206.8200000000002,4,4,3,Loyal
111310,2023-04-27,980,1,94.01,1,2,1,Lost
111311,2025-01-21,345,3,710.87,2,4,2,Others
111312,2025-11-17,45,9,5159.15,4,5,5,Champions
111313,2025-11-20,42,5,1086.1399999999999,4,4,3,Loyal
111316,2025-10-06,87,11,4605.61,4,5,5,Champions
111317,2023-10-27,797,2,196.65,1,3,1,Others
111319,2025-12-12,20,2,739.06,5,3,3,Potential Loyalists
111320,2024-04-12,629,1,447.89,1,2,2,Lost
111321,2025-05-24,222,3,319.1,3,4,2,Others
111322,2024-08-20,499,1,195.71,2,2,1,Lost
111323,2025-05-22,224,4,3939.6,3,4,5,Loyal
111324,2025-11-29,33,6,2136.57,5,5,4,Champions
111325,2024-09-15,473,2,290.09000000000003,2,3,1,Others
111326,2025-10-20,73,5,3136.83,4,4,5,Champions
111327,2025-11-08,54,4,1984.38,4,4,4,Champions
111328,2024-12-18,379,4,1645.47,2,4,4,At Risk
111329,2023-01-22,1075,1,36.32,1,2,1,Lost
111331,2025-08-13,141,1,1523.6200000000001,3,2,4,Others
111332,2025-12-29,3,12,4549.96,5,5,5,Champions
111334,2025-10-11,82,5,1585.37,4,4,4,Champions
111336,2023-08-04,881,1,789.11,1,2,3,Lost
111337,2025-11-06,56,6,1285.54,4,5,3,Loyal
111339,2024-07-06,544,1,449.57,1,2,2,Lost
111340,2025-09-23,100,4,548.26,4,4,2,Others
111341,2024-10-11,447,1,207.05,2,2,1,Lost
111342,2025-12-18,14,3,2211.7999999999997,5,4,4,Champions
111343,2023-12-10,753,1,39.96,1,2,1,Lost
111345,2025-09-17,106,1,50.61,4,2,1,Potential Loyalists
111346,2025-07-03,182,5,5050.2699999999995,3,4,5,Loyal
111347,2023-11-23,770,1,196.0,1,2,1,Lost
111348,2024-10-12,446,3,3143.21,2,4,5,At Risk
111350,2025-04-19,257,5,3153.1,3,4,5,Loyal
111351,2025-06-28,187,7,4884.15,3,5,5,Loyal
111352,2025-11-05,57,2,1443.12,4,3,4,Potential Loyalists
111353,2025-08-17,137,1,332.45,3,2,2,Others
111355,2024-07-21,529,1,202.48000000000002,2,2,1,Lost
111356,2025-02-21,314,1,495.05,2,2,2,Lost
111358,2024-12-04,393,4,1997.34,2,4,4,At Risk
111359,2025-12-01,31,7,4685.41,5,5,5,Champions
111360,2024-10-05,453,2,1924.3799999999999,2,3,4,Others
111361,2025-10-06,87,3,646.59,4,4,2,Others
111363,2025-10-13,80,5,2447.53,4,4,4,Champions
111364,2023-11-23,770,2,268.13,1,3,1,Others
111365,2024-12-19,378,2,2553.78,2,3,4,Others
111366,2025-08-17,137,1,258.59,3,2,1,Others
111367,2023-07-01,915,1,261.38,1,2,1,Lost
111369,2025-01-08,358,2,2415.3,2,3,4,Others
111371,2025-11-06,56,2,325.21999999999997,4,3,2,Potential Loyalists
111373,2024-02-02,699,2,512.53,1,3,2,Others
111374,2023-10-03,821,1,387.01,1,2,2,Lost
111375,2025-12-17,15,1,363.35,5,2,2,Potential Loyalists
111376,2025-12-02,30,3,1248.04,5,4,3,Loyal
111378,2025-05-01,245,8,4444.57,3,5,5,Loyal
111379,2025-12-24,8,5,3477.86,5,4,5,Champions
111381,2025-11-26,36,2,1416.15,5,3,4,Potential Loyalists
111382,2025-10-20,73,2,248.03,4,3,1,Potential Loyalists
111384,2025-12-31,1,10,3196.12,5,5,5,Champions
111385,2025-08-07,147,1,2800.23,3,2,5,Others
111386,2025-09-01,122,4,2386.4599999999996,4,4,4,Champions
111387,2025-12-08,24,4,2156.72,5,4,4,Champions
111388,2025-12-15,17,1,192.95,5,2,1,Potential Loyalists
111389,2025-12-05,27,2,1589.54,5,3,4,Potential Loyalists
111390,2024-03-12,660,1,81.31,1,2,1,Lost
111391,2025-05-13,233,2,2109.16,3,3,4,Others
111392,2025-11-30,32,12,3437.91,5,5,5,Champions
111393,2023-07-15,901,1,572.75,1,2,2,Lost
111394,2025-10-01,92,3,1196.75,4,4,3,Loyal
111395,2025-12-19,13,2,1194.15,5,3,3,Potential Loyalists
111396,2024-12-09,388,1,122.22,2,2,1,Lost
111397,2024-10-12,446,2,1379.23,2,3,3,Others
111399,2025-08-05,149,1,1076.43,3,2,3,Others
111400,2024-10-30,428,3,656.22,2,4,2,Others
111401,2023-08-23,862,1,1940.04,1,2,4,Lost
111402,2025-07-27,158,3,1946.5900000000001,3,4,4,Loyal
111403,2025-04-04,272,2,1444.57,3,3,4,Others
111404,2025-06-19,196,1,108.21,3,2,1,Others
111405,2024-11-30,397,4,1561.62,2,4,4,At Risk
111406,2024-05-10,601,4,1586.35,1,4,4,At Risk
111407,2025-12-03,29,4,1805.99,5,4,4,Champions
111409,2025-11-05,57,3,1325.48,4,4,3,Loyal
111410,2025-02-03,332,1,645.9000000000001,2,2,2,Lost
111411,2024-07-12,538,2,129.68,1,3,1,Others
111412,2025-12-29,3,2,299.27,5,3,2,Potential Loyalists
111414,2024-09-05,483,1,99.26,2,2,1,Lost
111415,2023-06-20,926,1,333.69,1,2,2,Lost
111416,2025-12-15,17,5,761.96,5,4,3,Loyal
111417,2025-01-31,335,2,888.04,2,3,3,Others
111418,2025-11-14,48,10,2237.06,4,5,4,Champions
111419,2025-12-02,30,9,9845.15,5,5,5,Champions
111420,2025-10-14,79,1,867.08,4,2,3,Potential Loyalists
111423,2025-11-06,56,8,5441.24,4,5,5,Champions
111424,2025-09-17,106,3,1600.35,4,4,4,Champions
111426,2025-11-02,60,2,255.17,4,3,1,Potential Loyalists
111427,2025-11-25,37,3,3139.9300000000003,5,4,5,Champions
111428,2025-12-24,8,12,4801.38,5,5,5,Champions
111429,2024-09-08,480,3,1008.37,2,4,3,At Risk
111432,2024-03-29,643,3,722.5500000000001,1,4,2,Others
111433,2025-05-01,245,1,1457.04,3,2,4,Others
111434,2025-11-08,54,5,1526.7,4,4,4,Champions
111435,2025-10-29,64,10,6404.87,4,5,5,Champions
111436,2024-12-19,378,1,297.40999999999997,2,2,2,Lost
111440,2023-10-22,802,1,194.82,1,2,1,Lost
111441,2025-04-01,275,2,1098.13,3,3,3,Others
111442,2024-01-30,702,1,25.14,1,2,1,Lost
111444,2024-02-01,700,1,606.6899999999999,1,2,2,Lost
111445,2025-05-27,219,5,1225.21,3,4,3,Loyal
111446,2025-11-14,48,33,14535.21,4,5,5,Champions
111447,2024-03-15,657,1,804.36,1,2,3,Lost
111451,2024-09-26,462,2,993.39,2,3,3,Others
111452,2024-12-02,395,3,2396.3900000000003,2,4,4,At Risk
111453,2025-01-20,346,4,1720.92,2,4,4,At Risk
111454,2024-12-21,376,9,3555.34,2,5,5,At Risk
111455,2025-08-26,128,3,1488.75,3,4,4,Loyal
111456,2025-07-08,177,8,2610.04,3,5,4,Loyal
111457,2024-07-04,546,1,176.14,1,2,1,Lost
111459,2025-10-06,87,3,525.22,4,4,2,Others
111460,2025-09-18,105,6,2231.86,4,5,4,Champions
111461,2023-03-01,1037,1,70.81,1,2,1,Lost
111462,2023-12-27,736,1,475.8,1,2,2,Lost
111463,2025-10-24,69,1,410.4,4,2,2,Potential Loyalists
111464,2025-12-26,6,9,7303.41,5,5,5,Champions
111465,2025-09-21,102,2,1660.3600000000001,4,3,4,Potential Loyalists
111466,2023-10-28,796,3,959.1999999999999,1,4,3,At Risk
111468,2025-04-20,256,1,89.13,3,2,1,Others
111469,2023-01-06,1091,1,268.86,1,2,1,Lost
111470,2025-10-05,88,1,131.19,4,2,1,Potential Loyalists
111471,2025-12-29,3,34,15231.84,5,5,5,Champions
111472,2025-12-11,21,7,2247.86,5,5,4,Champions
111473,2024-02-29,672,3,569.98,1,4,2,Others
111475,2025-12-17,15,1,56.27,5,2,1,Potential Loyalists
111476,2025-08-09,145,1,236.97,3,2,1,Others
111477,2024-09-20,468,2,127.9,2,3,1,Others
111479,2024-11-26,401,3,495.65000000000003,2,4,2,Others
111480,2025-10-15,78,5,3726.3,4,4,5,Champions
111481,2024-11-05,422,2,613.22,2,3,2,Others
111482,2023-05-14,963,1,513.11,1,2,2,Lost
111483,2025-10-15,78,1,55.16,4,2,1,Potential Loyalists
111484,2024-11-03,424,2,391.3,2,3,2,Others
111485,2023-04-20,987,1,1054.66,1,2,3,Lost
111486,2025-06-09,206,1,160.33,3,2,1,Others
111487,2025-09-21,102,2,2372.84,4,3,4,Potential Loyalists
111488,2024-01-23,709,1,67.08,1,2,1,Lost
111489,2025-12-31,1,5,1677.99,5,4,4,Champions
111490,2025-01-07,359,3,1389.69,2,4,3,At Risk
111491,2025-12-07,25,14,9902.41,5,5,5,Champions
111492,2025-04-28,248,2,762.37,3,3,3,Others
111493,2024-12-09,388,1,599.6,2,2,2,Lost
111495,2024-05-26,585,1,4201.15,1,2,5,Lost
111498,2025-07-03,182,4,498.49,3,4,2,Others
111499,2025-01-20,346,8,8238.55,2,5,5,At Risk
111500,2025-10-20,73,2,934.02,4,3,3,Potential Loyalists
111505,2025-12-26,6,1,139.39,5,2,1,Potential Loyalists
111506,2025-10-30,63,2,1623.82,4,3,4,Potential Loyalists
111507,2025-11-27,35,11,6613.62,5,5,5,Champions
111508,2025-04-23,253,1,505.36,3,2,2,Others
111509,2025-12-02,30,7,1772.5300000000002,5,5,4,Champions
111510,2023-10-12,812,1,1212.02,1,2,3,Lost
111512,2025-07-18,167,4,993.2099999999999,3,4,3,Loyal
111514,2025-04-04,272,2,3404.61,3,3,5,Others
111515,2025-02-14,321,3,1773.38,2,4,4,At Risk
111516,2025-11-13,49,3,2218.22,4,4,4,Champions
111517,2025-04-23,253,2,287.15,3,3,1,Others
111519,2025-05-08,238,1,445.77,3,2,2,Others
111520,2025-12-27,5,8,2355.56,5,5,4,Champions
111521,2025-10-11,82,1,168.64,4,2,1,Potential Loyalists
111522,2025-07-25,160,4,448.16,3,4,2,Others
111523,2025-08-30,124,6,1581.12,4,5,4,Champions
111525,2025-08-12,142,1,306.18,3,2,2,Others
111527,2023-11-01,792,1,1790.33,1,2,4,Lost
111528,2025-08-30,124,4,3204.2599999999998,4,4,5,Champions
111529,2025-10-07,86,2,1279.58,4,3,3,Potential Loyalists
111530,2025-10-02,91,1,740.4499999999999,4,2,3,Potential Loyalists
111531,2023-04-12,995,1,668.4,1,2,2,Lost
111532,2025-12-13,19,2,796.99,5,3,3,Potential Loyalists
111533,2025-08-01,153,3,1142.52,3,4,3,Loyal
111534,2025-05-19,227,6,4304.98,3,5,5,Loyal
111535,2025-12-09,23,3,1831.92,5,4,4,Champions
111536,2023-06-24,922,1,704.27,1,2,2,Lost
111537,2023-02-13,1053,1,845.16,1,2,3,Lost
111538,2025-08-07,147,1,270.39,3,2,1,Others
111539,2025-12-26,6,13,5963.1,5,5,5,Champions
111540,2025-11-30,32,4,1627.78,5,4,4,Champions
111542,2024-10-31,427,1,1727.7800000000002,2,2,4,Lost
111543,2025-12-25,7,4,740.12,5,4,3,Loyal
111545,2024-05-22,589,2,281.28,1,3,1,Others
111547,2024-12-08,389,1,239.02,2,2,1,Lost
111548,2023-10-22,802,2,1216.04,1,3,3,Others
111549,2024-04-19,622,1,293.3,1,2,1,Lost
111550,2025-12-06,26,3,1043.18,5,4,3,Loyal
111551,2023-06-19,927,1,249.93,1,2,1,Lost
111552,2024-09-28,460,2,704.13,2,3,2,Others
111553,2025-11-30,32,24,7846.17,5,5,5,Champions
111555,2025-12-20,12,4,3590.02,5,4,5,Champions
111556,2025-11-25,37,5,1469.9,5,4,4,Champions
111557,2025-11-08,54,3,3937.8,4,4,5,Champions
111558,2025-12-05,27,7,2183.2799999999997,5,5,4,Champions
111560,2025-12-10,22,4,3099.27,5,4,5,Champions
111561,2023-06-12,934,1,137.64000000000001,1,2,1,Lost
111563,2025-09-17,106,6,3637.75,4,5,5,Champions
111564,2023-06-08,938,1,135.78,1,2,1,Lost
111565,2024-09-28,460,2,1791.6800000000003,2,3,4,Others
111566,2025-12-01,31,4,4095.7200000000003,5,4,5,Champions
111567,2025-12-19,13,32,11805.55,5,5,5,Champions
111569,2024-01-05,727,1,650.98,1,2,2,Lost
111571,2025-01-17,349,1,149.48000000000002,2,2,1,Lost
111572,2025-12-17,15,6,2184.5699999999997,5,5,4,Champions
111573,2025-06-14,201,1,751.4,3,2,3,Others
111574,2025-10-13,80,11,4122.87,4,5,5,Champions
111575,2025-11-26,36,4,1579.46,5,4,4,Champions
111576,2023-10-28,796,2,1022.13,1,3,3,Others
111580,2024-07-05,545,3,577.33,1,4,2,Others
111581,2025-12-07,25,11,4523.31,5,5,5,Champions
111582,2025-01-13,353,3,1216.73,2,4,3,At Risk
111584,2023-12-23,740,1,284.04,1,2,1,Lost
111585,2025-11-03,59,10,5158.07,4,5,5,Champions
111586,2025-08-17,137,5,2661.25,3,4,5,Loyal
111588,2024-01-16,716,2,687.88,1,3,2,Others
111589,2024-11-29,398,1,130.09,2,2,1,Lost
111590,2025-09-09,114,1,842.6899999999999,4,2,3,Potential Loyalists
111591,2025-11-30,32,12,4560.82,5,5,5,Champions
111592,2024-03-15,657,1,46.23,1,2,1,Lost
111593,2025-12-16,16,14,6874.44,5,5,5,Champions
111594,2023-11-05,788,1,889.12,1,2,3,Lost
111595,2025-08-21,133,3,781.4100000000001,3,4,3,Loyal
111596,2025-11-04,58,5,1661.55,4,4,4,Champions
111597,2024-11-20,407,1,266.19,2,2,1,Lost
111599,2025-05-22,224,3,2477.13,3,4,4,Loyal
111601,2025-10-12,81,7,2783.89,4,5,5,Champions
111602,2023-03-29,1009,1,481.55,1,2,2,Lost
111604,2025-11-13,49,9,5485.8099999999995,4,5,5,Champions
111605,2025-10-06,87,4,872.15,4,4,3,Loyal
111606,2025-09-25,98,2,226.66,4,3,1,Potential Loyalists
111607,2025-10-04,89,1,33.76,4,2,1,Potential Loyalists
111608,2024-01-19,713,1,585.59,1,2,2,Lost
111609,2025-02-11,324,11,4969.22,2,5,5,At Risk
111610,2025-02-25,310,4,521.35,2,4,2,Others
111611,2025-03-25,282,2,1856.98,3,3,4,Others
111612,2024-12-03,394,1,153.71,2,2,1,Lost
111613,2025-07-06,179,4,3681.71,3,4,5,Loyal
111614,2025-11-18,44,11,4631.82,4,5,5,Champions
111615,2025-05-26,220,1,66.83,3,2,1,Others
111616,2025-11-03,59,1,893.18,4,2,3,Potential Loyalists
111617,2025-12-17,15,7,4232.96,5,5,5,Champions
111618,2025-10-23,70,8,3402.05,4,5,5,Champions
111619,2025-01-15,351,1,89.06,2,2,1,Lost
111620,2024-02-03,698,2,500.21999999999997,1,3,2,Others
111622,2025-09-03,120,6,1893.62,4,5,4,Champions
111623,2024-11-28,399,2,929.0500000000001,2,3,3,Others
111624,2025-07-19,166,13,4476.04,3,5,5,Loyal
111626,2023-12-17,746,1,1056.5,1,2,3,Lost
111628,2024-06-11,569,1,179.77,1,2,1,Lost
111629,2024-03-21,651,2,478.36,1,3,2,Others
111631,2025-11-12,50,3,1222.5900000000001,4,4,3,Loyal
111632,2025-11-30,32,1,251.56,5,2,1,Potential Loyalists
111634,2025-07-19,166,1,95.65,3,2,1,Others
111635,2025-12-01,31,1,39.73,5,2,1,Potential Loyalists
111636,2025-10-15,78,4,2191.7,4,4,4,Champions
111637,2024-03-02,670,1,130.37,1,2,1,Lost
111638,2025-11-05,57,4,1809.4099999999999,4,4,4,Champions
111639,2025-12-08,24,5,2605.31,5,4,4,Champions
111640,2025-10-31,62,1,30.3,4,2,1,Potential Loyalists
111641,2025-07-12,173,4,2170.78,3,4,4,Loyal
111642,2024-07-17,533,1,497.52,2,2,2,Lost
111643,2024-12-17,380,5,1853.7,2,4,4,At Risk
111644,2025-11-16,46,1,475.91,4,2,2,Potential Loyalists
111645,2025-12-29,3,4,1451.5,5,4,4,Champions
111646,2025-12-12,20,1,434.31000000000006,5,2,2,Potential Loyalists
111648,2023-06-10,936,1,211.45,1,2,1,Lost
111650,2025-09-14,109,4,825.2399999999999,4,4,3,Loyal
111651,2025-07-02,183,2,801.64,3,3,3,Others
111654,2024-04-05,636,1,1931.07,1,2,4,Lost
111655,2025-10-21,72,1,1357.71,4,2,3,Potential Loyalists
111656,2024-11-30,397,6,1922.87,2,5,4,At Risk
111657,2025-09-22,101,5,2122.24,4,4,4,Champions
111658,2024-06-01,579,1,380.14,1,2,2,Lost
111660,2024-11-08,419,2,2983.88,2,3,5,Others
111662,2025-11-14,48,10,7095.889999999999,4,5,5,Champions
111663,2025-05-07,239,1,181.54,3,2,1,Others
111667,2023-03-10,1028,1,850.79,1,2,3,Lost
111668,2024-11-16,411,3,860.87,2,4,3,At Risk
111669,2025-10-11,82,1,999.17,4,2,3,Potential Loyalists
111670,2025-12-24,8,15,7237.4,5,5,5,Champions
111671,2025-01-01,365,1,64.84,2,2,1,Lost
111673,2024-07-19,531,1,864.44,2,2,3,Lost
111674,2025-12-09,23,10,3504.13,5,5,5,Champions
111675,2024-08-08,511,1,19.3,2,2,1,Lost
111676,2025-05-09,237,5,4044.9,3,4,5,Loyal
111677,2024-07-03,547,1,58.85,1,2,1,Lost
111678,2025-04-15,261,4,853.39,3,4,3,Loyal
111679,2025-12-02,30,5,5401.2699999999995,5,4,5,Champions
111680,2025-10-22,71,6,1274.8,4,5,3,Loyal
111681,2023-08-01,884,1,219.87,1,2,1,Lost
111682,2025-02-02,333,2,455.49,2,3,2,Others
111684,2025-12-15,17,1,405.91999999999996,5,2,2,Potential Loyalists
111685,2023-03-27,1011,1,523.85,1,2,2,Lost
111686,2025-10-08,85,1,418.35,4,2,2,Potential Loyalists
111687,2025-02-08,327,3,715.3299999999999,2,4,2,Others
111688,2025-12-28,4,13,4050.9,5,5,5,Champions
111689,2025-12-14,18,2,689.8299999999999,5,3,2,Potential Loyalists
111691,2025-01-24,342,1,136.64,2,2,1,Lost
111692,2024-10-10,448,3,1802.13,2,4,4,At Risk
111693,2025-06-22,193,2,685.96,3,3,2,Others
111694,2024-05-06,605,1,1133.26,1,2,3,Lost
111695,2025-12-25,7,67,27528.58,5,5,5,Champions
111696,2025-12-30,2,9,2247.9700000000003,5,5,4,Champions
111698,2025-02-28,307,4,418.17,2,4,2,Others
111699,2025-10-01,92,3,1456.73,4,4,4,Champions
111700,2024-10-09,449,1,180.39,2,2,1,Lost
111701,2025-10-02,91,5,4519.150000000001,4,4,5,Champions
111702,2025-01-30,336,4,1222.02,2,4,3,At Risk
111704,2025-12-01,31,1,224.23000000000002,5,2,1,Potential Loyalists
111705,2025-12-02,30,14,7638.95,5,5,5,Champions
111707,2025-11-26,36,5,1407.72,5,4,4,Champions
111708,2024-05-03,608,2,231.04,1,3,1,Others
111709,2024-11-13,414,2,2175.84,2,3,4,Others
111711,2025-12-26,6,8,3838.37,5,5,5,Champions
111713,2025-10-09,84,10,3442.48,4,5,5,Champions
111715,2024-02-18,683,1,268.22,1,2,1,Lost
111716,2024-08-01,518,5,2456.05,2,4,4,At Risk
111718,2025-12-24,8,1,313.52,5,2,2,Potential Loyalists
111719,2024-11-03,424,2,364.67,2,3,2,Others
111720,2025-11-23,39,17,7343.0,5,5,5,Champions
111721,2025-09-14,109,3,945.37,4,4,3,Loyal
111722,2023-07-10,906,1,292.61,1,2,1,Lost
111725,2025-07-19,166,3,5176.34,3,4,5,Loyal
111726,2025-01-22,344,7,3119.25,2,5,5,At Risk
111728,2024-12-03,394,8,5133.81,2,5,5,At Risk
111730,2025-10-01,92,2,551.46,4,3,2,Potential Loyalists
111731,2025-10-12,81,1,234.03,4,2,1,Potential Loyalists
111732,2024-12-18,379,1,428.19,2,2,2,Lost
111733,2025-12-30,2,1,202.73000000000002,5,2,1,Potential Loyalists
111734,2025-03-25,282,9,5315.75,3,5,5,Loyal
111737,2025-02-02,333,6,1683.86,2,5,4,At Risk
111740,2024-12-03,394,1,81.47,2,2,1,Lost
111741,2024-04-29,612,1,2157.44,1,2,4,Lost
111744,2025-09-26,97,4,1632.96,4,4,4,Champions
111746,2025-12-21,11,8,5552.42,5,5,5,Champions
111748,2024-09-20,468,1,193.0,2,2,1,Lost
111751,2023-11-19,774,1,1092.51,1,2,3,Lost
111752,2025-12-04,28,4,2364.89,5,4,4,Champions
111753,2025-11-23,39,1,367.51,5,2,2,Potential Loyalists
111754,2025-10-16,77,1,396.90000000000003,4,2,2,Potential Loyalists
111755,2025-09-17,106,3,1266.07,4,4,3,Loyal
111756,2025-11-01,61,2,2944.79,4,3,5,Potential Loyalists
111757,2025-07-06,179,7,5991.39,3,5,5,Loyal
111758,2024-11-17,410,1,119.82,2,2,1,Lost
111759,2025-09-11,112,2,84.32000000000001,4,3,1,Potential Loyalists
111760,2025-12-03,29,2,775.28,5,3,3,Potential Loyalists
111763,2025-12-22,10,12,5420.93,5,5,5,Champions
111764,2025-04-27,249,2,297.2,3,3,2,Others
111765,2025-12-16,16,4,2612.28,5,4,4,Champions
111766,2025-12-23,9,1,59.58,5,2,1,Potential Loyalists
111767,2024-06-10,570,2,317.53,1,3,2,Others
111768,2025-12-01,31,1,450.3,5,2,2,Potential Loyalists
111770,2024-08-09,510,1,782.89,2,2,3,Lost
111772,2025-03-03,304,2,935.23,2,3,3,Others
111773,2025-10-28,65,2,360.21000000000004,4,3,2,Potential Loyalists
111775,2024-07-05,545,2,986.86,1,3,3,Others
111776,2024-12-12,385,3,1709.24,2,4,4,At Risk
111777,2025-01-24,342,1,248.28,2,2,1,Lost
111778,2024-08-03,516,1,2173.09,2,2,4,Lost
111780,2025-12-15,17,13,4975.89,5,5,5,Champions
111782,2025-09-13,110,4,610.48,4,4,2,Others
111783,2025-05-07,239,1,1670.25,3,2,4,Others
111784,2025-10-04,89,1,145.16,4,2,1,Potential Loyalists
111785,2024-06-22,558,1,601.21,1,2,2,Lost
111787,2024-01-01,731,2,659.3,1,3,2,Others
111788,2024-11-28,399,3,2343.53,2,4,4,At Risk
111790,2025-12-28,4,1,62.73,5,2,1,Potential Loyalists
111791,2025-11-26,36,9,2845.54,5,5,5,Champions
111792,2025-12-04,28,5,813.3199999999999,5,4,3,Loyal
111793,2025-08-31,123,4,704.68,4,4,2,Others
111794,2023-10-25,799,1,106.44,1,2,1,Lost
111795,2024-01-29,703,1,77.57,1,2,1,Lost
111796,2024-11-28,399,4,793.43,2,4,3,At Risk
111797,2024-08-11,508,1,2596.38,2,2,4,Lost
111798,2024-09-01,487,2,1240.94,2,3,3,Others
111799,2025-11-26,36,3,788.9599999999999,5,4,3,Loyal
111801,2025-12-06,26,2,770.3199999999999,5,3,3,Potential Loyalists
111803,2025-10-23,70,7,4437.93,4,5,5,Champions
111805,2025-12-06,26,2,167.82,5,3,1,Potential Loyalists
111806,2025-11-25,37,8,2517.31,5,5,4,Champions
111807,2024-08-07,512,2,340.52,2,3,2,Others
111808,2025-07-26,159,7,5502.95,3,5,5,Loyal
111809,2025-07-09,176,1,1584.86,3,2,4,Others
111810,2025-11-01,61,5,1876.32,4,4,4,Champions
111812,2025-11-09,53,8,5690.79,4,5,5,Champions
111813,2025-12-10,22,2,1157.92,5,3,3,Potential Loyalists
111814,2025-12-24,8,3,343.64,5,4,2,Others
111815,2024-12-27,370,1,122.64,2,2,1,Lost
111816,2024-03-18,654,1,939.7,1,2,3,Lost
111817,2025-06-25,190,4,1825.5700000000002,3,4,4,Loyal
111818,2024-05-23,588,1,256.15,1,2,1,Lost
111822,2025-08-15,139,7,4460.0,3,5,5,Loyal
111823,2024-11-07,420,1,135.2,2,2,1,Lost
111826,2024-04-13,628,3,1780.49,1,4,4,At Risk
111827,2024-10-09,449,1,73.78,2,2,1,Lost
111828,2024-01-15,717,1,469.96000000000004,1,2,2,Lost
111831,2025-08-12,142,4,3218.2200000000003,3,4,5,Loyal
111833,2025-10-12,81,5,5136.96,4,4,5,Champions
111834,2025-11-25,37,11,4270.17,5,5,5,Champions
111835,2024-05-06,605,1,199.23,1,2,1,Lost
111836,2024-04-08,633,1,207.75,1,2,1,Lost
111837,2024-02-25,676,1,511.90999999999997,1,2,2,Lost
111838,2024-07-17,533,2,241.56,2,3,1,Others
111840,2025-04-20,256,2,898.8199999999999,3,3,3,Others
111841,2025-12-20,12,19,9123.5,5,5,5,Champions
111842,2023-01-13,1084,1,92.0,1,2,1,Lost
111843,2023-06-10,936,2,753.08,1,3,3,Others
111844,2023-01-17,1080,1,421.96,1,2,2,Lost
111846,2025-11-09,53,7,3561.11,4,5,5,Champions
111848,2025-12-19,13,3,365.88,5,4,2,Others
111850,2025-11-08,54,3,992.13,4,4,3,Loyal
111851,2024-07-13,537,2,131.81,1,3,1,Others
111852,2024-01-02,730,1,20.65,1,2,1,Lost
111853,2023-06-27,919,1,318.08,1,2,2,Lost
111854,2025-09-18,105,3,1392.88,4,4,3,Loyal
111855,2025-07-14,171,6,2559.6200000000003,3,5,4,Loyal
111856,2024-07-07,543,3,2237.6600000000003,1,4,4,At Risk
111857,2025-11-03,59,2,226.72,4,3,1,Potential Loyalists
111858,2025-10-26,67,4,1040.9299999999998,4,4,3,Loyal
111859,2024-04-19,622,1,377.16999999999996,1,2,2,Lost
111860,2025-02-19,316,2,119.55000000000001,2,3,1,Others
111864,2025-09-19,104,2,920.65,4,3,3,Potential Loyalists
111865,2025-06-03,212,2,1057.22,3,3,3,Others
111866,2025-10-19,74,8,7838.2699999999995,4,5,5,Champions
111867,2025-12-06,26,10,4734.679999999999,5,5,5,Champions
111868,2024-02-27,674,1,224.88,1,2,1,Lost
111870,2024-03-07,665,1,185.35,1,2,1,Lost
111871,2025-10-21,72,7,1677.08,4,5,4,Champions
111872,2025-06-28,187,5,2613.85,3,4,4,Loyal
111873,2025-12-25,7,2,3173.12,5,3,5,Potential Loyalists
111875,2024-12-09,388,2,391.58,2,3,2,Others
111876,2025-09-04,119,3,838.7,4,4,3,Loyal
111877,2024-07-29,521,3,181.27,2,4,1,Others
111878,2025-05-02,244,5,1261.34,3,4,3,Loyal
111880,2024-08-12,507,1,1137.56,2,2,3,Lost
111882,2025-10-23,70,2,1337.43,4,3,3,Potential Loyalists
111883,2024-07-23,527,1,121.24,2,2,1,Lost
111884,2024-06-09,571,2,2129.9,1,3,4,Others
111885,2025-05-04,242,4,2196.29,3,4,4,Loyal
111886,2024-06-11,569,1,209.70999999999998,1,2,1,Lost
111887,2025-11-05,57,7,1293.9099999999999,4,5,3,Loyal
111888,2025-05-07,239,4,1516.78,3,4,4,Loyal
111889,2025-02-13,322,3,2596.6,2,4,4,At Risk
111892,2025-11-22,40,1,130.37,5,2,1,Potential Loyalists
111893,2024-06-13,567,1,433.48,1,2,2,Lost
111894,2025-06-17,198,3,1555.06,3,4,4,Loyal
111895,2025-12-03,29,12,4289.46,5,5,5,Champions
111896,2025-01-17,349,1,384.27,2,2,2,Lost
111897,2023-12-13,750,1,106.11,1,2,1,Lost
111898,2023-09-27,827,1,704.75,1,2,2,Lost
111899,2023-07-16,900,1,345.07,1,2,2,Lost
111901,2025-05-10,236,3,1428.88,3,4,4,Loyal
111902,2025-12-19,13,1,223.01999999999998,5,2,1,Potential Loyalists
111903,2025-10-08,85,8,5240.29,4,5,5,Champions
111904,2025-12-27,5,2,1691.32,5,3,4,Potential Loyalists
111905,2023-03-02,1036,2,863.74,1,3,3,Others
111906,2024-10-24,434,3,793.22,2,4,3,At Risk
111907,2025-11-30,32,25,8662.97,5,5,5,Champions
111910,2025-09-26,97,4,611.31,4,4,2,Others
111912,2025-04-07,269,3,4297.759999999999,3,4,5,Loyal
111913,2024-11-15,412,4,2383.75,2,4,4,At Risk
111914,2025-08-21,133,8,3028.9700000000003,3,5,5,Loyal
111915,2023-09-19,835,1,113.69,1,2,1,Lost
111916,2023-12-18,745,4,2199.63,1,4,4,At Risk
111917,2023-12-18,745,1,2583.9500000000003,1,2,4,Lost
111918,2024-11-15,412,5,1106.1399999999999,2,4,3,At Risk
111919,2024-09-16,472,3,750.9,2,4,3,At Risk
111920,2024-04-10,631,2,1109.56,1,3,3,Others
111921,2023-06-22,924,1,96.93,1,2,1,Lost
111922,2025-05-12,234,4,1425.3700000000001,3,4,4,Loyal
111924,2025-08-02,152,4,2985.0,3,4,5,Loyal
111925,2024-12-26,371,3,968.08,2,4,3,At Risk
111926,2025-11-04,58,13,5045.8,4,5,5,Champions
111927,2025-12-27,5,4,2349.19,5,4,4,Champions
111928,2025-01-12,354,1,111.08,2,2,1,Lost
111930,2024-08-30,489,1,76.0,2,2,1,Lost
111931,2025-11-16,46,2,616.24,4,3,2,Potential Loyalists
111932,2025-12-28,4,4,669.03,5,4,2,Others
111933,2025-10-28,65,1,21.21,4,2,1,Potential Loyalists
111935,2024-07-21,529,2,279.49,2,3,1,Others
111936,2025-07-11,174,14,4667.05,3,5,5,Loyal
111937,2025-12-29,3,9,3666.33,5,5,5,Champions
111939,2024-03-17,655,2,1085.49,1,3,3,Others
111940,2024-10-16,442,2,389.86,2,3,2,Others
111941,2025-12-25,7,5,5439.0,5,4,5,Champions
111943,2024-12-14,383,1,217.89000000000001,2,2,1,Lost
111945,2025-12-20,12,3,1496.81,5,4,4,Champions
111946,2025-11-02,60,3,2641.4900000000002,4,4,4,Champions
111947,2025-11-28,34,2,368.24,5,3,2,Potential Loyalists
111948,2024-11-14,413,3,911.9699999999999,2,4,3,At Risk
111951,2025-12-29,3,1,415.56,5,2,2,Potential Loyalists
111952,2025-11-25,37,5,1602.56,5,4,4,Champions
111953,2025-07-17,168,1,560.96,3,2,2,Others
111954,2023-07-01,915,1,107.4,1,2,1,Lost
111955,2025-02-09,326,1,626.0600000000001,2,2,2,Lost
111956,2024-11-09,418,2,671.99,2,3,2,Others
111957,2023-11-18,775,2,297.92999999999995,1,3,2,Others
111958,2025-09-07,116,2,364.37,4,3,2,Potential Loyalists
111959,2025-11-23,39,12,5214.74,5,5,5,Champions
111960,2025-02-12,323,3,378.73,2,4,2,Others
111961,2025-03-09,298,6,1567.31,2,5,4,At Risk
111962,2025-08-27,127,3,1815.7,4,4,4,Champions
111963,2025-10-03,90,2,295.53999999999996,4,3,2,Potential Loyalists
111964,2025-10-20,73,5,1230.99,4,4,3,Loyal
111965,2025-11-27,35,7,675.44,5,5,2,Others
111966,2023-11-22,771,1,136.94,1,2,1,Lost
111968,2025-11-04,58,2,1386.48,4,3,3,Potential Loyalists
111970,2025-03-25,282,4,2158.82,3,4,4,Loyal
111972,2024-10-19,439,5,471.62,2,4,2,Others
111973,2024-03-17,655,1,91.9,1,2,1,Lost
111974,2025-05-24,222,3,2897.2799999999997,3,4,5,Loyal
111975,2024-02-09,692,2,796.07,1,3,3,Others
111977,2025-04-03,273,3,1914.8999999999999,3,4,4,Loyal
111978,2025-11-05,57,11,5424.33,4,5,5,Champions
111979,2025-09-25,98,6,4069.71,4,5,5,Champions
111980,2023-04-26,981,1,636.86,1,2,2,Lost
111981,2025-11-29,33,46,18252.43,5,5,5,Champions
111982,2024-10-29,429,4,945.37,2,4,3,At Risk
111984,2025-10-01,92,2,1427.79,4,3,4,Potential Loyalists
111986,2024-01-25,707,1,328.73,1,2,2,Lost
111987,2025-03-16,291,1,53.81,2,2,1,Lost
111988,2025-11-25,37,11,3610.78,5,5,5,Champions
111989,2023-12-03,760,2,494.95,1,3,2,Others
111990,2025-12-10,22,3,694.04,5,4,2,Others
111991,2025-11-27,35,2,1037.6699999999998,5,3,3,Potential Loyalists
111992,2025-12-28,4,2,1271.0,5,3,3,Potential Loyalists
111993,2025-06-04,211,5,795.6,3,4,3,Loyal
111994,2025-11-22,40,1,848.94,5,2,3,Potential Loyalists
111995,2025-10-09,84,4,2251.33,4,4,4,Champions
111997,2024-05-16,595,1,202.98999999999998,1,2,1,Lost
111998,2024-10-25,433,1,139.14,2,2,1,Lost
112000,2025-11-10,52,6,2256.03,4,5,4,Champions
112004,2024-05-21,590,2,702.85,1,3,2,Others
112005,2024-02-02,699,3,1564.9099999999999,1,4,4,At Risk
112008,2023-04-11,996,1,1155.1799999999998,1,2,3,Lost
112009,2025-12-23,9,4,3703.1800000000003,5,4,5,Champions
112011,2023-08-18,867,1,201.08,1,2,1,Lost
112012,2024-03-24,648,2,625.78,1,3,2,Others
112013,2023-05-09,968,1,1690.26,1,2,4,Lost
112015,2024-12-23,374,2,701.3499999999999,2,3,2,Others
112016,2024-07-26,524,1,587.78,2,2,2,Lost
112017,2025-12-04,28,8,3929.4,5,5,5,Champions
112018,2025-06-21,194,1,126.9,3,2,1,Others
112019,2025-12-28,4,9,5409.03,5,5,5,Champions
112020,2025-10-12,81,7,4055.2299999999996,4,5,5,Champions
112021,2023-10-27,797,1,270.92,1,2,1,Lost
112022,2025-12-11,21,4,1449.21,5,4,4,Champions
112023,2025-11-15,47,18,6127.4800000000005,4,5,5,Champions
112025,2024-12-04,393,2,2053.34,2,3,4,Others
112026,2023-09-04,850,1,61.83,1,2,1,Lost
112027,2025-09-22,101,3,593.0,4,4,2,Others
112028,2025-10-30,63,3,751.69,4,4,3,Loyal
112030,2025-04-13,263,1,198.6,3,2,1,Others
112031,2025-09-08,115,3,1286.29,4,4,3,Loyal
112032,2025-10-07,86,5,1654.22,4,4,4,Champions
112033,2025-05-22,224,4,1124.6,3,4,3,Loyal
112034,2025-11-20,42,5,3829.78,4,4,5,Champions
112035,2023-11-30,763,1,11.49,1,2,1,Lost
112036,2023-05-10,967,1,88.96,1,2,1,Lost
112037,2025-04-29,247,4,5494.26,3,4,5,Loyal
112038,2023-05-03,974,1,232.08,1,2,1,Lost
112039,2024-07-12,538,2,788.49,1,3,3,Others
112040,2025-12-30,2,6,805.99,5,5,3,Loyal
112041,2024-04-11,630,1,208.42,1,2,1,Lost
112043,2025-11-22,40,5,3119.53,5,4,5,Champions
112044,2024-05-10,601,1,146.71,1,2,1,Lost
112045,2024-06-14,566,2,545.72,1,3,2,Others
112046,2025-03-05,302,1,258.21,2,2,1,Lost
112047,2025-05-26,220,1,176.54000000000002,3,2,1,Others
112048,2025-10-24,69,3,3638.66,4,4,5,Champions
112049,2025-10-31,62,2,648.45,4,3,2,Potential Loyalists
112050,2025-11-25,37,4,2082.89,5,4,4,Champions
112051,2023-12-22,741,1,250.18,1,2,1,Lost
112052,2023-09-23,831,1,207.58,1,2,1,Lost
112053,2025-07-23,162,2,1285.86,3,3,3,Others
112054,2025-08-15,139,3,984.5999999999999,3,4,3,Loyal
112055,2025-12-27,5,12,7748.110000000001,5,5,5,Champions
112056,2025-10-24,69,2,569.21,4,3,2,Potential Loyalists
112057,2025-12-13,19,8,6966.48,5,5,5,Champions
112058,2025-12-31,1,4,4320.89,5,4,5,Champions
112061,2024-03-23,649,1,265.24,1,2,1,Lost
112062,2024-08-24,495,3,1694.71,2,4,4,At Risk
112063,2025-11-02,60,4,1018.9,4,4,3,Loyal
112064,2025-12-18,14,17,8710.21,5,5,5,Champions
112065,2025-12-17,15,2,1139.94,5,3,3,Potential Loyalists
112067,2024-11-15,412,2,1621.3399999999997,2,3,4,Others
112070,2025-06-20,195,7,4286.51,3,5,5,Loyal
112071,2024-06-05,575,4,656.7,1,4,2,Others
112072,2025-07-28,157,2,287.33,3,3,1,Others
112073,2023-09-13,841,1,203.1,1,2,1,Lost
112076,2025-06-26,189,3,1405.51,3,4,4,Loyal
112078,2025-04-20,256,2,1106.1299999999999,3,3,3,Others
112080,2023-11-13,780,1,3935.6800000000003,1,2,5,Lost
112081,2025-12-21,11,13,10895.6,5,5,5,Champions
112083,2025-12-16,16,6,1417.55,5,5,4,Champions
112084,2025-06-16,199,3,323.41,3,4,2,Others
112086,2024-12-06,391,2,201.22,2,3,1,Others
112087,2023-11-09,784,2,606.4200000000001,1,3,2,Others
112089,2024-08-06,513,2,904.47,2,3,3,Others
112090,2025-02-21,314,3,1185.94,2,4,3,At Risk
112091,2025-08-06,148,3,538.6500000000001,3,4,2,Others
112092,2025-11-18,44,3,1202.56,4,4,3,Loyal
112093,2025-07-01,184,1,452.36,3,2,2,Others
112094,2025-12-06,26,2,959.6500000000001,5,3,3,Potential Loyalists
112095,2023-04-13,994,1,3424.0,1,2,5,Lost
112096,2023-09-12,842,2,160.69,1,3,1,Others
112097,2025-04-30,246,5,2502.24,3,4,4,Loyal
112098,2024-11-24,403,2,1110.77,2,3,3,Others
112099,2023-11-05,788,3,553.6,1,4,2,Others
112100,2024-11-11,416,2,1004.15,2,3,3,Others
112101,2024-04-10,631,1,511.58,1,2,2,Lost
112102,2025-12-18,14,12,6118.22,5,5,5,Champions
112103,2025-06-03,212,2,532.69,3,3,2,Others
112104,2025-12-26,6,25,12165.7,5,5,5,Champions
112105,2023-08-18,867,1,33.14,1,2,1,Lost
112106,2023-10-29,795,1,192.82,1,2,1,Lost
112107,2025-01-06,360,1,1755.4499999999998,2,2,4,Lost
112108,2025-12-02,30,2,1230.4599999999998,5,3,3,Potential Loyalists
112109,2025-12-30,2,1,446.95,5,2,2,Potential Loyalists
112110,2023-10-24,800,3,1235.55,1,4,3,At Risk
112111,2025-09-26,97,3,765.5999999999999,4,4,3,Loyal
112112,2025-11-21,41,3,97.28,5,4,1,Others
112113,2024-11-01,426,2,1253.65,2,3,3,Others
112114,2025-12-13,19,45,22683.31,5,5,5,Champions
112115,2025-10-30,63,9,6714.9400000000005,4,5,5,Champions
112116,2025-12-31,1,7,2827.11,5,5,5,Champions
112117,2025-07-19,166,7,1917.32,3,5,4,Loyal
112118,2025-12-02,30,1,442.48,5,2,2,Potential Loyalists
112119,2025-02-20,315,1,159.49,2,2,1,Lost
112120,2024-09-03,485,1,216.56,2,2,1,Lost
112122,2023-03-18,1020,1,475.72,1,2,2,Lost
112124,2024-03-26,646,2,290.19,1,3,1,Others
112126,2025-11-06,56,3,268.38,4,4,1,Others
112128,2025-12-08,24,1,531.28,5,2,2,Potential Loyalists
112129,2024-11-08,419,1,1209.56,2,2,3,Lost
112130,2023-09-19,835,1,113.69,1,2,1,Lost
112131,2023-08-03,882,1,122.26,1,2,1,Lost
112132,2025-07-09,176,2,219.3,3,3,1,Others
112133,2025-12-06,26,3,1843.23,5,4,4,Champions
112134,2025-12-30,2,17,5268.29,5,5,5,Champions
112135,2025-06-22,193,5,5566.99,3,4,5,Loyal
112136,2025-06-28,187,1,393.84,3,2,2,Others
112138,2023-10-21,803,3,412.25,1,4,2,Others
112141,2024-12-27,370,1,120.76,2,2,1,Lost
112142,2025-11-08,54,3,3765.17,4,4,5,Champions
112143,2025-08-20,134,7,1721.8400000000001,3,5,4,Loyal
112144,2025-11-04,58,1,177.65,4,2,1,Potential Loyalists
112145,2025-12-31,1,6,2350.76,5,5,4,Champions
112146,2025-10-05,88,1,689.1800000000001,4,2,2,Potential Loyalists
112147,2023-07-28,888,2,804.7,1,3,3,Others
112149,2025-04-09,267,2,522.66,3,3,2,Others
112151,2025-05-22,224,3,739.14,3,4,3,Loyal
112153,2025-12-26,6,6,2868.93,5,5,5,Champions
112154,2025-11-28,34,2,125.27000000000001,5,3,1,Potential Loyalists
112155,2024-04-04,637,1,427.76,1,2,2,Lost
112157,2025-09-25,98,7,2735.19,4,5,5,Champions
112158,2025-12-23,9,4,658.03,5,4,2,Others
112159,2025-11-04,58,1,99.82,4,2,1,Potential Loyalists
112160,2024-11-05,422,4,2414.3,2,4,4,At Risk
112161,2025-05-08,238,1,208.46,3,2,1,Others
112162,2025-01-22,344,3,1441.1399999999999,2,4,4,At Risk
112164,2025-11-29,33,2,176.68,5,3,1,Potential Loyalists
112165,2024-07-17,533,1,180.84,2,2,1,Lost
112166,2025-03-24,283,9,3921.17,2,5,5,At Risk
112168,2025-04-13,263,3,1257.47,3,4,3,Loyal
112171,2025-04-05,271,7,5248.34,3,5,5,Loyal
112174,2024-05-30,581,1,64.73,1,2,1,Lost
112177,2024-05-24,587,1,23.99,1,2,1,Lost
112178,2024-09-26,462,2,399.31,2,3,2,Others
112179,2024-10-17,441,1,324.23,2,2,2,Lost
112182,2025-08-01,153,3,876.5400000000001,3,4,3,Loyal
112183,2025-12-24,8,2,500.96999999999997,5,3,2,Potential Loyalists
112184,2024-08-27,492,1,181.35000000000002,2,2,1,Lost
112186,2025-12-17,15,4,1556.78,5,4,4,Champions
112187,2025-12-23,9,7,1252.14,5,5,3,Loyal
112188,2025-04-14,262,2,302.85,3,3,2,Others
112190,2024-12-13,384,2,398.49,2,3,2,Others
112191,2024-02-02,699,1,221.64,1,2,1,Lost
112193,2025-12-12,20,2,133.6,5,3,1,Potential Loyalists
112194,2024-10-25,433,1,410.72,2,2,2,Lost
112195,2025-03-01,306,3,804.5799999999999,2,4,3,At Risk
112196,2025-01-23,343,5,1527.73,2,4,4,At Risk
112197,2025-07-02,183,3,1596.74,3,4,4,Loyal
112198,2025-02-23,312,4,2851.24,2,4,5,At Risk
112199,2025-08-30,124,4,1715.08,4,4,4,Champions
112200,2025-12-13,19,43,18065.75,5,5,5,Champions
112201,2025-04-04,272,1,568.82,3,2,2,Others
112202,2023-10-22,802,2,548.85,1,3,2,Others
112204,2025-04-06,270,2,1342.97,3,3,3,Others
112205,2024-09-06,482,1,103.98,2,2,1,Lost
112207,2025-09-02,121,2,947.12,4,3,3,Potential Loyalists
112208,2025-11-13,49,5,2434.1800000000003,4,4,4,Champions
112209,2025-06-30,185,1,149.3,3,2,1,Others
112210,2025-10-30,63,1,525.77,4,2,2,Potential Loyalists
112212,2025-12-17,15,7,5822.15,5,5,5,Champions
112213,2025-11-01,61,2,362.45,4,3,2,Potential Loyalists
112214,2023-10-23,801,2,2342.26,1,3,4,Others
112215,2025-06-07,208,1,99.65,3,2,1,Others
112219,2025-04-18,258,1,278.07,3,2,1,Others
112220,2023-09-25,829,1,379.35,1,2,2,Lost
112224,2024-04-13,628,2,640.41,1,3,2,Others
112226,2025-11-11,51,3,536.1800000000001,4,4,2,Others
112227,2024-02-25,676,2,163.82,1,3,1,Others
112229,2025-12-09,23,1,59.71,5,2,1,Potential Loyalists
112230,2024-02-22,679,3,798.3,1,4,3,At Risk
112232,2025-12-05,27,3,5076.78,5,4,5,Champions
112233,2025-11-02,60,7,2255.55,4,5,4,Champions
112235,2025-11-25,37,9,4324.4,5,5,5,Champions
112236,2025-12-27,5,5,1988.3000000000002,5,4,4,Champions
112238,2024-12-27,370,2,453.03999999999996,2,3,2,Others
112239,2024-12-03,394,2,205.45999999999998,2,3,1,Others
112240,2024-06-29,551,1,1540.52,1,2,4,Lost
112241,2025-10-20,73,9,5657.11,4,5,5,Champions
112242,2024-09-15,473,1,379.07,2,2,2,Lost
112243,2025-12-06,26,1,749.24,5,2,3,Potential Loyalists
112244,2025-05-07,239,4,1298.03,3,4,3,Loyal
112245,2025-08-03,151,1,869.1400000000001,3,2,3,Others
112246,2025-11-11,51,11,4412.25,4,5,5,Champions
112249,2024-09-29,459,2,473.62,2,3,2,Others
112252,2025-10-24,69,3,2823.68,4,4,5,Champions
112253,2024-12-07,390,1,287.82,2,2,1,Lost
112254,2025-10-10,83,1,138.54,4,2,1,Potential Loyalists
112255,2024-09-26,462,4,731.0799999999999,2,4,3,At Risk
112257,2024-05-31,580,1,114.28,1,2,1,Lost
112258,2025-11-18,44,2,520.84,4,3,2,Potential Loyalists
112259,2024-02-11,690,1,203.89000000000001,1,2,1,Lost
112260,2025-12-04,28,4,1294.3,5,4,3,Loyal
112261,2025-09-09,114,4,1184.79,4,4,3,Loyal
112262,2025-10-05,88,4,878.41,4,4,3,Loyal
112263,2025-06-22,193,9,5097.72,3,5,5,Loyal
112264,2024-02-24,677,2,358.55,1,3,2,Others
112265,2025-01-01,365,1,930.73,2,2,3,Lost
112267,2025-02-25,310,3,1977.1,2,4,4,At Risk
112268,2024-08-12,507,2,921.8199999999999,2,3,3,Others
112269,2025-12-18,14,2,1632.75,5,3,4,Potential Loyalists
112270,2025-05-22,224,1,475.1,3,2,2,Others
112271,2025-11-02,60,4,2299.96,4,4,4,Champions
112272,2024-04-23,618,2,335.91,1,3,2,Others
112273,2023-12-04,759,2,352.75,1,3,2,Others
112274,2025-10-09,84,7,2332.64,4,5,4,Champions
112275,2025-11-29,33,6,859.07,5,5,3,Loyal
112277,2025-09-02,121,1,133.66,4,2,1,Potential Loyalists
112278,2025-06-07,208,2,765.9200000000001,3,3,3,Others
112279,2024-04-30,611,2,441.90999999999997,1,3,2,Others
112280,2025-12-18,14,6,2299.6,5,5,4,Champions
112281,2025-05-17,229,3,2253.44,3,4,4,Loyal
112283,2025-12-28,4,3,1731.6,5,4,4,Champions
112284,2025-12-26,6,11,4047.46,5,5,5,Champions
112285,2025-04-11,265,2,2165.42,3,3,4,Others
112287,2024-10-01,457,1,103.45,2,2,1,Lost
112288,2024-05-18,593,1,198.41000000000003,1,2,1,Lost
112290,2025-01-29,337,5,2262.24,2,4,4,At Risk
112291,2024-09-17,471,1,484.94,2,2,2,Lost
112293,2025-12-02,30,2,1917.22,5,3,4,Potential Loyalists
112294,2025-10-25,68,1,722.84,4,2,2,Potential Loyalists
112295,2024-02-25,676,2,1102.09,1,3,3,Others
112301,2025-08-30,124,4,2319.06,4,4,4,Champions
112302,2025-04-23,253,1,1247.57,3,2,3,Others
112303,2025-04-03,273,3,455.19,3,4,2,Others
112304,2024-11-12,415,1,491.12,2,2,2,Lost
112306,2025-10-28,65,5,1806.97,4,4,4,Champions
112307,2025-06-25,190,2,2544.75,3,3,4,Others
112309,2025-06-06,209,4,736.44,3,4,3,Loyal
112310,2025-07-31,154,2,553.9399999999999,3,3,2,Others
112311,2024-07-11,539,3,662.75,1,4,2,Others
112314,2025-12-13,19,29,16983.63,5,5,5,Champions
112315,2023-05-22,955,1,849.13,1,2,3,Lost
112316,2024-04-24,617,2,698.34,1,3,2,Others
112317,2025-12-31,1,6,3068.9700000000003,5,5,5,Champions
112318,2024-01-22,710,1,196.18,1,2,1,Lost
112319,2025-11-27,35,9,4058.4300000000003,5,5,5,Champions
112320,2025-04-19,257,2,634.03,3,3,2,Others
112323,2024-08-09,510,2,4369.2,2,3,5,Others
112324,2023-12-08,755,1,1043.91,1,2,3,Lost
112325,2025-06-13,202,4,1537.01,3,4,4,Loyal
112326,2025-08-01,153,5,4398.0,3,4,5,Loyal
112328,2025-08-12,142,11,4113.42,3,5,5,Loyal
112329,2025-08-12,142,4,1917.25,3,4,4,Loyal
112330,2025-12-06,26,31,18755.5,5,5,5,Champions
112331,2023-07-27,889,2,269.9,1,3,1,Others
112332,2025-11-16,46,5,1753.15,4,4,4,Champions
112333,2025-12-27,5,10,7949.079999999999,5,5,5,Champions
112335,2025-09-24,99,5,3511.64,4,4,5,Champions
112336,2024-12-19,378,2,2700.0,2,3,5,Others
112337,2025-12-26,6,3,1182.94,5,4,3,Loyal
112339,2023-06-15,931,1,2291.8,1,2,4,Lost
112341,2023-05-21,956,1,1581.98,1,2,4,Lost
112342,2024-12-27,370,1,141.0,2,2,1,Lost
112343,2025-01-09,357,5,998.88,2,4,3,At Risk
112344,2025-02-26,309,2,565.93,2,3,2,Others
112345,2025-12-03,29,5,1565.3600000000001,5,4,4,Champions
112346,2025-12-31,1,26,11359.89,5,5,5,Champions
112348,2025-11-09,53,17,8852.58,4,5,5,Champions
112349,2025-09-16,107,2,61.81,4,3,1,Potential Loyalists
112351,2024-10-10,448,3,530.94,2,4,2,Others
112352,2025-09-21,102,3,1121.9,4,4,3,Loyal
112356,2024-10-20,438,1,344.63,2,2,2,Lost
112357,2025-04-18,258,3,591.4200000000001,3,4,2,Others
112358,2025-11-16,46,7,4073.0,4,5,5,Champions
112359,2025-05-14,232,1,116.03,3,2,1,Others
112360,2025-06-29,186,4,723.14,3,4,2,Others
112361,2025-02-25,310,2,504.72999999999996,2,3,2,Others
112362,2025-10-11,82,2,123.02,4,3,1,Potential Loyalists
112363,2024-08-13,506,1,63.76,2,2,1,Lost
112364,2025-10-08,85,7,4936.56,4,5,5,Champions
112366,2024-10-17,441,2,532.45,2,3,2,Others
112368,2024-12-16,381,2,162.4,2,3,1,Others
112369,2024-08-20,499,2,808.39,2,3,3,Others
112370,2023-11-12,781,2,1316.65,1,3,3,Others
112372,2025-12-11,21,4,582.78,5,4,2,Others
112373,2025-12-20,12,2,563.4,5,3,2,Potential Loyalists
112374,2025-08-16,138,2,506.52,3,3,2,Others
112375,2025-12-06,26,3,1133.54,5,4,3,Loyal
112376,2025-01-05,361,1,253.67000000000002,2,2,1,Lost
112377,2025-05-06,240,4,1192.3899999999999,3,4,3,Loyal
112378,2025-01-28,338,3,2408.6,2,4,4,At Risk
112384,2025-08-29,125,7,1513.81,4,5,4,Champions
112385,2025-10-08,85,7,2145.4,4,5,4,Champions
112386,2025-10-25,68,6,3030.22,4,5,5,Champions
112388,2025-05-30,216,1,1420.09,3,2,4,Others
112390,2024-11-02,425,1,371.46000000000004,2,2,2,Lost
112392,2025-09-04,119,5,2101.99,4,4,4,Champions
112393,2025-06-23,192,11,7176.13,3,5,5,Loyal
112394,2025-11-07,55,4,1071.45,4,4,3,Loyal
112395,2025-12-06,26,16,4555.94,5,5,5,Champions
112398,2025-07-14,171,1,223.76,3,2,1,Others
112399,2023-08-16,869,1,206.01999999999998,1,2,1,Lost
112400,2024-03-08,664,2,1481.22,1,3,4,Others
112401,2025-12-26,6,2,664.9599999999999,5,3,2,Potential Loyalists
112402,2025-11-19,43,5,2525.39,4,4,4,Champions
112403,2025-07-10,175,4,2025.9599999999998,3,4,4,Loyal
112404,2024-10-25,433,1,1195.8400000000001,2,2,3,Lost
112405,2025-01-21,345,1,527.03,2,2,2,Lost
112407,2025-09-29,94,3,685.59,4,4,2,Others
112408,2023-11-27,766,1,568.53,1,2,2,Lost
112409,2025-11-26,36,2,267.89,5,3,1,Potential Loyalists
112410,2025-12-09,23,12,2926.59,5,5,5,Champions
112411,2024-06-10,570,1,1405.22,1,2,4,Lost
112412,2024-12-10,387,1,674.71,2,2,2,Lost
112414,2024-12-07,390,3,877.36,2,4,3,At Risk
112415,2024-11-08,419,1,293.98,2,2,2,Lost
112416,2025-12-31,1,4,921.9,5,4,3,Loyal
112419,2025-06-16,199,5,1172.39,3,4,3,Loyal
112420,2025-06-10,205,1,17.34,3,2,1,Others
112421,2025-08-10,144,6,975.54,3,5,3,Loyal
112422,2025-10-26,67,3,2119.48,4,4,4,Champions
112423,2024-03-28,644,1,14.22,1,2,1,Lost
112426,2025-11-29,33,3,2457.51,5,4,4,Champions
112427,2024-10-10,448,1,228.86,2,2,1,Lost
112428,2025-03-27,280,14,5352.25,3,5,5,Loyal
112430,2025-07-25,160,4,873.6499999999999,3,4,3,Loyal
112432,2025-07-09,176,4,4978.2,3,4,5,Loyal
112433,2024-02-22,679,2,1446.32,1,3,4,Others
112434,2025-11-13,49,1,166.47,4,2,1,Potential Loyalists
112435,2024-05-06,605,3,743.6500000000001,1,4,3,At Risk
112436,2025-07-12,173,8,3949.92,3,5,5,Loyal
112437,2025-11-25,37,2,1638.6200000000001,5,3,4,Potential Loyalists
112438,2025-05-23,223,2,586.36,3,3,2,Others
112439,2025-07-21,164,2,397.69000000000005,3,3,2,Others
112440,2025-11-05,57,2,663.26,4,3,2,Potential Loyalists
112441,2025-12-17,15,3,1360.15,5,4,3,Loyal
112442,2025-09-19,104,5,1489.9499999999998,4,4,4,Champions
112445,2025-04-11,265,1,222.54,3,2,1,Others
112447,2025-07-19,166,1,159.38,3,2,1,Others
112448,2025-06-11,204,4,1617.01,3,4,4,Loyal
112449,2025-02-28,307,5,3421.75,2,4,5,At Risk
112451,2025-03-26,281,1,85.21,3,2,1,Others
112452,2025-01-03,363,1,116.44,2,2,1,Lost
112454,2025-08-22,132,4,1777.3999999999999,3,4,4,Loyal
112456,2025-12-05,27,5,2421.85,5,4,4,Champions
112458,2025-11-23,39,3,2086.91,5,4,4,Champions
112459,2025-12-17,15,2,703.4300000000001,5,3,2,Potential Loyalists
112462,2024-04-11,630,4,4017.53,1,4,5,At Risk
112463,2025-09-11,112,9,2505.49,4,5,4,Champions
112464,2025-12-17,15,4,2692.12,5,4,5,Champions
112465,2025-08-26,128,3,300.89,3,4,2,Others
112466,2025-09-22,101,7,2859.19,4,5,5,Champions
112467,2023-11-06,787,1,69.96,1,2,1,Lost
112468,2025-09-10,113,8,3590.0,4,5,5,Champions
112470,2025-12-11,21,1,255.97000000000003,5,2,1,Potential Loyalists
112471,2025-06-27,188,7,4492.59,3,5,5,Loyal
112472,2024-12-14,383,2,3071.3,2,3,5,Others
112473,2025-12-10,22,1,70.64,5,2,1,Potential Loyalists
112476,2025-12-28,4,17,4608.18,5,5,5,Champions
112478,2025-10-18,75,16,5944.62,4,5,5,Champions
112480,2024-08-28,491,2,710.63,2,3,2,Others
112481,2025-03-20,287,2,706.72,2,3,2,Others
112482,2025-12-09,23,2,3295.2799999999997,5,3,5,Potential Loyalists
112484,2025-12-14,18,25,10577.2,5,5,5,Champions
112485,2025-12-29,3,5,2562.69,5,4,4,Champions
112486,2024-12-10,387,2,657.09,2,3,2,Others
112488,2023-11-24,769,2,447.22,1,3,2,Others
112489,2024-03-04,668,2,394.07,1,3,2,Others
112490,2025-07-21,164,2,399.57,3,3,2,Others
112491,2025-07-13,172,2,1329.6200000000001,3,3,3,Others
112493,2025-08-24,130,6,3101.01,3,5,5,Loyal
112494,2025-12-17,15,6,1512.79,5,5,4,Champions
112495,2024-11-03,424,2,294.95,2,3,2,Others
112496,2024-11-23,404,2,195.43,2,3,1,Others
112498,2023-01-25,1072,1,289.79,1,2,1,Lost
112499,2025-05-28,218,2,477.87,3,3,2,Others
112500,2024-12-13,384,2,108.45000000000002,2,3,1,Others
112502,2025-05-05,241,5,1591.42,3,4,4,Loyal
112503,2025-07-25,160,1,1780.4499999999998,3,2,4,Others
112504,2024-06-20,560,2,581.82,1,3,2,Others
112505,2024-10-20,438,2,1894.32,2,3,4,Others
112506,2025-12-30,2,11,5658.17,5,5,5,Champions
112507,2025-11-24,38,2,1009.54,5,3,3,Potential Loyalists
112508,2025-11-18,44,9,4114.82,4,5,5,Champions
112510,2025-08-27,127,4,1598.4199999999998,4,4,4,Champions
112511,2024-08-01,518,1,1806.5,2,2,4,Lost
112512,2025-11-15,47,29,9528.42,4,5,5,Champions
112513,2025-06-07,208,5,1551.4,3,4,4,Loyal
112515,2025-12-07,25,7,5037.97,5,5,5,Champions
112516,2024-04-10,631,2,1199.5,1,3,3,Others
112517,2025-08-18,136,7,2969.03,3,5,5,Loyal
112519,2025-09-13,110,9,4717.71,4,5,5,Champions
112520,2023-09-09,845,3,2078.81,1,4,4,At Risk
112521,2023-09-15,839,2,1609.73,1,3,4,Others
112522,2025-05-05,241,2,627.73,3,3,2,Others
112523,2024-03-14,658,3,1496.69,1,4,4,At Risk
112525,2025-01-04,362,1,108.14,2,2,1,Lost
112530,2025-09-12,111,3,1389.05,4,4,3,Loyal
112531,2025-04-05,271,2,571.16,3,3,2,Others
112532,2024-02-14,687,1,140.12,1,2,1,Lost
112533,2025-09-19,104,1,68.04,4,2,1,Potential Loyalists
112535,2025-01-12,354,4,4046.18,2,4,5,At Risk
112536,2023-10-19,805,2,1309.22,1,3,3,Others
112537,2023-02-16,1050,1,153.93,1,2,1,Lost
112539,2024-11-17,410,2,308.86,2,3,2,Others
112542,2025-04-25,251,1,660.79,3,2,2,Others
112543,2023-11-13,780,1,312.5,1,2,2,Lost
112544,2025-12-24,8,13,7353.01,5,5,5,Champions
112545,2025-10-01,92,3,831.0699999999999,4,4,3,Loyal
112546,2025-08-01,153,4,1533.7800000000002,3,4,4,Loyal
112547,2025-08-02,152,1,143.25,3,2,1,Others
112548,2025-11-19,43,7,4376.18,4,5,5,Champions
112549,2025-07-22,163,2,2650.08,3,3,4,Others
112550,2025-12-17,15,4,2173.16,5,4,4,Champions
112551,2023-01-05,1092,1,76.94,1,2,1,Lost
112552,2025-09-16,107,3,1652.8500000000001,4,4,4,Champions
112553,2025-09-01,122,4,1796.0700000000002,4,4,4,Champions
112554,2024-12-29,368,2,1620.15,2,3,4,Others
112555,2025-12-19,13,6,3548.91,5,5,5,Champions
112556,2025-09-14,109,2,433.08,4,3,2,Potential Loyalists
112557,2025-10-14,79,10,3759.3,4,5,5,Champions
112559,2024-07-03,547,1,167.09,1,2,1,Lost
112561,2025-06-17,198,1,87.15,3,2,1,Others
112563,2024-07-02,548,2,192.85000000000002,1,3,1,Others
112564,2025-12-15,17,2,2094.26,5,3,4,Potential Loyalists
112565,2023-04-03,1004,1,4129.55,1,2,5,Lost
112567,2025-09-04,119,9,3070.83,4,5,5,Champions
112568,2025-09-23,100,2,874.99,4,3,3,Potential Loyalists
112570,2025-10-29,64,2,173.35999999999999,4,3,1,Potential Loyalists
112572,2025-12-13,19,1,1760.91,5,2,4,Potential Loyalists
112573,2025-09-25,98,1,395.4,4,2,2,Potential Loyalists
112574,2024-12-17,380,1,15.4,2,2,1,Lost
112575,2025-11-26,36,1,970.61,5,2,3,Potential Loyalists
112577,2025-12-25,7,3,1612.08,5,4,4,Champions
112578,2024-07-29,521,1,59.86,2,2,1,Lost
112579,2025-03-20,287,2,2140.56,2,3,4,Others
112580,2025-10-26,67,2,995.3399999999999,4,3,3,Potential Loyalists
112582,2025-12-28,4,2,450.57,5,3,2,Potential Loyalists
112583,2025-02-12,323,2,1220.16,2,3,3,Others
112584,2025-11-23,39,4,618.87,5,4,2,Others
112585,2024-06-05,575,1,165.79,1,2,1,Lost
112586,2025-08-13,141,1,479.66,3,2,2,Others
112587,2025-08-09,145,1,474.06,3,2,2,Others
112588,2024-06-15,565,3,1551.5,1,4,4,At Risk
112589,2024-07-13,537,1,1734.0,1,2,4,Lost
112590,2024-09-09,479,1,153.13,2,2,1,Lost
112592,2025-12-02,30,5,1215.5,5,4,3,Loyal
112593,2025-09-05,118,3,1046.8400000000001,4,4,3,Loyal
112594,2024-09-19,469,1,43.39,2,2,1,Lost
112595,2024-07-11,539,1,95.36,1,2,1,Lost
112596,2025-10-05,88,3,1235.12,4,4,3,Loyal
112597,2025-12-06,26,4,2363.51,5,4,4,Champions
112600,2025-05-27,219,6,3617.27,3,5,5,Loyal
112601,2025-12-30,2,6,509.19,5,5,2,Others
112602,2025-12-07,25,2,897.2099999999999,5,3,3,Potential Loyalists
112603,2025-05-26,220,1,77.83,3,2,1,Others
112604,2025-10-03,90,5,2371.1,4,4,4,Champions
112605,2024-01-05,727,2,470.47,1,3,2,Others
112608,2025-05-26,220,5,2542.7400000000002,3,4,4,Loyal
112609,2025-09-06,117,4,2053.68,4,4,4,Champions
112611,2025-11-18,44,4,6125.280000000001,4,4,5,Champions
112612,2025-10-23,70,5,6775.419999999999,4,4,5,Champions
112613,2025-11-16,46,9,5903.6,4,5,5,Champions
112614,2025-06-25,190,2,141.52,3,3,1,Others
112617,2025-12-17,15,9,3667.43,5,5,5,Champions
112618,2023-04-02,1005,1,167.85000000000002,1,2,1,Lost
112619,2025-03-09,298,2,1100.82,2,3,3,Others
112620,2023-11-10,783,2,233.23,1,3,1,Others
112621,2025-12-16,16,6,2707.89,5,5,5,Champions
112622,2025-12-05,27,1,224.82,5,2,1,Potential Loyalists
112623,2025-01-18,348,3,1006.55,2,4,3,At Risk
112624,2025-12-12,20,17,9834.24,5,5,5,Champions
112625,2025-05-24,222,3,132.0,3,4,1,Others
112626,2024-08-26,493,2,578.2,2,3,2,Others
112627,2025-07-20,165,2,424.55,3,3,2,Others
112628,2025-08-13,141,1,439.29,3,2,2,Others
112631,2025-09-05,118,1,664.2,4,2,2,Potential Loyalists
112632,2025-11-16,46,7,1372.18,4,5,3,Loyal
112633,2025-12-27,5,10,5767.570000000001,5,5,5,Champions
112634,2025-12-17,15,7,1291.55,5,5,3,Loyal
112635,2025-12-11,21,4,1435.3,5,4,4,Champions
112636,2025-11-18,44,5,1666.12,4,4,4,Champions
112639,2025-09-07,116,2,937.1,4,3,3,Potential Loyalists
112640,2025-01-27,339,3,984.55,2,4,3,At Risk
112641,2025-06-12,203,3,2291.7,3,4,4,Loyal
112643,2024-12-24,373,2,1252.02,2,3,3,Others
112644,2025-12-18,14,1,458.66999999999996,5,2,2,Potential Loyalists
112645,2025-11-01,61,2,101.55,4,3,1,Potential Loyalists
112646,2025-09-04,119,3,424.44,4,4,2,Others
112647,2025-07-13,172,13,4417.67,3,5,5,Loyal
112648,2025-06-19,196,2,1174.94,3,3,3,Others
112649,2025-12-20,12,5,1659.0,5,4,4,Champions
112650,2024-07-14,536,2,733.67,1,3,3,Others
112652,2025-11-28,34,8,5117.38,5,5,5,Champions
112653,2025-06-12,203,10,3375.33,3,5,5,Loyal
112654,2023-12-27,736,1,265.87,1,2,1,Lost
112656,2025-06-08,207,1,21.65,3,2,1,Others
112657,2025-12-30,2,5,2384.84,5,4,4,Champions
112660,2025-12-20,12,1,3599.1000000000004,5,2,5,Potential Loyalists
112661,2025-07-04,181,2,593.2600000000001,3,3,2,Others
112662,2025-11-06,56,10,4933.36,4,5,5,Champions
112664,2025-11-10,52,4,1040.48,4,4,3,Loyal
112665,2025-11-06,56,3,1824.5400000000002,4,4,4,Champions
112666,2025-12-27,5,3,2746.13,5,4,5,Champions
112668,2025-11-30,32,2,1294.57,5,3,3,Potential Loyalists
112670,2023-03-05,1033,1,1722.9,1,2,4,Lost
112671,2023-07-27,889,1,975.84,1,2,3,Lost
112672,2025-05-11,235,1,289.74,3,2,1,Others
112674,2025-11-14,48,2,327.67,4,3,2,Potential Loyalists
112675,2025-03-29,278,9,2731.7999999999997,3,5,5,Loyal
112676,2024-06-25,555,4,796.24,1,4,3,At Risk
112677,2025-11-08,54,8,2555.36,4,5,4,Champions
112678,2023-05-17,960,1,60.39,1,2,1,Lost
112679,2025-08-03,151,4,452.42,3,4,2,Others
112680,2025-07-13,172,2,3405.12,3,3,5,Others
112681,2025-01-31,335,1,15.78,2,2,1,Lost
112683,2023-11-09,784,1,336.68,1,2,2,Lost
112684,2025-01-18,348,2,267.52,2,3,1,Others
112685,2024-08-28,491,1,554.79,2,2,2,Lost
112686,2025-05-20,226,2,221.42000000000002,3,3,1,Others
112687,2024-01-13,719,3,2268.9700000000003,1,4,4,At Risk
112689,2025-07-01,184,4,672.65,3,4,2,Others
112690,2025-11-20,42,2,486.09000000000003,4,3,2,Potential Loyalists
112692,2025-12-20,12,1,325.59000000000003,5,2,2,Potential Loyalists
112694,2025-12-30,2,4,2297.93,5,4,4,Champions
112696,2024-09-16,472,5,1726.14,2,4,4,At Risk
112697,2025-06-19,196,10,4479.62,3,5,5,Loyal
112698,2025-11-25,37,9,4923.99,5,5,5,Champions
112699,2025-10-21,72,4,1592.84,4,4,4,Champions
112700,2024-10-01,457,1,88.74,2,2,1,Lost
112701,2024-10-31,427,2,715.47,2,3,2,Others
112703,2024-06-24,556,1,126.16999999999999,1,2,1,Lost
112704,2025-09-10,113,7,2667.89,4,5,5,Champions
112705,2025-10-08,85,5,951.0,4,4,3,Loyal
112706,2024-08-19,500,1,951.5,2,2,3,Lost
112708,2025-10-25,68,3,260.61,4,4,1,Others
112709,2023-06-09,937,1,94.11999999999999,1,2,1,Lost
112711,2025-08-19,135,2,164.57,3,3,1,Others
112712,2025-12-23,9,11,4726.7,5,5,5,Champions
112713,2025-08-17,137,5,2182.22,3,4,4,Loyal
112714,2025-12-29,3,6,3539.19,5,5,5,Champions
112715,2025-09-26,97,7,1952.26,4,5,4,Champions
112716,2025-11-10,52,3,381.6,4,4,2,Others
112717,2025-12-29,3,2,593.78,5,3,2,Potential Loyalists
112718,2024-08-26,493,2,93.03999999999999,2,3,1,Others
112720,2025-08-01,153,6,2661.7,3,5,5,Loyal
112721,2025-11-01,61,4,1616.5500000000002,4,4,4,Champions
112722,2025-06-15,200,1,251.86,3,2,1,Others
112724,2023-09-06,848,1,3393.48,1,2,5,Lost
112725,2025-09-09,114,6,2646.14,4,5,4,Champions
112728,2024-07-18,532,3,2642.58,2,4,4,At Risk
112729,2025-10-29,64,8,1916.27,4,5,4,Champions
112730,2023-11-11,782,1,78.63,1,2,1,Lost
112732,2025-11-05,57,1,210.93,4,2,1,Potential Loyalists
112733,2025-02-09,326,3,5043.14,2,4,5,At Risk
112736,2025-03-15,292,1,1244.02,2,2,3,Lost
112737,2025-10-01,92,3,947.7900000000001,4,4,3,Loyal
112738,2024-05-14,597,1,86.75999999999999,1,2,1,Lost
112739,2025-09-19,104,2,487.77,4,3,2,Potential Loyalists
112740,2025-07-25,160,1,104.28,3,2,1,Others
112741,2025-12-26,6,7,3992.93,5,5,5,Champions
112743,2025-07-27,158,6,1156.25,3,5,3,Loyal
112744,2025-07-02,183,3,1166.0300000000002,3,4,3,Loyal
112747,2025-07-12,173,3,1184.6200000000001,3,4,3,Loyal
112748,2025-11-06,56,2,352.03999999999996,4,3,2,Potential Loyalists
112750,2025-01-29,337,3,365.88,2,4,2,Others
112752,2025-08-12,142,3,3270.94,3,4,5,Loyal
112753,2025-01-24,342,3,1544.8100000000002,2,4,4,At Risk
112754,2024-12-11,386,1,538.55,2,2,2,Lost
112755,2025-06-15,200,1,788.58,3,2,3,Others
112756,2024-02-14,687,1,765.38,1,2,3,Lost
112758,2025-12-28,4,11,3868.92,5,5,5,Champions
112759,2024-08-26,493,2,960.6,2,3,3,Others
112760,2025-11-12,50,8,4599.34,4,5,5,Champions
112761,2025-05-06,240,3,298.43000000000006,3,4,2,Others
112762,2025-12-24,8,4,4199.0599999999995,5,4,5,Champions
112763,2023-04-27,980,2,383.07,1,3,2,Others
112765,2025-10-29,64,3,1347.25,4,4,3,Loyal
112766,2025-07-11,174,3,827.98,3,4,3,Loyal
112767,2025-09-08,115,3,1262.81,4,4,3,Loyal
112769,2024-07-14,536,3,2243.84,1,4,4,At Risk
112770,2023-07-28,888,1,647.62,1,2,2,Lost
112771,2024-10-06,452,1,19.48,2,2,1,Lost
112773,2024-10-22,436,1,153.28,2,2,1,Lost
112774,2023-03-19,1019,2,1822.5,1,3,4,Others
112776,2025-10-09,84,5,3346.6600000000003,4,4,5,Champions
112777,2023-04-03,1004,1,362.17,1,2,2,Lost
112778,2023-08-03,882,1,219.97,1,2,1,Lost
112779,2025-11-20,42,5,3547.76,4,4,5,Champions
112780,2024-07-28,522,1,127.8,2,2,1,Lost
112781,2025-11-30,32,4,3913.1099999999997,5,4,5,Champions
112783,2025-11-10,52,3,656.05,4,4,2,Others
112784,2025-12-03,29,1,515.65,5,2,2,Potential Loyalists
112786,2024-10-13,445,2,106.63,2,3,1,Others
112788,2025-06-03,212,2,615.2,3,3,2,Others
112789,2024-08-10,509,1,881.13,2,2,3,Lost
112790,2025-12-11,21,2,1634.08,5,3,4,Potential Loyalists
112791,2025-08-01,153,5,2793.5899999999997,3,4,5,Loyal
112792,2024-01-16,716,2,1308.31,1,3,3,Others
112793,2025-10-29,64,3,1865.77,4,4,4,Champions
112794,2024-08-14,505,3,2306.76,2,4,4,At Risk
112795,2025-11-15,47,6,2122.62,4,5,4,Champions
112796,2025-12-23,9,3,1225.25,5,4,3,Loyal
112797,2025-12-13,19,11,4736.49,5,5,5,Champions
112798,2025-02-04,331,3,2810.11,2,4,5,At Risk
112799,2024-05-31,580,1,152.05,1,2,1,Lost
112800,2025-11-27,35,9,3388.9700000000003,5,5,5,Champions
112801,2025-06-05,210,1,1161.1399999999999,3,2,3,Others
112802,2025-12-14,18,13,5225.55,5,5,5,Champions
112803,2023-09-05,849,1,1454.72,1,2,4,Lost
112804,2025-11-28,34,15,7602.79,5,5,5,Champions
112806,2025-12-14,18,10,3580.15,5,5,5,Champions
112807,2025-11-22,40,10,4058.35,5,5,5,Champions
112808,2025-12-16,16,14,10831.14,5,5,5,Champions
112809,2025-10-23,70,11,4265.83,4,5,5,Champions
112810,2025-10-13,80,4,1751.1000000000001,4,4,4,Champions
112812,2025-12-22,10,5,1756.4099999999999,5,4,4,Champions
112814,2025-08-09,145,3,1392.08,3,4,3,Loyal
112815,2025-06-22,193,4,1117.81,3,4,3,Loyal
112816,2025-10-12,81,9,3170.89,4,5,5,Champions
112818,2023-12-26,737,1,108.96000000000001,1,2,1,Lost
112819,2025-12-07,25,10,4936.68,5,5,5,Champions
112820,2025-03-26,281,2,791.62,3,3,3,Others
112822,2025-05-29,217,5,2308.1,3,4,4,Loyal
112823,2025-04-24,252,4,2885.31,3,4,5,Loyal
112824,2025-02-22,313,1,318.09999999999997,2,2,2,Lost
112825,2023-10-14,810,3,737.83,1,4,3,At Risk
112826,2025-11-11,51,3,1631.79,4,4,4,Champions
112827,2025-11-01,61,1,62.71,4,2,1,Potential Loyalists
112829,2025-06-03,212,2,1970.8600000000001,3,3,4,Others
112830,2025-02-08,327,1,15.66,2,2,1,Lost
112831,2025-12-26,6,6,5190.19,5,5,5,Champions
112832,2025-12-28,4,15,6782.2,5,5,5,Champions
112833,2025-04-29,247,7,4209.61,3,5,5,Loyal
112835,2025-09-27,96,1,747.63,4,2,3,Potential Loyalists
112837,2023-03-28,1010,1,47.76,1,2,1,Lost
112838,2025-07-26,159,2,377.72,3,3,2,Others
112839,2025-03-18,289,4,546.11,2,4,2,Others
112840,2025-07-02,183,1,650.39,3,2,2,Others
112841,2025-12-22,10,7,3973.19,5,5,5,Champions
112842,2024-11-18,409,3,1174.99,2,4,3,At Risk
112843,2024-06-20,560,1,1121.68,1,2,3,Lost
112844,2025-05-03,243,3,1453.76,3,4,4,Loyal
112845,2025-11-27,35,12,4279.5,5,5,5,Champions
112846,2025-03-21,286,4,1769.0,2,4,4,At Risk
112851,2024-12-08,389,2,1641.9800000000002,2,3,4,Others
112852,2025-07-21,164,3,2631.91,3,4,4,Loyal
112853,2024-12-21,376,1,39.4,2,2,1,Lost
112854,2025-12-24,8,6,1792.26,5,5,4,Champions
112857,2025-08-10,144,7,3622.24,3,5,5,Loyal
112859,2025-09-21,102,5,1828.4699999999998,4,4,4,Champions
112860,2025-11-25,37,7,1249.6100000000001,5,5,3,Loyal
112861,2024-07-08,542,1,66.75,1,2,1,Lost
112863,2025-12-17,15,4,3105.6,5,4,5,Champions
112864,2025-07-25,160,2,593.26,3,3,2,Others
112865,2024-11-04,423,1,31.89,2,2,1,Lost
112866,2025-11-16,46,2,1139.49,4,3,3,Potential Loyalists
112867,2025-02-03,332,2,1681.6200000000001,2,3,4,Others
112868,2025-12-11,21,3,885.8699999999999,5,4,3,Loyal
112870,2025-12-17,15,8,4713.53,5,5,5,Champions
112871,2023-12-15,748,1,863.34,1,2,3,Lost
112872,2024-12-17,380,1,77.38,2,2,1,Lost
112874,2024-12-29,368,1,355.41,2,2,2,Lost
112876,2025-11-23,39,12,2630.13,5,5,4,Champions
112877,2025-12-14,18,9,9172.34,5,5,5,Champions
112878,2025-06-19,196,2,252.51000000000002,3,3,1,Others
112880,2024-05-19,592,1,381.02,1,2,2,Lost
112881,2024-10-20,438,4,809.03,2,4,3,At Risk
112882,2025-10-30,63,3,2772.45,4,4,5,Champions
112883,2025-01-17,349,3,744.27,2,4,3,At Risk
112885,2025-06-03,212,2,1711.7199999999998,3,3,4,Others
112886,2025-06-28,187,1,231.55,3,2,1,Others
112887,2025-12-16,16,7,6495.83,5,5,5,Champions
112888,2025-11-06,56,16,6748.26,4,5,5,Champions
112890,2025-03-13,294,1,27.94,2,2,1,Lost
112891,2025-09-24,99,4,2816.1600000000003,4,4,5,Champions
112893,2025-11-16,46,3,1963.63,4,4,4,Champions
112894,2025-12-13,19,5,3212.41,5,4,5,Champions
112895,2025-11-23,39,1,112.13,5,2,1,Potential Loyalists
112896,2025-09-21,102,3,1343.1499999999999,4,4,3,Loyal
112897,2025-11-06,56,13,6221.66,4,5,5,Champions
112898,2024-10-27,431,2,1735.31,2,3,4,Others
112899,2023-08-22,863,1,320.73,1,2,2,Lost
112900,2023-05-17,960,1,461.23,1,2,2,Lost
112902,2025-10-15,78,3,774.33,4,4,3,Loyal
112903,2025-11-23,39,3,1936.0100000000002,5,4,4,Champions
112904,2025-11-04,58,8,2084.12,4,5,4,Champions
112905,2025-11-29,33,12,5726.39,5,5,5,Champions
112908,2025-10-16,77,7,6471.280000000001,4,5,5,Champions
112909,2025-11-18,44,4,1291.15,4,4,3,Loyal
112910,2025-10-28,65,5,4622.12,4,4,5,Champions
112911,2024-07-11,539,1,20.54,1,2,1,Lost
112912,2025-12-24,8,3,833.01,5,4,3,Loyal
112913,2025-04-19,257,4,2038.6399999999999,3,4,4,Loyal
112914,2023-08-11,874,1,51.04,1,2,1,Lost
112916,2025-12-09,23,7,2773.02,5,5,5,Champions
112917,2025-12-29,3,1,49.34,5,2,1,Potential Loyalists
112918,2025-11-04,58,6,2633.3,4,5,4,Champions
112919,2025-11-09,53,1,50.41,4,2,1,Potential Loyalists
112920,2025-10-01,92,13,5316.1900000000005,4,5,5,Champions
112921,2024-10-21,437,4,1416.53,2,4,4,At Risk
112922,2025-03-31,276,1,97.84,3,2,1,Others
112923,2024-11-26,401,4,3574.1299999999997,2,4,5,At Risk
112924,2025-12-22,10,4,2537.89,5,4,4,Champions
112925,2025-07-22,163,5,2453.01,3,4,4,Loyal
112926,2025-11-12,50,1,1278.07,4,2,3,Potential Loyalists
112928,2024-11-11,416,3,761.8199999999999,2,4,3,At Risk
112929,2025-04-03,273,1,40.3,3,2,1,Others
112930,2024-11-11,416,2,828.9000000000001,2,3,3,Others
112931,2025-07-19,166,4,2276.92,3,4,4,Loyal
112932,2025-11-29,33,3,961.56,5,4,3,Loyal
112933,2025-06-08,207,3,1105.68,3,4,3,Loyal
112935,2024-05-13,598,3,491.21,1,4,2,Others
112936,2025-06-19,196,9,2977.04,3,5,5,Loyal
112937,2023-10-15,809,1,1104.32,1,2,3,Lost
112939,2023-11-12,781,1,270.42,1,2,1,Lost
112940,2024-12-28,369,4,463.63,2,4,2,Others
112941,2024-10-09,449,2,175.12,2,3,1,Others
112942,2023-10-19,805,1,592.76,1,2,2,Lost
112943,2023-12-11,752,2,167.72,1,3,1,Others
112944,2025-10-30,63,2,1117.71,4,3,3,Potential Loyalists
112945,2023-03-21,1017,1,227.74,1,2,1,Lost
112946,2025-12-08,24,1,103.22999999999999,5,2,1,Potential Loyalists
112947,2025-07-23,162,4,1550.48,3,4,4,Loyal
112948,2024-10-17,441,1,233.76,2,2,1,Lost
112949,2024-10-29,429,1,72.2,2,2,1,Lost
112950,2025-10-28,65,9,5609.83,4,5,5,Champions
112952,2024-11-20,407,3,171.42,2,4,1,Others
112953,2024-11-21,406,1,799.0700000000002,2,2,3,Lost
112956,2025-06-22,193,2,272.89,3,3,1,Others
112958,2025-12-20,12,8,3967.49,5,5,5,Champions
112959,2024-11-29,398,2,397.88,2,3,2,Others
112960,2025-12-02,30,2,485.1,5,3,2,Potential Loyalists
112961,2025-11-20,42,2,1297.9199999999998,4,3,3,Potential Loyalists
112962,2025-12-23,9,5,2396.86,5,4,4,Champions
112963,2025-08-23,131,2,2484.96,3,3,4,Others
112964,2025-07-02,183,3,1396.59,3,4,3,Loyal
112965,2025-11-13,49,1,284.88,4,2,1,Potential Loyalists
112966,2025-07-09,176,4,2613.24,3,4,4,Loyal
112967,2025-12-29,3,2,1941.1599999999999,5,3,4,Potential Loyalists
112968,2025-02-22,313,3,1179.25,2,4,3,At Risk
112969,2024-03-31,641,4,1837.95,1,4,4,At Risk
112970,2025-03-28,279,5,1448.16,3,4,4,Loyal
112971,2025-04-22,254,1,33.39,3,2,1,Others
112973,2025-08-18,136,2,870.73,3,3,3,Others
112974,2025-12-27,5,10,5928.63,5,5,5,Champions
112975,2024-10-05,453,2,1388.59,2,3,3,Others
112976,2025-09-27,96,8,2660.0499999999997,4,5,5,Champions
112977,2025-11-13,49,20,5824.76,4,5,5,Champions
112978,2025-01-23,343,4,621.14,2,4,2,Others
112979,2025-12-11,21,14,10249.48,5,5,5,Champions
112980,2024-04-18,623,1,376.03,1,2,2,Lost
112981,2025-12-08,24,4,4202.29,5,4,5,Champions
112982,2025-10-18,75,3,1706.07,4,4,4,Champions
112983,2025-12-01,31,4,1359.1200000000001,5,4,3,Loyal
112984,2024-12-14,383,4,1892.5,2,4,4,At Risk
112985,2025-09-29,94,2,729.73,4,3,2,Potential Loyalists
112986,2025-12-26,6,1,400.35,5,2,2,Potential Loyalists
112987,2023-12-27,736,1,83.39,1,2,1,Lost
112988,2025-12-16,16,6,4156.05,5,5,5,Champions
112989,2025-11-16,46,6,1779.16,4,5,4,Champions
112990,2025-08-18,136,9,5059.53,3,5,5,Loyal
112991,2025-12-14,18,4,2295.86,5,4,4,Champions
112992,2024-04-18,623,1,54.38,1,2,1,Lost
112993,2025-11-02,60,3,1068.8899999999999,4,4,3,Loyal
112994,2025-06-15,200,1,83.98,3,2,1,Others
112995,2025-12-06,26,13,5945.26,5,5,5,Champions
112997,2025-06-17,198,2,290.95,3,3,1,Others
113000,2025-02-14,321,3,994.4699999999999,2,4,3,At Risk
113002,2025-08-01,153,1,1317.44,3,2,3,Others
113003,2025-12-09,23,11,5070.97,5,5,5,Champions
113004,2025-12-22,10,3,1993.82,5,4,4,Champions
113005,2024-12-01,396,4,942.94,2,4,3,At Risk
113007,2025-11-27,35,8,3097.93,5,5,5,Champions
113008,2025-11-07,55,6,2008.18,4,5,4,Champions
113011,2025-11-29,33,3,402.08000000000004,5,4,2,Others
113012,2024-04-07,634,2,2638.75,1,3,4,Others
113013,2025-12-25,7,4,8197.51,5,4,5,Champions
113014,2024-08-27,492,2,1227.84,2,3,3,Others
113015,2024-12-18,379,4,1863.41,2,4,4,At Risk
113016,2024-12-30,367,1,115.58,2,2,1,Lost
113019,2024-05-31,580,3,352.90000000000003,1,4,2,Others
113020,2023-06-22,924,2,632.6700000000001,1,3,2,Others
113024,2025-01-09,357,4,3034.31,2,4,5,At Risk
113025,2025-10-21,72,1,272.95,4,2,1,Potential Loyalists
113026,2024-12-16,381,3,4712.07,2,4,5,At Risk
113027,2023-06-29,917,1,1019.1200000000001,1,2,3,Lost
113028,2025-08-07,147,4,1242.52,3,4,3,Loyal
113029,2025-06-27,188,2,520.25,3,3,2,Others
113031,2023-10-14,810,1,197.18,1,2,1,Lost
113035,2024-07-15,535,3,696.96,1,4,2,Others
113036,2023-12-08,755,4,671.77,1,4,2,Others
113037,2024-09-30,458,2,1189.93,2,3,3,Others
113038,2025-08-10,144,8,1938.17,3,5,4,Loyal
113039,2025-12-22,10,19,6406.17,5,5,5,Champions
113040,2025-04-26,250,2,931.71,3,3,3,Others
113041,2024-11-14,413,2,1488.54,2,3,4,Others
113043,2025-10-04,89,8,2563.52,4,5,4,Champions
113044,2023-01-13,1084,1,922.22,1,2,3,Lost
113045,2025-12-06,26,21,8380.83,5,5,5,Champions
113046,2025-11-01,61,1,95.47,4,2,1,Potential Loyalists
113047,2023-08-06,879,1,514.98,1,2,2,Lost
113048,2025-09-19,104,11,2966.1099999999997,4,5,5,Champions
113049,2025-09-15,108,1,386.31,4,2,2,Potential Loyalists
113050,2025-07-01,184,3,505.52,3,4,2,Others
113051,2025-12-12,20,2,738.69,5,3,3,Potential Loyalists
113054,2025-04-08,268,3,1132.88,3,4,3,Loyal
113055,2025-09-05,118,1,313.69,4,2,2,Potential Loyalists
113056,2025-08-25,129,5,4946.46,3,4,5,Loyal
113057,2025-05-08,238,2,813.65,3,3,3,Others
113058,2025-12-06,26,5,3590.5299999999997,5,4,5,Champions
113059,2025-11-22,40,5,645.5300000000001,5,4,2,Others
113061,2025-06-11,204,1,291.58,3,2,1,Others
113063,2024-11-11,416,5,2400.13,2,4,4,At Risk
113064,2023-10-25,799,1,141.75,1,2,1,Lost
113065,2024-09-01,487,3,578.4,2,4,2,Others
113067,2024-10-11,447,1,176.0,2,2,1,Lost
113068,2024-12-30,367,1,179.33,2,2,1,Lost
113070,2025-06-09,206,1,75.95,3,2,1,Others
113071,2025-09-09,114,4,1772.62,4,4,4,Champions
113072,2024-06-21,559,1,993.5600000000001,1,2,3,Lost
113073,2025-09-27,96,2,1467.03,4,3,4,Potential Loyalists
113074,2025-12-06,26,6,1753.28,5,5,4,Champions
113076,2025-12-30,2,5,3615.68,5,4,5,Champions
113077,2025-06-30,185,1,410.93999999999994,3,2,2,Others
113078,2023-01-11,1086,1,2133.62,1,2,4,Lost
113080,2024-12-28,369,1,274.46,2,2,1,Lost
113081,2025-10-30,63,16,4275.6,4,5,5,Champions
113082,2025-12-21,11,6,4188.51,5,5,5,Champions
113083,2025-10-30,63,3,1325.33,4,4,3,Loyal
113084,2025-11-18,44,4,1013.4800000000001,4,4,3,Loyal
113085,2024-12-07,390,2,1247.02,2,3,3,Others
113086,2025-11-11,51,9,2679.49,4,5,5,Champions
113087,2025-12-02,30,2,884.9,5,3,3,Potential Loyalists
113088,2025-12-03,29,7,2908.26,5,5,5,Champions
113089,2023-11-10,783,1,167.05,1,2,1,Lost
113091,2025-08-22,132,9,2015.23,3,5,4,Loyal
113092,2023-01-30,1067,1,61.69,1,2,1,Lost
113094,2025-07-04,181,1,364.97,3,2,2,Others
113095,2025-08-31,123,1,228.91000000000003,4,2,1,Potential Loyalists
113096,2025-11-12,50,10,3323.53,4,5,5,Champions
113099,2025-11-28,34,9,3388.07,5,5,5,Champions
113100,2024-09-08,480,1,66.19,2,2,1,Lost
113104,2025-10-14,79,2,1026.83,4,3,3,Potential Loyalists
113105,2025-03-18,289,1,13.2,2,2,1,Lost
113106,2025-12-07,25,5,1416.54,5,4,4,Champions
113107,2024-01-09,723,1,255.43,1,2,1,Lost
113108,2025-12-07,25,6,2265.83,5,5,4,Champions
113109,2025-12-31,1,4,1349.22,5,4,3,Loyal
113110,2025-09-02,121,6,3493.3700000000003,4,5,5,Champions
113111,2025-04-29,247,2,1460.78,3,3,4,Others
113112,2025-12-22,10,6,2425.63,5,5,4,Champions
113113,2025-11-06,56,2,1461.6000000000001,4,3,4,Potential Loyalists
113116,2025-05-12,234,2,280.33,3,3,1,Others
113117,2025-10-20,73,4,3635.0099999999998,4,4,5,Champions
113118,2023-11-18,775,1,54.24,1,2,1,Lost
113119,2024-12-22,375,2,2017.1999999999998,2,3,4,Others
113120,2024-07-11,539,3,4809.61,1,4,5,At Risk
113121,2024-11-21,406,1,31.68,2,2,1,Lost
113122,2023-10-03,821,1,57.02,1,2,1,Lost
113124,2025-08-07,147,2,1538.76,3,3,4,Others
113125,2023-09-24,830,2,751.36,1,3,3,Others
113126,2025-10-20,73,2,1867.95,4,3,4,Potential Loyalists
113127,2025-09-10,113,3,876.0899999999999,4,4,3,Loyal
113128,2024-05-08,603,1,134.26,1,2,1,Lost
113130,2025-05-17,229,3,4255.95,3,4,5,Loyal
113132,2024-08-29,490,1,267.74,2,2,1,Lost
113133,2024-12-05,392,1,525.33,2,2,2,Lost
113134,2025-08-18,136,8,2620.34,3,5,4,Loyal
113135,2025-05-04,242,3,1050.49,3,4,3,Loyal
113136,2024-10-29,429,2,609.73,2,3,2,Others
113139,2025-12-16,16,7,2839.19,5,5,5,Champions
113140,2025-09-19,104,6,1517.58,4,5,4,Champions
113143,2025-04-06,270,2,263.66,3,3,1,Others
113145,2025-03-05,302,3,855.74,2,4,3,At Risk
113147,2024-12-25,372,5,2333.5699999999997,2,4,4,At Risk
113150,2024-05-04,607,2,659.91,1,3,2,Others
113151,2025-02-18,317,2,216.85,2,3,1,Others
113152,2025-05-22,224,2,324.34000000000003,3,3,2,Others
113153,2025-12-04,28,9,3624.42,5,5,5,Champions
113155,2024-11-17,410,2,320.84999999999997,2,3,2,Others
113156,2024-12-04,393,1,118.66,2,2,1,Lost
113157,2025-09-24,99,2,163.94,4,3,1,Potential Loyalists
113158,2025-12-28,4,4,1630.1,5,4,4,Champions
113160,2025-09-12,111,1,861.79,4,2,3,Potential Loyalists
113161,2025-01-21,345,5,1724.95,2,4,4,At Risk
113162,2025-12-28,4,9,4442.79,5,5,5,Champions
113163,2023-11-15,778,1,130.02,1,2,1,Lost
113164,2024-12-15,382,1,261.73,2,2,1,Lost
113165,2025-08-15,139,2,627.2,3,3,2,Others
113166,2025-10-18,75,5,569.77,4,4,2,Others
113168,2025-03-26,281,1,168.78,3,2,1,Others
113170,2025-04-12,264,7,3683.1600000000003,3,5,5,Loyal
113173,2025-10-16,77,2,1070.24,4,3,3,Potential Loyalists
113174,2025-11-12,50,6,2922.95,4,5,5,Champions
113175,2025-12-09,23,1,137.84,5,2,1,Potential Loyalists
113176,2025-06-24,191,7,924.74,3,5,3,Loyal
113177,2025-11-20,42,9,3104.88,4,5,5,Champions
113179,2024-06-17,563,2,821.72,1,3,3,Others
113180,2025-11-15,47,5,1961.74,4,4,4,Champions
113182,2025-10-30,63,19,9414.28,4,5,5,Champions
113185,2025-03-20,287,2,1183.66,2,3,3,Others
113186,2024-02-27,674,2,664.19,1,3,2,Others
113187,2024-02-18,683,2,251.11,1,3,1,Others
113188,2025-07-27,158,3,6028.4800000000005,3,4,5,Loyal
113190,2025-08-15,139,1,67.1,3,2,1,Others
113191,2025-04-26,250,2,932.49,3,3,3,Others
113192,2024-09-14,474,2,1753.7,2,3,4,Others
113194,2024-12-07,390,3,283.28,2,4,1,Others
113198,2025-11-17,45,6,1641.53,4,5,4,Champions
113199,2025-10-15,78,5,2453.4,4,4,4,Champions
113200,2025-11-06,56,2,680.79,4,3,2,Potential Loyalists
113202,2025-11-14,48,9,5222.84,4,5,5,Champions
113203,2023-04-26,981,1,677.35,1,2,2,Lost
113204,2025-12-02,30,2,288.33,5,3,1,Potential Loyalists
113205,2025-08-28,126,3,599.66,4,4,2,Others
113207,2025-11-30,32,21,8732.75,5,5,5,Champions
113208,2025-03-30,277,3,1066.54,3,4,3,Loyal
113209,2025-11-12,50,4,3459.2999999999997,4,4,5,Champions
113210,2024-12-09,388,2,842.39,2,3,3,Others
113211,2025-12-19,13,6,3869.91,5,5,5,Champions
113212,2025-06-12,203,3,1525.24,3,4,4,Loyal
113213,2024-05-30,581,1,694.28,1,2,2,Lost
113215,2025-11-20,42,7,2610.84,4,5,4,Champions
113216,2025-02-01,334,1,103.75,2,2,1,Lost
113217,2025-04-27,249,9,3485.99,3,5,5,Loyal
113219,2024-11-18,409,1,256.07,2,2,1,Lost
113220,2023-12-28,735,1,132.04,1,2,1,Lost
113221,2025-11-18,44,1,50.94,4,2,1,Potential Loyalists
113222,2025-01-06,360,2,439.58,2,3,2,Others
113223,2025-11-27,35,12,5690.01,5,5,5,Champions
113224,2025-10-22,71,1,1060.7,4,2,3,Potential Loyalists
113225,2024-11-08,419,2,1227.6399999999999,2,3,3,Others
113226,2025-02-06,329,2,1466.5900000000001,2,3,4,Others
113227,2025-06-11,204,6,1701.66,3,5,4,Loyal
113229,2025-11-19,43,12,4440.82,4,5,5,Champions
113230,2025-07-08,177,2,1035.04,3,3,3,Others
113231,2025-10-21,72,6,2502.76,4,5,4,Champions
113232,2023-04-29,978,1,163.7,1,2,1,Lost
113233,2025-04-07,269,5,1980.37,3,4,4,Loyal
113235,2024-05-11,600,1,730.09,1,2,3,Lost
113237,2024-03-08,664,1,32.32,1,2,1,Lost
113238,2025-07-17,168,1,454.51,3,2,2,Others
113239,2025-12-03,29,4,919.39,5,4,3,Loyal
113240,2025-12-24,8,21,10062.86,5,5,5,Champions
113241,2025-11-25,37,3,756.76,5,4,3,Loyal
113242,2023-09-16,838,2,1679.75,1,3,4,Others
113244,2025-12-21,11,8,4425.76,5,5,5,Champions
113245,2024-10-25,433,2,228.07,2,3,1,Others
113246,2025-12-11,21,2,497.82,5,3,2,Potential Loyalists
113247,2025-11-27,35,2,517.5799999999999,5,3,2,Potential Loyalists
113249,2025-12-11,21,2,627.04,5,3,2,Potential Loyalists
113250,2025-01-28,338,1,630.53,2,2,2,Lost
113251,2025-01-13,353,2,136.06,2,3,1,Others
113253,2024-05-30,581,1,266.38,1,2,1,Lost
113254,2025-10-06,87,2,1081.27,4,3,3,Potential Loyalists
113257,2025-08-29,125,4,1544.26,4,4,4,Champions
113258,2024-03-01,671,1,89.21000000000001,1,2,1,Lost
113259,2025-09-20,103,9,1963.51,4,5,4,Champions
113260,2025-07-08,177,2,1897.12,3,3,4,Others
113261,2025-10-07,86,7,2767.87,4,5,5,Champions
113262,2025-03-24,283,1,86.82,2,2,1,Lost
113263,2024-11-28,399,2,1364.65,2,3,3,Others
113265,2025-07-29,156,1,95.72999999999999,3,2,1,Others
113266,2025-08-13,141,13,5493.6,3,5,5,Loyal
113267,2023-12-13,750,1,519.27,1,2,2,Lost
113268,2025-03-15,292,3,1748.23,2,4,4,At Risk
113269,2025-11-22,40,3,1595.31,5,4,4,Champions
113270,2024-12-01,396,1,74.55,2,2,1,Lost
113272,2025-12-01,31,20,8400.11,5,5,5,Champions
113273,2025-05-23,223,2,388.72,3,3,2,Others
113274,2025-12-04,28,1,297.36,5,2,2,Potential Loyalists
113275,2024-11-17,410,1,93.23,2,2,1,Lost
113276,2023-12-26,737,3,708.47,1,4,2,Others
113277,2025-03-30,277,1,677.64,3,2,2,Others
113278,2025-09-08,115,5,819.68,4,4,3,Loyal
113279,2025-12-14,18,7,1615.79,5,5,4,Champions
113281,2025-05-01,245,2,729.26,3,3,2,Others
113282,2025-12-10,22,5,5086.34,5,4,5,Champions
113284,2025-09-12,111,8,2234.41,4,5,4,Champions
113285,2024-09-26,462,2,744.97,2,3,3,Others
113286,2025-05-06,240,1,242.51999999999998,3,2,1,Others
113287,2025-11-15,47,4,3350.58,4,4,5,Champions
113288,2025-10-29,64,3,4183.35,4,4,5,Champions
113289,2024-04-26,615,1,42.84,1,2,1,Lost
113293,2025-11-28,34,6,3466.09,5,5,5,Champions
113294,2023-02-07,1059,1,1521.43,1,2,4,Lost
113295,2024-12-29,368,1,702.87,2,2,2,Lost
113297,2023-11-04,789,1,98.81,1,2,1,Lost
113298,2025-12-29,3,14,6581.8,5,5,5,Champions
113299,2023-04-17,990,1,455.87,1,2,2,Lost
113300,2024-12-01,396,2,374.81,2,3,2,Others
113301,2025-11-13,49,6,3159.7799999999997,4,5,5,Champions
113302,2025-11-20,42,10,7265.12,4,5,5,Champions
113303,2024-12-21,376,4,798.71,2,4,3,At Risk
113305,2025-12-26,6,2,310.4,5,3,2,Potential Loyalists
113307,2025-07-01,184,4,732.99,3,4,3,Loyal
113308,2025-01-24,342,1,52.56,2,2,1,Lost
113309,2023-12-13,750,1,71.19,1,2,1,Lost
113310,2024-11-16,411,3,856.8800000000001,2,4,3,At Risk
113311,2025-11-11,51,6,1972.75,4,5,4,Champions
113315,2023-06-20,926,1,62.47,1,2,1,Lost
113316,2025-03-20,287,2,219.52,2,3,1,Others
113317,2025-11-28,34,1,216.42,5,2,1,Potential Loyalists
113318,2025-04-14,262,4,1421.19,3,4,4,Loyal
113320,2025-11-05,57,4,3420.9500000000003,4,4,5,Champions
113321,2023-02-08,1058,1,21.4,1,2,1,Lost
113323,2024-03-15,657,1,1004.6999999999999,1,2,3,Lost
113325,2025-10-27,66,4,474.04,4,4,2,Others
113326,2024-03-21,651,1,72.34,1,2,1,Lost
113328,2025-09-26,97,6,3031.07,4,5,5,Champions
113329,2023-12-16,747,2,434.15,1,3,2,Others
113330,2025-12-12,20,11,4391.17,5,5,5,Champions
113331,2025-08-26,128,2,1538.35,3,3,4,Others
113332,2025-06-05,210,5,2168.51,3,4,4,Loyal
113335,2025-12-27,5,5,3825.73,5,4,5,Champions
113336,2025-11-03,59,4,1179.88,4,4,3,Loyal
113337,2023-03-16,1022,1,420.43,1,2,2,Lost
113338,2025-10-06,87,2,3515.31,4,3,5,Potential Loyalists
113339,2025-07-30,155,4,1349.3,3,4,3,Loyal
113340,2024-12-26,371,6,1618.26,2,5,4,At Risk
113341,2025-03-19,288,3,1277.55,2,4,3,At Risk
113342,2025-12-16,16,2,714.69,5,3,2,Potential Loyalists
113343,2023-07-03,913,1,504.3,1,2,2,Lost
113344,2025-10-05,88,2,473.71000000000004,4,3,2,Potential Loyalists
113346,2025-04-15,261,2,1674.1599999999999,3,3,4,Others
113349,2025-12-14,18,4,857.12,5,4,3,Loyal
113350,2025-03-19,288,1,159.07,2,2,1,Lost
113352,2024-04-02,639,3,1062.4,1,4,3,At Risk
113353,2025-11-03,59,3,2208.77,4,4,4,Champions
113354,2025-07-06,179,4,2197.7200000000003,3,4,4,Loyal
113355,2025-07-30,155,2,542.88,3,3,2,Others
113356,2025-10-14,79,8,4125.94,4,5,5,Champions
113357,2025-11-25,37,3,296.15999999999997,5,4,2,Others
113359,2024-10-10,448,5,3681.55,2,4,5,At Risk
113360,2025-05-19,227,4,1599.95,3,4,4,Loyal
113362,2025-06-19,196,1,95.52,3,2,1,Others
113363,2025-12-05,27,7,3391.57,5,5,5,Champions
113364,2025-12-07,25,22,12264.76,5,5,5,Champions
113365,2025-04-23,253,1,216.16,3,2,1,Others
113368,2025-12-13,19,2,1711.68,5,3,4,Potential Loyalists
113370,2025-06-03,212,1,799.22,3,2,3,Others
113371,2025-11-06,56,4,639.88,4,4,2,Others
113372,2025-12-26,6,8,5997.75,5,5,5,Champions
113374,2025-12-02,30,1,186.4,5,2,1,Potential Loyalists
113375,2023-03-16,1022,1,236.51,1,2,1,Lost
113376,2025-06-22,193,10,8047.1900000000005,3,5,5,Loyal
113377,2024-12-23,374,2,301.07000000000005,2,3,2,Others
113378,2024-06-15,565,2,153.69,1,3,1,Others
113379,2023-03-08,1030,1,157.76,1,2,1,Lost
113380,2025-03-17,290,2,875.85,2,3,3,Others
113381,2025-12-29,3,4,1946.4,5,4,4,Champions
113382,2025-07-18,167,3,1267.59,3,4,3,Loyal
113383,2023-10-22,802,1,42.16,1,2,1,Lost
113384,2025-06-01,214,2,136.99,3,3,1,Others
113385,2025-08-03,151,3,509.06,3,4,2,Others
113386,2025-08-07,147,4,2791.25,3,4,5,Loyal
113388,2025-11-14,48,12,2602.16,4,5,4,Champions
113389,2024-12-27,370,7,2483.71,2,5,4,At Risk
113390,2025-08-03,151,1,308.52,3,2,2,Others
113391,2025-07-20,165,2,814.07,3,3,3,Others
113392,2025-11-08,54,7,2941.02,4,5,5,Champions
113393,2025-11-26,36,1,159.4,5,2,1,Potential Loyalists
113395,2025-08-01,153,5,2798.77,3,4,5,Loyal
113397,2025-11-11,51,4,2280.14,4,4,4,Champions
113398,2024-12-05,392,2,1618.1599999999999,2,3,4,Others
113400,2025-12-23,9,5,3442.22,5,4,5,Champions
113401,2025-10-29,64,4,2096.56,4,4,4,Champions
113402,2025-06-12,203,1,102.26,3,2,1,Others
113403,2025-12-31,1,23,11608.93,5,5,5,Champions
113404,2024-04-19,622,1,78.3,1,2,1,Lost
113406,2025-06-07,208,5,1824.42,3,4,4,Loyal
113408,2025-11-08,54,3,2058.92,4,4,4,Champions
113410,2023-05-02,975,1,154.83,1,2,1,Lost
113411,2025-11-13,49,1,313.71,4,2,2,Potential Loyalists
113412,2025-10-13,80,15,6254.9400000000005,4,5,5,Champions
113414,2025-12-05,27,5,2269.14,5,4,4,Champions
113415,2024-07-16,534,1,96.16999999999999,1,2,1,Lost
113417,2025-05-23,223,7,2218.96,3,5,4,Loyal
113418,2025-01-21,345,4,1833.22,2,4,4,At Risk
113419,2025-08-27,127,7,1947.59,4,5,4,Champions
113420,2024-10-30,428,1,116.24000000000001,2,2,1,Lost
113421,2025-12-12,20,4,497.05,5,4,2,Others
113422,2025-05-30,216,1,522.63,3,2,2,Others
113423,2024-12-10,387,1,290.44,2,2,1,Lost
113424,2025-06-13,202,2,746.83,3,3,3,Others
113425,2025-07-01,184,1,455.42,3,2,2,Others
113426,2023-10-14,810,3,3411.1499999999996,1,4,5,At Risk
113427,2025-06-17,198,2,1667.54,3,3,4,Others
113428,2025-11-17,45,3,2283.76,4,4,4,Champions
113429,2024-02-29,672,2,189.6,1,3,1,Others
113430,2025-11-19,43,16,6593.88,4,5,5,Champions
113431,2025-02-16,319,3,886.69,2,4,3,At Risk
113434,2025-03-21,286,3,968.62,2,4,3,At Risk
113436,2023-02-10,1056,1,29.56,1,2,1,Lost
113437,2025-10-19,74,12,4626.5199999999995,4,5,5,Champions
113438,2024-12-03,394,3,510.65,2,4,2,Others
113439,2025-09-27,96,2,1372.72,4,3,3,Potential Loyalists
113440,2025-10-03,90,2,2472.01,4,3,4,Potential Loyalists
113441,2025-11-29,33,11,9214.68,5,5,5,Champions
113442,2023-02-12,1054,1,704.82,1,2,2,Lost
113444,2025-03-01,306,1,915.94,2,2,3,Lost
113446,2024-09-15,473,2,1141.8899999999999,2,3,3,Others
113447,2023-07-16,900,1,516.46,1,2,2,Lost
113448,2025-09-14,109,3,314.78999999999996,4,4,2,Others
113449,2025-12-08,24,2,517.26,5,3,2,Potential Loyalists
113450,2025-12-23,9,2,1693.3799999999999,5,3,4,Potential Loyalists
113451,2025-03-02,305,2,624.89,2,3,2,Others
113452,2025-09-30,93,1,370.22,4,2,2,Potential Loyalists
113454,2025-01-01,365,1,72.29,2,2,1,Lost
113456,2025-10-08,85,4,4449.81,4,4,5,Champions
113457,2025-10-08,85,3,472.2,4,4,2,Others
113458,2025-09-02,121,2,755.39,4,3,3,Potential Loyalists
113459,2025-04-15,261,5,2533.27,3,4,4,Loyal
113460,2024-05-15,596,2,927.86,1,3,3,Others
113462,2025-10-07,86,9,1896.54,4,5,4,Champions
113463,2025-12-13,19,10,3360.88,5,5,5,Champions
113464,2023-12-30,733,1,319.03,1,2,2,Lost
113466,2023-05-23,954,1,112.04,1,2,1,Lost
113468,2024-11-14,413,1,919.0699999999999,2,2,3,Lost
113469,2023-06-21,925,1,1493.82,1,2,4,Lost
113474,2025-08-04,150,2,452.07000000000005,3,3,2,Others
113475,2025-10-12,81,7,2549.33,4,5,4,Champions
113476,2025-12-28,4,5,1874.1000000000001,5,4,4,Champions
113477,2025-11-09,53,6,1401.3300000000002,4,5,3,Loyal
113479,2025-11-01,61,2,337.18,4,3,2,Potential Loyalists
113480,2025-11-12,50,5,2267.64,4,4,4,Champions
113481,2025-11-28,34,10,4795.87,5,5,5,Champions
113482,2025-11-11,51,6,1662.8400000000001,4,5,4,Champions
113485,2025-07-21,164,1,60.76,3,2,1,Others
113486,2023-09-07,847,1,276.71,1,2,1,Lost
113487,2025-01-16,350,2,721.33,2,3,2,Others
113490,2025-06-23,192,4,1195.99,3,4,3,Loyal
113491,2024-02-02,699,1,528.54,1,2,2,Lost
113492,2025-04-22,254,3,1059.02,3,4,3,Loyal
113493,2025-12-21,11,2,346.54,5,3,2,Potential Loyalists
113494,2025-12-26,6,37,19683.45,5,5,5,Champions
113495,2025-06-01,214,4,1726.07,3,4,4,Loyal
113496,2025-05-29,217,2,81.71000000000001,3,3,1,Others
113497,2025-10-26,67,5,1395.76,4,4,3,Loyal
113499,2024-08-04,515,1,873.44,2,2,3,Lost
113500,2025-04-07,269,3,1122.76,3,4,3,Loyal
113503,2025-10-10,83,2,458.90000000000003,4,3,2,Potential Loyalists
113504,2025-11-09,53,4,1072.97,4,4,3,Loyal
113505,2025-11-07,55,10,4711.5199999999995,4,5,5,Champions
113508,2025-12-06,26,24,12682.2,5,5,5,Champions
113509,2025-12-07,25,9,5390.45,5,5,5,Champions
113510,2025-09-21,102,3,1549.75,4,4,4,Champions
113513,2025-10-12,81,1,847.75,4,2,3,Potential Loyalists
113514,2025-02-19,316,3,1095.2,2,4,3,At Risk
113515,2025-07-24,161,4,1737.75,3,4,4,Loyal
113516,2025-07-08,177,1,233.49,3,2,1,Others
113518,2025-12-29,3,2,711.68,5,3,2,Potential Loyalists
113519,2024-12-20,377,3,1646.07,2,4,4,At Risk
113520,2024-04-11,630,1,278.4,1,2,1,Lost
113522,2025-05-19,227,3,505.46999999999997,3,4,2,Others
113524,2023-06-25,921,1,271.32,1,2,1,Lost
113525,2025-12-27,5,14,6228.41,5,5,5,Champions
113526,2025-05-09,237,2,231.45,3,3,1,Others
113527,2025-06-09,206,2,1634.64,3,3,4,Others
113528,2024-02-10,691,2,166.12,1,3,1,Others
113530,2025-09-22,101,3,395.3,4,4,2,Others
113531,2025-12-21,11,5,3737.5899999999997,5,4,5,Champions
113532,2025-11-20,42,4,1526.9299999999998,4,4,4,Champions
113534,2023-08-10,875,1,2252.72,1,2,4,Lost
113535,2023-12-13,750,2,520.55,1,3,2,Others
113536,2025-09-01,122,4,1954.81,4,4,4,Champions
113537,2024-09-12,476,3,1511.1299999999999,2,4,4,At Risk
113538,2025-07-11,174,2,446.77,3,3,2,Others
113539,2025-10-18,75,9,4584.77,4,5,5,Champions
113540,2025-08-09,145,6,2787.06,3,5,5,Loyal
113542,2023-08-24,861,1,66.18,1,2,1,Lost
113543,2025-10-01,92,2,2124.21,4,3,4,Potential Loyalists
113545,2025-03-24,283,2,3215.1400000000003,2,3,5,Others
113546,2024-12-28,369,2,692.78,2,3,2,Others
113547,2023-10-02,822,1,955.13,1,2,3,Lost
113548,2025-10-26,67,9,2434.36,4,5,4,Champions
113549,2025-07-30,155,11,4495.44,3,5,5,Loyal
113550,2024-03-15,657,4,1202.31,1,4,3,At Risk
113551,2025-12-29,3,6,1920.7,5,5,4,Champions
113552,2025-12-21,11,6,2099.83,5,5,4,Champions
113553,2025-10-16,77,2,509.32,4,3,2,Potential Loyalists
113554,2025-03-10,297,1,283.20000000000005,2,2,1,Lost
113555,2023-12-31,732,3,759.3699999999999,1,4,3,At Risk
113556,2025-12-09,23,7,1703.57,5,5,4,Champions
113558,2024-04-27,614,1,106.57000000000001,1,2,1,Lost
113559,2025-08-15,139,2,874.69,3,3,3,Others
113560,2024-10-21,437,2,1328.87,2,3,3,Others
113561,2025-12-05,27,6,1487.37,5,5,4,Champions
113562,2025-12-19,13,5,1747.09,5,4,4,Champions
113563,2023-12-12,751,3,1963.3400000000001,1,4,4,At Risk
113564,2025-06-06,209,2,1816.19,3,3,4,Others
113566,2024-11-12,415,1,239.70999999999998,2,2,1,Lost
113567,2025-12-05,27,2,1022.03,5,3,3,Potential Loyalists
113568,2024-12-31,366,1,806.9100000000001,2,2,3,Lost
113570,2025-03-10,297,2,376.18,2,3,2,Others
113571,2025-07-25,160,2,938.26,3,3,3,Others
113572,2025-09-27,96,4,1786.76,4,4,4,Champions
113573,2025-02-09,326,2,686.14,2,3,2,Others
113574,2025-10-12,81,4,1526.15,4,4,4,Champions
113578,2025-12-16,16,10,4188.17,5,5,5,Champions
113580,2025-01-01,365,4,2836.2400000000002,2,4,5,At Risk
113581,2025-12-20,12,7,6012.9,5,5,5,Champions
113582,2025-08-10,144,11,4558.83,3,5,5,Loyal
113583,2024-10-29,429,2,1187.6399999999999,2,3,3,Others
113585,2025-10-10,83,1,196.84,4,2,1,Potential Loyalists
113586,2025-08-09,145,4,1282.84,3,4,3,Loyal
113587,2025-06-23,192,1,86.22,3,2,1,Others
113588,2025-11-25,37,11,2701.79,5,5,5,Champions
113589,2025-02-13,322,2,918.81,2,3,3,Others
113590,2025-10-07,86,1,168.89,4,2,1,Potential Loyalists
113591,2025-05-21,225,8,4006.2,3,5,5,Loyal
113592,2025-11-21,41,2,993.67,5,3,3,Potential Loyalists
113593,2025-12-21,11,15,8084.7,5,5,5,Champions
113594,2024-10-07,451,6,2900.24,2,5,5,At Risk
113595,2025-11-13,49,2,109.35,4,3,1,Potential Loyalists
113596,2025-05-18,228,12,4859.92,3,5,5,Loyal
113597,2023-11-30,763,1,343.47,1,2,2,Lost
113599,2025-08-21,133,4,2364.15,3,4,4,Loyal
113601,2023-05-31,946,1,670.12,1,2,2,Lost
113603,2024-01-11,721,2,487.60999999999996,1,3,2,Others
113605,2023-09-27,827,2,212.05,1,3,1,Others
113606,2025-11-04,58,4,884.23,4,4,3,Loyal
113607,2025-12-09,23,6,1751.73,5,5,4,Champions
113608,2025-04-25,251,4,1273.67,3,4,3,Loyal
113610,2025-02-10,325,4,4270.19,2,4,5,At Risk
113611,2024-03-29,643,3,2330.2599999999998,1,4,4,At Risk
113612,2023-12-28,735,1,125.86,1,2,1,Lost
113614,2024-09-08,480,1,94.61,2,2,1,Lost
113616,2024-04-28,613,1,420.38,1,2,2,Lost
113617,2025-04-12,264,2,1986.61,3,3,4,Others
113618,2025-10-18,75,2,717.5,4,3,2,Potential Loyalists
113619,2025-09-27,96,5,1506.34,4,4,4,Champions
113620,2025-12-18,14,4,1342.58,5,4,3,Loyal
113621,2024-11-12,415,3,450.65,2,4,2,Others
113622,2023-10-12,812,1,555.44,1,2,2,Lost
113623,2025-11-08,54,4,1277.74,4,4,3,Loyal
113624,2024-09-04,484,4,1495.43,2,4,4,At Risk
113625,2023-06-08,938,1,77.18,1,2,1,Lost
113628,2025-08-30,124,4,1969.3800000000003,4,4,4,Champions
113630,2025-05-30,216,3,1940.31,3,4,4,Loyal
113632,2025-12-29,3,8,4032.33,5,5,5,Champions
113633,2025-08-02,152,7,2122.53,3,5,4,Loyal
113634,2025-05-18,228,1,393.69,3,2,2,Others
113635,2025-08-24,130,6,2540.3,3,5,4,Loyal
113636,2025-12-13,19,4,3557.99,5,4,5,Champions
113638,2025-08-11,143,6,2105.63,3,5,4,Loyal
113639,2024-10-10,448,3,3391.88,2,4,5,At Risk
113641,2025-05-11,235,5,2281.77,3,4,4,Loyal
113644,2025-11-03,59,4,374.29999999999995,4,4,2,Others
113645,2025-12-30,2,4,3537.4700000000003,5,4,5,Champions
113646,2025-12-26,6,9,3471.38,5,5,5,Champions
113648,2024-10-10,448,2,812.4300000000001,2,3,3,Others
113649,2025-04-24,252,1,131.37,3,2,1,Others
113650,2024-06-27,553,4,490.59,1,4,2,Others
113651,2025-08-10,144,15,6864.719999999999,3,5,5,Loyal
113652,2024-07-29,521,2,324.02,2,3,2,Others
113653,2025-09-20,103,5,5082.200000000001,4,4,5,Champions
113654,2023-05-02,975,1,874.22,1,2,3,Lost
113655,2025-07-18,167,1,95.27,3,2,1,Others
113656,2024-06-21,559,5,2581.91,1,4,4,At Risk
113657,2024-03-31,641,1,83.19,1,2,1,Lost
113659,2023-11-03,790,1,960.83,1,2,3,Lost
113661,2025-03-04,303,2,1544.47,2,3,4,Others
113663,2024-09-19,469,1,1673.73,2,2,4,Lost
113664,2023-09-15,839,1,57.34,1,2,1,Lost
113665,2025-11-20,42,3,699.59,4,4,2,Others
113666,2024-08-03,516,3,576.26,2,4,2,Others
113668,2024-10-12,446,3,1219.19,2,4,3,At Risk
113669,2025-03-25,282,3,782.57,3,4,3,Loyal
113670,2025-09-06,117,6,2996.2,4,5,5,Champions
113671,2025-06-28,187,3,757.57,3,4,3,Loyal
113673,2024-04-29,612,1,135.01,1,2,1,Lost
113674,2024-10-07,451,1,92.12,2,2,1,Lost
113675,2025-12-23,9,3,842.73,5,4,3,Loyal
113676,2025-10-17,76,7,6103.95,4,5,5,Champions
113677,2025-12-15,17,3,1623.22,5,4,4,Champions
113678,2025-02-08,327,1,532.0,2,2,2,Lost
113682,2023-09-05,849,1,1340.79,1,2,3,Lost
113683,2025-06-22,193,7,4296.76,3,5,5,Loyal
113684,2025-06-28,187,8,4608.84,3,5,5,Loyal
113686,2025-12-08,24,2,729.12,5,3,2,Potential Loyalists
113687,2025-08-25,129,5,1712.5900000000001,3,4,4,Loyal
113688,2023-06-05,941,1,86.07,1,2,1,Lost
113690,2023-10-14,810,1,129.02,1,2,1,Lost
113693,2025-10-03,90,1,813.98,4,2,3,Potential Loyalists
113694,2025-06-24,191,1,436.76,3,2,2,Others
113695,2025-12-12,20,8,2117.95,5,5,4,Champions
113696,2025-12-25,7,3,1272.81,5,4,3,Loyal
113698,2025-09-23,100,1,827.45,4,2,3,Potential Loyalists
113699,2025-08-11,143,6,2970.3799999999997,3,5,5,Loyal
113700,2024-05-06,605,1,54.1,1,2,1,Lost
113701,2025-12-18,14,3,1824.8500000000001,5,4,4,Champions
113702,2023-08-13,872,2,752.64,1,3,3,Others
113703,2023-01-03,1094,1,149.37,1,2,1,Lost
113705,2025-11-27,35,22,11370.07,5,5,5,Champions
113706,2025-05-06,240,5,3310.9,3,4,5,Loyal
113707,2024-12-29,368,2,285.94,2,3,1,Others
113709,2023-04-26,981,2,922.4,1,3,3,Others
113710,2025-12-31,1,18,8406.65,5,5,5,Champions
113711,2024-09-11,477,3,1005.68,2,4,3,At Risk
113712,2024-06-22,558,3,2062.86,1,4,4,At Risk
113713,2025-01-15,351,1,101.7,2,2,1,Lost
113714,2025-04-24,252,2,2726.71,3,3,5,Others
113715,2025-12-30,2,12,3057.85,5,5,5,Champions
113716,2025-07-26,159,5,2958.72,3,4,5,Loyal
113717,2025-12-25,7,12,4284.78,5,5,5,Champions
113718,2023-01-18,1079,1,454.12,1,2,2,Lost
113719,2025-12-04,28,2,1300.97,5,3,3,Potential Loyalists
113720,2025-08-28,126,3,1951.54,4,4,4,Champions
113721,2024-03-19,653,2,327.32,1,3,2,Others
113722,2025-11-20,42,7,4107.74,4,5,5,Champions
113723,2025-12-16,16,5,3061.36,5,4,5,Champions
113724,2025-12-25,7,10,7246.29,5,5,5,Champions
113725,2025-04-27,249,1,890.02,3,2,3,Others
113726,2025-01-21,345,1,2246.4100000000003,2,2,4,Lost
113727,2025-11-01,61,3,407.95000000000005,4,4,2,Others
113728,2023-01-13,1084,1,778.1700000000001,1,2,3,Lost
113730,2025-09-15,108,5,1093.36,4,4,3,Loyal
113731,2025-12-04,28,12,3117.65,5,5,5,Champions
113732,2025-10-11,82,6,2220.94,4,5,4,Champions
113733,2025-02-18,317,4,1107.46,2,4,3,At Risk
113735,2024-07-09,541,1,345.31,1,2,2,Lost
113739,2025-10-01,92,2,1102.01,4,3,3,Potential Loyalists
113741,2025-03-22,285,1,843.8399999999999,2,2,3,Lost
113742,2025-12-25,7,6,4075.45,5,5,5,Champions
113743,2024-09-17,471,2,829.8299999999999,2,3,3,Others
113744,2025-12-08,24,3,3062.01,5,4,5,Champions
113745,2025-10-27,66,3,2106.61,4,4,4,Champions
113746,2025-07-27,158,1,452.68,3,2,2,Others
113747,2025-06-21,194,2,1935.9,3,3,4,Others
113748,2025-02-08,327,2,599.1,2,3,2,Others
113749,2025-10-22,71,5,2522.78,4,4,4,Champions
113751,2024-10-29,429,2,300.98,2,3,2,Others
113754,2024-07-29,521,2,891.63,2,3,3,Others
113755,2025-12-11,21,5,824.1899999999999,5,4,3,Loyal
113756,2025-10-05,88,1,544.03,4,2,2,Potential Loyalists
113757,2025-09-08,115,5,1146.54,4,4,3,Loyal
113759,2024-09-12,476,1,402.96,2,2,2,Lost
113760,2023-12-20,743,2,160.54,1,3,1,Others
113761,2024-11-20,407,1,454.75,2,2,2,Lost
113762,2025-02-15,320,1,88.94,2,2,1,Lost
113763,2023-06-10,936,1,59.99,1,2,1,Lost
113766,2024-12-14,383,2,710.3,2,3,2,Others
113767,2025-02-28,307,8,4167.12,2,5,5,At Risk
113768,2024-02-24,677,1,582.6099999999999,1,2,2,Lost
113770,2025-12-18,14,6,2960.2400000000002,5,5,5,Champions
113771,2025-11-05,57,4,799.77,4,4,3,Loyal
113774,2025-03-30,277,3,2139.2,3,4,4,Loyal
113775,2023-10-06,818,1,688.0,1,2,2,Lost
113778,2025-11-30,32,4,5147.4,5,4,5,Champions
113779,2025-12-16,16,15,5634.71,5,5,5,Champions
113780,2025-07-20,165,4,745.72,3,4,3,Loyal
113782,2025-06-24,191,1,544.13,3,2,2,Others
113783,2025-12-14,18,7,3411.85,5,5,5,Champions
113785,2025-10-04,89,5,2855.38,4,4,5,Champions
113787,2025-06-15,200,2,587.6700000000001,3,3,2,Others
113788,2025-07-31,154,1,1069.4,3,2,3,Others
113790,2024-07-26,524,3,529.9,2,4,2,Others
113791,2024-04-26,615,1,1107.59,1,2,3,Lost
113792,2025-10-28,65,13,4569.09,4,5,5,Champions
113793,2025-03-21,286,1,756.25,2,2,3,Lost
113796,2024-08-05,514,4,1453.36,2,4,4,At Risk
113798,2025-11-24,38,2,1076.74,5,3,3,Potential Loyalists
113799,2025-03-22,285,2,1526.3400000000001,2,3,4,Others
113804,2025-09-08,115,6,4323.86,4,5,5,Champions
113805,2025-12-09,23,3,669.06,5,4,2,Others
113806,2024-11-03,424,3,3718.3099999999995,2,4,5,At Risk
113807,2024-02-20,681,1,69.0,1,2,1,Lost
113808,2025-12-21,11,6,1149.49,5,5,3,Loyal
113810,2024-05-31,580,1,56.29,1,2,1,Lost
113811,2023-06-07,939,1,1271.99,1,2,3,Lost
113812,2025-07-29,156,8,2402.91,3,5,4,Loyal
113813,2025-10-07,86,6,1086.77,4,5,3,Loyal
113815,2024-11-24,403,1,79.71,2,2,1,Lost
113816,2025-04-24,252,2,198.13,3,3,1,Others
113817,2024-09-02,486,1,142.3,2,2,1,Lost
113818,2025-05-06,240,5,2111.07,3,4,4,Loyal
113819,2025-01-31,335,1,45.65,2,2,1,Lost
113821,2023-11-24,769,1,262.21,1,2,1,Lost
113822,2025-08-17,137,3,883.5500000000001,3,4,3,Loyal
113825,2025-05-07,239,2,346.4,3,3,2,Others
113826,2025-08-07,147,2,1407.62,3,3,4,Others
113828,2025-07-11,174,2,1322.9299999999998,3,3,3,Others
113829,2025-12-11,21,5,2820.37,5,5,5,Champions
113830,2025-05-01,245,1,19.3,3,2,1,Others
113831,2025-01-03,363,4,2829.09,2,4,5,At Risk
113832,2025-12-15,17,13,5518.400000000001,5,5,5,Champions
113833,2025-07-09,176,2,1234.49,3,3,3,Others
113834,2025-12-27,5,3,1562.62,5,4,4,Champions
113835,2025-04-15,261,4,888.08,3,4,3,Loyal
113836,2024-11-29,398,7,3334.35,2,5,5,At Risk
113838,2025-11-02,60,1,14.85,4,2,1,Potential Loyalists
113840,2024-06-08,572,1,573.78,1,2,2,Lost
113841,2024-08-31,488,1,1695.47,2,2,4,Lost
113843,2025-05-04,242,4,1309.1299999999999,3,4,3,Loyal
113844,2025-06-10,205,2,412.73,3,3,2,Others
113845,2025-01-29,337,4,4153.599999999999,2,4,5,At Risk
113847,2025-11-05,57,2,2061.52,4,3,4,Potential Loyalists
113849,2023-03-14,1024,1,174.54,1,2,1,Lost
113850,2023-10-31,793,1,1008.03,1,2,3,Lost
113851,2025-09-20,103,3,629.83,4,4,2,Others
113853,2025-09-04,119,4,1350.48,4,4,3,Loyal
113854,2025-08-23,131,2,1030.1499999999999,3,3,3,Others
113856,2025-12-10,22,2,422.40000000000003,5,3,2,Potential Loyalists
113858,2025-12-24,8,2,228.54,5,3,1,Potential Loyalists
113861,2025-11-11,51,1,276.12,4,2,1,Potential Loyalists
113862,2025-05-27,219,3,353.47,3,4,2,Others
113864,2025-10-30,63,3,1267.3899999999999,4,4,3,Loyal
113865,2025-03-11,296,2,944.98,2,3,3,Others
113866,2025-09-19,104,1,2875.44,4,2,5,Potential Loyalists
113867,2025-10-20,73,1,640.4,4,2,2,Potential Loyalists
113868,2024-07-09,541,1,1585.63,1,2,4,Lost
113869,2025-12-10,22,6,1435.96,5,5,4,Champions
113870,2025-08-17,137,5,2713.51,3,5,5,Loyal
113871,2025-12-04,28,4,2168.07,5,4,4,Champions
113872,2025-08-28,126,2,1994.15,4,3,4,Potential Loyalists
113873,2025-11-02,60,2,5293.24,4,3,5,Potential Loyalists
113875,2023-08-16,869,1,1442.12,1,2,4,Lost
113876,2023-09-06,848,1,36.57,1,2,1,Lost
113877,2025-11-26,36,6,1470.3500000000001,5,5,4,Champions
113879,2025-12-03,29,3,704.3399999999999,5,4,2,Others
113881,2025-02-27,308,1,586.76,2,2,2,Lost
113882,2025-07-11,174,3,838.4100000000001,3,4,3,Loyal
113883,2024-02-08,693,1,232.79999999999998,1,2,1,Lost
113884,2025-11-13,49,6,2136.81,4,5,4,Champions
113885,2025-11-24,38,19,8409.23,5,5,5,Champions
113886,2023-08-12,873,1,237.04,1,2,1,Lost
113887,2025-08-18,136,8,1001.51,3,5,3,Loyal
113888,2025-10-29,64,6,4417.37,4,5,5,Champions
113890,2024-12-28,369,2,726.34,2,3,2,Others
113891,2025-06-01,214,2,618.03,3,3,2,Others
113892,2025-10-23,70,7,4477.73,4,5,5,Champions
113893,2025-01-23,343,1,631.03,2,2,2,Lost
113895,2023-11-26,767,1,948.4200000000001,1,2,3,Lost
113896,2025-02-20,315,5,4737.0,2,5,5,At Risk
113897,2025-05-26,220,3,6152.8099999999995,3,4,5,Loyal
113898,2025-02-21,314,1,51.69,2,2,1,Lost
113899,2025-10-08,85,10,4643.24,4,5,5,Champions
113900,2023-07-10,906,1,307.94,1,2,2,Lost
113902,2024-05-10,601,1,430.68,1,2,2,Lost
113904,2024-12-17,380,3,298.06,2,4,2,Others
113905,2025-08-25,129,3,723.04,3,4,2,Others
113906,2025-12-07,25,5,3856.37,5,5,5,Champions
113907,2024-07-28,522,1,55.41,2,2,1,Lost
113908,2024-12-23,374,3,1461.38,2,4,4,At Risk
113909,2025-12-02,30,3,3141.43,5,4,5,Champions
113910,2025-09-16,107,2,523.52,4,3,2,Potential Loyalists
113911,2025-12-12,20,1,257.5,5,2,1,Potential Loyalists
113912,2025-05-06,240,4,715.44,3,4,2,Others
113913,2025-07-01,184,3,2558.84,3,4,4,Loyal
113915,2024-12-12,385,2,364.03999999999996,2,3,2,Others
113916,2025-08-06,148,1,108.31,3,2,1,Others
113918,2024-11-27,400,3,1417.96,2,4,4,At Risk
113919,2024-08-30,489,3,2432.23,2,4,4,At Risk
113921,2025-01-14,352,7,2023.07,2,5,4,At Risk
113922,2024-08-11,508,2,227.79000000000002,2,3,1,Others
113923,2025-09-01,122,3,2156.52,4,4,4,Champions
113924,2025-11-22,40,3,978.75,5,4,3,Loyal
113925,2024-12-25,372,1,103.86,2,2,1,Lost
113926,2025-12-08,24,4,2994.27,5,4,5,Champions
113927,2025-05-20,226,2,921.0300000000001,3,3,3,Others
113928,2025-12-23,9,7,3917.71,5,5,5,Champions
113929,2025-04-26,250,3,906.0899999999999,3,4,3,Loyal
113930,2024-05-22,589,1,68.98,1,2,1,Lost
113931,2024-09-14,474,4,3296.57,2,4,5,At Risk
113932,2025-10-05,88,1,48.25,4,2,1,Potential Loyalists
113933,2025-08-27,127,6,1814.1299999999999,4,5,4,Champions
113934,2025-11-25,37,1,255.92000000000002,5,2,1,Potential Loyalists
113935,2025-12-30,2,16,4440.22,5,5,5,Champions
113936,2023-09-12,842,1,819.13,1,2,3,Lost
113937,2025-12-25,7,6,5095.43,5,5,5,Champions
113938,2025-08-25,129,3,1266.8,3,4,3,Loyal
113939,2025-03-13,294,5,1506.6499999999999,2,5,4,At Risk
113940,2025-12-12,20,5,1717.08,5,5,4,Champions
113941,2025-12-13,19,2,1849.0100000000002,5,3,4,Potential Loyalists
113942,2025-12-17,15,5,2422.47,5,5,4,Champions
113944,2024-08-18,501,1,307.89,2,2,2,Lost
113945,2025-09-29,94,4,981.39,4,4,3,Loyal
113947,2025-12-28,4,2,469.48,5,3,2,Potential Loyalists
113948,2025-12-20,12,2,580.8599999999999,5,3,2,Potential Loyalists
113949,2025-11-16,46,2,1576.52,4,3,4,Potential Loyalists
113950,2023-11-04,789,1,335.62,1,2,2,Lost
113951,2023-08-16,869,1,152.89,1,2,1,Lost
113952,2025-03-02,305,4,3257.76,2,4,5,At Risk
113953,2025-09-26,97,2,1911.27,4,3,4,Potential Loyalists
113954,2025-10-26,67,6,3273.02,4,5,5,Champions
113956,2024-05-30,581,1,585.1700000000001,1,2,2,Lost
113957,2025-04-23,253,5,555.25,3,5,2,Others
113958,2025-04-26,250,2,773.61,3,3,3,Others
113959,2025-12-31,1,9,4323.38,5,5,5,Champions
113960,2023-09-01,853,1,117.77,1,2,1,Lost
113961,2024-04-03,638,2,142.1,1,3,1,Others
113962,2025-06-01,214,5,1602.56,3,5,4,Loyal
113963,2024-01-21,711,1,245.65,1,2,1,Lost
113965,2025-01-01,365,1,383.80999999999995,2,2,2,Lost
113966,2024-12-05,392,1,680.87,2,2,2,Lost
113968,2024-03-09,663,3,1663.56,1,4,4,At Risk
113969,2025-08-14,140,7,3962.35,3,5,5,Loyal
113970,2024-04-30,611,1,373.4,1,2,2,Lost
113972,2025-05-30,216,3,925.73,3,4,3,Loyal
113973,2025-12-25,7,6,1912.04,5,5,4,Champions
113974,2025-12-28,4,1,382.43,5,2,2,Potential Loyalists
113975,2024-11-28,399,1,108.06,2,2,1,Lost
113976,2025-04-13,263,2,120.88,3,3,1,Others
113977,2025-11-15,47,7,3400.27,4,5,5,Champions
113979,2025-12-04,28,3,1423.94,5,4,4,Champions
113980,2025-07-16,169,1,1823.33,3,2,4,Others
113981,2025-11-09,53,6,3161.07,4,5,5,Champions
113982,2024-01-29,703,1,1149.9099999999999,1,2,3,Lost
113985,2024-05-29,582,1,1048.01,1,2,3,Lost
113986,2023-06-07,939,3,1117.73,1,4,3,At Risk
113988,2025-08-08,146,3,2600.35,3,4,4,Loyal
113989,2025-05-27,219,1,125.11000000000001,3,2,1,Others
113990,2025-06-21,194,1,765.1899999999999,3,2,3,Others
113992,2025-12-29,3,4,3272.6,5,4,5,Champions
113993,2025-10-05,88,7,2056.42,4,5,4,Champions
113994,2025-06-18,197,3,1483.3,3,4,4,Loyal
113997,2024-01-21,711,1,139.96,1,2,1,Lost
113998,2025-03-27,280,1,2950.92,3,2,5,Others
113999,2025-10-27,66,8,2939.6800000000003,4,5,5,Champions
114000,2023-09-20,834,1,93.53,1,2,1,Lost
114002,2025-04-19,257,4,609.04,3,4,2,Others
114004,2025-09-03,120,5,2278.69,4,5,4,Champions
114006,2025-05-07,239,2,2146.83,3,3,4,Others
114007,2025-11-29,33,1,681.61,5,2,2,Potential Loyalists
114008,2024-11-21,406,2,1215.66,2,3,3,Others
114009,2025-11-03,59,2,461.90999999999997,4,3,2,Potential Loyalists
114010,2025-04-26,250,4,1867.3500000000001,3,4,4,Loyal
114011,2025-09-28,95,5,2718.11,4,5,5,Champions
114012,2024-11-16,411,1,269.29,2,2,1,Lost
114013,2025-07-04,181,3,1691.3500000000001,3,4,4,Loyal
114014,2025-07-08,177,2,378.75,3,3,2,Others
114015,2024-09-07,481,1,1332.98,2,2,3,Lost
114016,2024-11-09,418,1,82.34,2,2,1,Lost
114017,2024-01-24,708,2,1295.63,1,3,3,Others
114020,2025-12-26,6,1,139.44,5,2,1,Potential Loyalists
114021,2025-10-03,90,8,4319.0,4,5,5,Champions
114023,2025-10-20,73,5,2200.82,4,5,4,Champions
114024,2025-08-17,137,1,149.72,3,2,1,Others
114025,2025-08-27,127,3,909.79,4,4,3,Loyal
114028,2025-10-08,85,1,941.76,4,2,3,Potential Loyalists
114029,2025-12-19,13,1,127.9,5,2,1,Potential Loyalists
114030,2025-12-17,15,9,6743.719999999999,5,5,5,Champions
114031,2025-09-15,108,4,2214.25,4,4,4,Champions
114032,2025-11-24,38,7,2001.39,5,5,4,Champions
114033,2025-11-16,46,7,8698.4,4,5,5,Champions
114035,2025-10-22,71,7,3274.7000000000003,4,5,5,Champions
114037,2025-03-11,296,2,202.12,2,3,1,Others
114039,2025-04-22,254,3,1838.3200000000002,3,4,4,Loyal
114040,2024-11-20,407,4,1358.1499999999999,2,4,3,At Risk
114041,2025-01-06,360,2,1674.53,2,3,4,Others
114042,2025-12-21,11,7,4940.67,5,5,5,Champions
114043,2025-08-12,142,2,634.56,3,3,2,Others
114044,2025-10-12,81,3,687.49,4,4,2,Others
114045,2025-08-13,141,1,61.77,3,2,1,Others
114046,2025-11-30,32,1,285.95,5,2,1,Potential Loyalists
114049,2025-09-27,96,10,6434.03,4,5,5,Champions
114050,2025-05-25,221,4,1897.03,3,4,4,Loyal
114051,2025-09-19,104,2,1049.75,4,3,3,Potential Loyalists
114052,2024-10-11,447,4,996.8,2,4,3,At Risk
114053,2024-07-14,536,2,1224.12,1,3,3,Others
114054,2025-03-07,300,1,40.83,2,2,1,Lost
114056,2024-04-26,615,1,110.24,1,2,1,Lost
114057,2024-02-04,697,2,626.04,1,3,2,Others
114058,2025-07-11,174,4,933.7099999999999,3,4,3,Loyal
114059,2025-09-28,95,1,2918.9399999999996,4,2,5,Potential Loyalists
114060,2025-08-06,148,5,890.39,3,5,3,Loyal
114061,2024-09-15,473,2,2888.59,2,3,5,Others
114062,2025-12-26,6,2,570.75,5,3,2,Potential Loyalists
114064,2025-11-27,35,1,76.63,5,2,1,Potential Loyalists
114065,2025-03-10,297,2,923.1600000000001,2,3,3,Others
114066,2025-02-27,308,2,1173.76,2,3,3,Others
114067,2025-12-22,10,6,1972.94,5,5,4,Champions
114068,2025-11-05,57,3,1097.67,4,4,3,Loyal
114069,2024-09-07,481,2,1580.6699999999998,2,3,4,Others
114070,2024-06-22,558,2,965.01,1,3,3,Others
114072,2024-03-15,657,1,499.56,1,2,2,Lost
114073,2025-10-28,65,9,1606.77,4,5,4,Champions
114074,2025-10-25,68,3,1266.98,4,4,3,Loyal
114075,2025-06-16,199,5,2171.47,3,5,4,Loyal
114076,2025-12-01,31,1,39.91,5,2,1,Potential Loyalists
114077,2024-01-31,701,2,963.0,1,3,3,Others
114080,2025-11-13,49,5,2174.02,4,5,4,Champions
114083,2025-05-17,229,2,601.9399999999999,3,3,2,Others
114084,2025-09-24,99,1,568.4000000000001,4,2,2,Potential Loyalists
114085,2025-10-03,90,2,2858.95,4,3,5,Potential Loyalists
114086,2024-07-11,539,1,554.75,1,2,2,Lost
114087,2025-06-19,196,2,705.9100000000001,3,3,2,Others
114089,2025-09-30,93,1,58.17,4,2,1,Potential Loyalists
114090,2025-12-06,26,1,329.03999999999996,5,2,2,Potential Loyalists
114091,2025-08-17,137,2,1871.6699999999998,3,3,4,Others
114092,2025-03-24,283,4,557.34,2,4,2,Others
114093,2024-12-18,379,1,763.26,2,2,3,Lost
114096,2025-12-18,14,11,5550.14,5,5,5,Champions
114097,2025-12-02,30,5,3363.27,5,5,5,Champions
114098,2025-12-05,27,5,1226.68,5,5,3,Loyal
114100,2023-10-20,804,3,967.1,1,4,3,At Risk
114101,2025-06-30,185,4,2797.21,3,4,5,Loyal
114102,2025-06-18,197,1,738.01,3,2,3,Others
114104,2025-12-25,7,6,1730.27,5,5,4,Champions
114105,2024-11-17,410,3,2205.1,2,4,4,At Risk
114107,2025-04-29,247,4,2599.59,3,4,4,Loyal
114108,2025-11-24,38,14,5979.58,5,5,5,Champions
114109,2025-10-07,86,5,2439.09,4,5,4,Champions
114111,2025-04-03,273,3,2919.66,3,4,5,Loyal
114112,2024-11-20,407,1,109.46,2,2,1,Lost
114114,2025-11-08,54,4,664.86,4,4,2,Others
114116,2024-10-14,444,1,141.13,2,2,1,Lost
114117,2024-12-30,367,1,89.0,2,2,1,Lost
114121,2025-06-28,187,2,654.5400000000001,3,3,2,Others
114122,2023-12-11,752,1,46.22,1,2,1,Lost
114123,2023-05-07,970,2,845.95,1,3,3,Others
114126,2025-04-02,274,1,273.21000000000004,3,2,1,Others
114128,2025-01-29,337,1,124.49,2,2,1,Lost
114129,2025-06-25,190,2,1278.02,3,3,3,Others
114130,2024-03-15,657,1,612.73,1,2,2,Lost
114131,2025-11-21,41,3,757.94,5,4,3,Loyal
114132,2024-07-17,533,6,2023.6200000000001,2,5,4,At Risk
114133,2024-11-07,420,1,179.88,2,2,1,Lost
114134,2025-12-03,29,2,951.69,5,3,3,Potential Loyalists
114135,2023-07-03,913,1,297.12,1,2,2,Lost
114136,2025-04-22,254,2,140.82,3,3,1,Others
114137,2025-10-04,89,6,1482.3700000000001,4,5,4,Champions
114138,2025-11-11,51,4,1389.5900000000001,4,4,3,Loyal
114139,2023-11-07,786,1,73.12,1,2,1,Lost
114140,2023-04-16,991,1,512.63,1,2,2,Lost
114141,2025-11-03,59,2,592.8399999999999,4,3,2,Potential Loyalists
114143,2025-04-11,265,1,943.01,3,2,3,Others
114144,2024-01-14,718,2,792.6400000000001,1,3,3,Others
114145,2025-02-16,319,1,1635.65,2,2,4,Lost
114147,2025-09-03,120,5,1015.77,4,5,3,Loyal
114148,2025-11-09,53,6,2046.87,4,5,4,Champions
114149,2025-12-26,6,5,3072.5099999999998,5,5,5,Champions
114150,2023-07-28,888,2,1112.98,1,3,3,Others
114151,2025-11-05,57,7,1912.99,4,5,4,Champions
114153,2025-12-20,12,17,8306.7,5,5,5,Champions
114154,2025-05-08,238,1,85.73,3,2,1,Others
114155,2025-05-26,220,2,990.36,3,3,3,Others
114156,2024-10-11,447,1,1574.8300000000002,2,2,4,Lost
114158,2025-04-05,271,4,722.4100000000001,3,4,2,Others
114159,2025-12-23,9,21,6808.53,5,5,5,Champions
114160,2024-01-06,726,3,1044.21,1,4,3,At Risk
114162,2025-11-28,34,10,3659.67,5,5,5,Champions
114163,2025-06-30,185,3,2447.94,3,4,4,Loyal
114164,2025-07-01,184,8,7814.54,3,5,5,Loyal
114166,2025-12-10,22,12,9314.16,5,5,5,Champions
114167,2023-05-19,958,1,93.81,1,2,1,Lost
114168,2025-05-01,245,2,340.52,3,3,2,Others
114169,2024-03-22,650,2,166.32,1,3,1,Others
114171,2025-08-02,152,2,283.08,3,3,1,Others
114173,2025-12-01,31,3,1806.44,5,4,4,Champions
114174,2024-04-18,623,1,613.15,1,2,2,Lost
114177,2023-12-16,747,1,582.3,1,2,2,Lost
114178,2024-03-15,657,1,882.2199999999999,1,2,3,Lost
114179,2025-12-20,12,9,6398.11,5,5,5,Champions
114180,2025-04-26,250,1,1253.53,3,2,3,Others
114181,2025-04-18,258,1,145.78,3,2,1,Others
114183,2025-12-31,1,12,4364.84,5,5,5,Champions
114184,2025-02-05,330,2,891.07,2,3,3,Others
114186,2025-12-17,15,4,661.6899999999999,5,4,2,Others
114187,2024-10-15,443,1,237.39,2,2,1,Lost
114189,2023-09-05,849,1,590.99,1,2,2,Lost
114190,2025-10-26,67,14,3129.81,4,5,5,Champions
114191,2025-11-07,55,2,561.63,4,3,2,Potential Loyalists
114193,2024-04-29,612,1,1612.36,1,2,4,Lost
114194,2023-10-05,819,2,1155.37,1,3,3,Others
114195,2025-12-21,11,12,6162.64,5,5,5,Champions
114196,2025-06-19,196,8,5037.81,3,5,5,Loyal
114198,2024-09-10,478,8,1265.98,2,5,3,At Risk
114199,2024-11-29,398,1,89.67,2,2,1,Lost
114200,2025-10-28,65,1,161.01,4,2,1,Potential Loyalists
114201,2025-12-26,6,11,7690.42,5,5,5,Champions
114202,2025-11-04,58,11,4953.66,4,5,5,Champions
114203,2024-11-22,405,2,1856.55,2,3,4,Others
114204,2025-12-07,25,1,561.34,5,2,2,Potential Loyalists
114205,2025-12-23,9,1,145.22,5,2,1,Potential Loyalists
114206,2024-11-29,398,2,144.4,2,3,1,Others
114207,2025-12-24,8,10,6323.4400000000005,5,5,5,Champions
114209,2024-05-15,596,3,1070.1,1,4,3,At Risk
114210,2025-11-14,48,4,1513.31,4,4,4,Champions
114211,2025-06-03,212,10,3763.54,3,5,5,Loyal
114212,2025-07-20,165,8,1884.95,3,5,4,Loyal
114213,2023-09-18,836,2,171.73,1,3,1,Others
114214,2025-06-07,208,4,3245.97,3,4,5,Loyal
114215,2024-10-11,447,4,373.63,2,4,2,Others
114217,2025-12-16,16,7,4478.58,5,5,5,Champions
114218,2025-02-13,322,2,621.48,2,3,2,Others
114220,2025-12-07,25,9,2504.29,5,5,4,Champions
114221,2023-12-10,753,1,1979.61,1,2,4,Lost
114222,2025-09-02,121,7,2009.34,4,5,4,Champions
114223,2025-10-25,68,4,3512.52,4,4,5,Champions
114224,2023-05-02,975,1,252.07,1,2,1,Lost
114225,2025-01-18,348,8,2333.52,2,5,4,At Risk
114226,2024-05-27,584,4,2127.64,1,4,4,At Risk
114227,2025-05-05,241,4,3567.23,3,4,5,Loyal
114229,2025-02-17,318,1,12.95,2,2,1,Lost
114230,2024-11-05,422,1,85.74,2,2,1,Lost
114231,2025-04-29,247,3,325.98,3,4,2,Others
114232,2025-10-27,66,20,12918.53,4,5,5,Champions
114234,2025-11-09,53,3,1429.54,4,4,4,Champions
114235,2023-02-04,1062,1,1240.04,1,2,3,Lost
114237,2024-09-16,472,1,14.16,2,2,1,Lost
114238,2025-07-02,183,6,1112.8600000000001,3,5,3,Loyal
114246,2025-04-04,272,5,2851.94,3,5,5,Loyal
114247,2025-12-29,3,2,128.31,5,3,1,Potential Loyalists
114248,2023-05-23,954,1,153.89000000000001,1,2,1,Lost
114249,2025-11-18,44,8,965.68,4,5,3,Loyal
114250,2025-12-28,4,4,3658.57,5,4,5,Champions
114251,2025-12-02,30,3,966.87,5,4,3,Loyal
114253,2025-09-08,115,2,5426.98,4,3,5,Potential Loyalists
114255,2025-09-16,107,3,1725.53,4,4,4,Champions
114256,2025-10-16,77,8,1248.09,4,5,3,Loyal
114257,2025-02-12,323,3,1610.52,2,4,4,At Risk
114258,2025-11-01,61,7,2316.09,4,5,4,Champions
114259,2025-07-19,166,1,29.91,3,2,1,Others
114260,2025-09-04,119,4,1484.91,4,4,4,Champions
114262,2025-10-01,92,1,562.74,4,2,2,Potential Loyalists
114263,2025-02-23,312,4,1522.79,2,4,4,At Risk
114264,2025-11-08,54,2,168.67,4,3,1,Potential Loyalists
114265,2025-06-09,206,4,2588.94,3,4,4,Loyal
114267,2025-02-21,314,1,137.16,2,2,1,Lost
114268,2025-07-14,171,2,1130.57,3,3,3,Others
114269,2025-05-27,219,3,1680.25,3,4,4,Loyal
114270,2025-08-24,130,6,3921.4100000000003,3,5,5,Loyal
114272,2023-06-12,934,1,152.15,1,2,1,Lost
114273,2024-05-27,584,5,1436.88,1,5,4,At Risk
114275,2025-09-27,96,6,2110.32,4,5,4,Champions
114276,2023-04-23,984,1,66.96,1,2,1,Lost
114277,2025-12-24,8,1,104.64,5,2,1,Potential Loyalists
114278,2024-12-30,367,3,648.15,2,4,2,Others
114280,2025-12-12,20,8,5082.13,5,5,5,Champions
114281,2023-04-03,1004,1,68.69,1,2,1,Lost
114283,2024-02-04,697,2,1296.98,1,3,3,Others
114284,2025-12-25,7,4,2202.14,5,4,4,Champions
114285,2025-08-16,138,3,1889.79,3,4,4,Loyal
114286,2025-08-30,124,2,156.03,4,3,1,Potential Loyalists
114287,2024-11-13,414,3,1015.6600000000001,2,4,3,At Risk
114289,2025-12-30,2,33,13799.37,5,5,5,Champions
114290,2025-11-13,49,3,897.8,4,4,3,Loyal
114291,2024-11-15,412,2,475.78,2,3,2,Others
114292,2025-11-30,32,28,10071.3,5,5,5,Champions
114295,2023-11-22,771,1,744.76,1,2,3,Lost
114296,2025-11-29,33,3,1172.8899999999999,5,4,3,Loyal
114297,2025-12-28,4,2,643.56,5,3,2,Potential Loyalists
114298,2024-11-16,411,1,2535.61,2,2,4,Lost
114300,2025-10-18,75,9,2108.67,4,5,4,Champions
114301,2025-12-23,9,4,1048.22,5,4,3,Loyal
114302,2025-12-10,22,9,4202.64,5,5,5,Champions
114303,2025-07-18,167,5,1452.78,3,5,4,Loyal
114305,2025-06-29,186,5,1022.1700000000001,3,5,3,Loyal
114306,2025-06-04,211,6,4225.93,3,5,5,Loyal
114307,2025-12-23,9,6,2691.74,5,5,5,Champions
114308,2025-11-28,34,5,937.15,5,5,3,Loyal
114309,2024-06-15,565,1,903.76,1,2,3,Lost
114310,2025-12-10,22,12,4894.01,5,5,5,Champions
114311,2023-12-02,761,2,1702.6399999999999,1,3,4,Others
114312,2025-11-30,32,13,4783.47,5,5,5,Champions
114313,2025-07-06,179,1,302.99,3,2,2,Others
114314,2025-04-18,258,1,1730.3899999999999,3,2,4,Others
114315,2023-06-21,925,1,749.11,1,2,3,Lost
114316,2025-12-07,25,11,4007.08,5,5,5,Champions
114318,2025-11-27,35,6,2699.54,5,5,5,Champions
114319,2023-10-14,810,1,422.69000000000005,1,2,2,Lost
114320,2025-07-25,160,2,1469.88,3,3,4,Others
114321,2025-12-10,22,3,1427.59,5,4,4,Champions
114322,2024-12-25,372,1,113.09,2,2,1,Lost
114324,2025-12-08,24,8,2391.02,5,5,4,Champions
114325,2025-09-08,115,2,2509.0,4,3,4,Potential Loyalists
114326,2025-08-22,132,13,7596.849999999999,3,5,5,Loyal
114327,2025-12-29,3,2,325.40999999999997,5,3,2,Potential Loyalists
114328,2025-11-10,52,17,8681.43,4,5,5,Champions
114330,2025-10-12,81,5,1077.78,4,5,3,Loyal
114331,2025-09-16,107,5,5657.34,4,5,5,Champions
114332,2025-11-01,61,2,873.24,4,3,3,Potential Loyalists
114333,2023-11-18,775,1,284.08,1,2,1,Lost
114334,2025-12-03,29,1,121.96000000000001,5,2,1,Potential Loyalists
114335,2023-01-04,1093,1,188.85999999999999,1,2,1,Lost
114336,2024-08-23,496,2,1772.54,2,3,4,Others
114337,2025-07-20,165,11,5363.19,3,5,5,Loyal
114338,2023-10-01,823,1,259.09000000000003,1,2,1,Lost
114339,2025-04-22,254,4,946.27,3,4,3,Loyal
114340,2025-09-11,112,2,415.77,4,3,2,Potential Loyalists
114341,2024-06-24,556,3,814.4,1,4,3,At Risk
114343,2025-11-06,56,3,606.05,4,4,2,Others
114344,2025-01-23,343,2,651.66,2,3,2,Others
114345,2025-07-15,170,3,4318.62,3,4,5,Loyal
114346,2024-07-23,527,2,275.74,2,3,1,Others
114348,2025-07-25,160,3,1050.39,3,4,3,Loyal
114349,2025-11-05,57,4,753.61,4,4,3,Loyal
114351,2023-11-23,770,2,418.89,1,3,2,Others
114352,2025-12-14,18,34,19253.18,5,5,5,Champions
114353,2025-05-02,244,1,992.66,3,2,3,Others
114355,2025-11-09,53,4,1773.56,4,4,4,Champions
114356,2025-05-02,244,2,1846.56,3,3,4,Others
114357,2025-12-12,20,10,5421.7699999999995,5,5,5,Champions
114358,2025-10-14,79,3,1380.5,4,4,3,Loyal
114359,2025-06-22,193,3,3175.4300000000003,3,4,5,Loyal
114360,2025-11-02,60,3,542.8,4,4,2,Others
114361,2024-08-28,491,1,154.07,2,2,1,Lost
114362,2024-12-30,367,2,1100.81,2,3,3,Others
114363,2025-12-22,10,4,645.0,5,4,2,Others
114366,2025-01-31,335,2,963.85,2,3,3,Others
114368,2025-12-12,20,4,1352.79,5,4,3,Loyal
114370,2025-06-27,188,1,2831.43,3,2,5,Others
114372,2025-10-13,80,5,3116.17,4,5,5,Champions
114375,2025-08-25,129,1,123.96000000000001,3,2,1,Others
114376,2024-08-13,506,2,235.62,2,3,1,Others
114378,2025-03-09,298,2,652.95,2,3,2,Others
114380,2025-09-30,93,14,2682.59,4,5,5,Champions
114381,2024-08-08,511,2,803.52,2,3,3,Others
114382,2025-11-27,35,7,5468.82,5,5,5,Champions
114385,2025-08-31,123,7,776.85,4,5,3,Loyal
114386,2025-11-21,41,3,1176.56,5,4,3,Loyal
114387,2025-03-26,281,2,419.86,3,3,2,Others
114388,2025-06-27,188,3,1525.79,3,4,4,Loyal
114391,2024-07-27,523,2,261.33,2,3,1,Others
114393,2025-04-03,273,3,1920.1000000000001,3,4,4,Loyal
114394,2025-04-15,261,2,199.45000000000002,3,3,1,Others
114396,2025-12-30,2,11,6046.59,5,5,5,Champions
114397,2023-02-26,1040,1,172.79,1,2,1,Lost
114398,2024-12-21,376,1,304.7,2,2,2,Lost
114399,2025-12-05,27,10,4227.02,5,5,5,Champions
114400,2023-10-17,807,1,384.4,1,2,2,Lost
114401,2024-12-20,377,1,65.61,2,2,1,Lost
114403,2025-01-20,346,1,129.62,2,2,1,Lost
114404,2024-09-06,482,1,124.38,2,2,1,Lost
114405,2025-09-04,119,6,1312.88,4,5,3,Loyal
114406,2025-12-07,25,9,2257.07,5,5,4,Champions
114407,2024-08-04,515,2,683.75,2,3,2,Others
114408,2025-06-12,203,2,169.23000000000002,3,3,1,Others
114409,2025-12-11,21,7,2970.52,5,5,5,Champions
114410,2025-05-24,222,4,2442.02,3,4,4,Loyal
114411,2024-08-11,508,2,264.51,2,3,1,Others
114412,2024-09-27,461,1,161.84,2,2,1,Lost
114413,2025-07-15,170,4,1783.16,3,4,4,Loyal
114414,2024-07-21,529,4,1123.3899999999999,2,4,3,At Risk
114416,2025-11-17,45,5,2877.16,4,5,5,Champions
114417,2024-10-28,430,2,1066.98,2,3,3,Others
114418,2025-11-03,59,1,91.2,4,2,1,Potential Loyalists
114419,2025-12-24,8,3,2930.37,5,4,5,Champions
114420,2025-12-19,13,4,560.88,5,4,2,Others
114422,2025-02-05,330,4,672.91,2,4,2,Others
114423,2024-05-12,599,1,278.46,1,2,1,Lost
114424,2025-06-27,188,2,880.29,3,3,3,Others
114426,2025-11-03,59,2,982.45,4,3,3,Potential Loyalists
114427,2025-10-19,74,11,4188.0199999999995,4,5,5,Champions
114428,2024-06-11,569,3,548.3,1,4,2,Others
114429,2025-11-20,42,6,9337.59,4,5,5,Champions
114430,2025-12-14,18,23,11400.7,5,5,5,Champions
114432,2025-09-22,101,5,944.79,4,5,3,Loyal
114434,2024-06-05,575,1,150.94,1,2,1,Lost
114437,2025-12-09,23,2,970.65,5,3,3,Potential Loyalists
114438,2023-04-30,977,1,897.44,1,2,3,Lost
114439,2025-12-20,12,8,3532.31,5,5,5,Champions
114440,2025-12-25,7,6,2165.58,5,5,4,Champions
114444,2025-12-01,31,3,469.16,5,4,2,Others
114446,2025-12-08,24,3,1231.53,5,4,3,Loyal
114449,2025-01-18,348,1,59.42,2,2,1,Lost
114450,2024-03-26,646,2,387.7,1,3,2,Others
114452,2024-06-26,554,2,120.19,1,3,1,Others
114453,2023-12-09,754,2,1210.11,1,3,3,Others
114455,2025-09-22,101,3,229.34,4,4,1,Others
114456,2025-01-13,353,3,1257.7,2,4,3,At Risk
114458,2025-10-14,79,2,111.53999999999999,4,3,1,Potential Loyalists
114459,2025-06-22,193,2,927.73,3,3,3,Others
114460,2025-11-09,53,9,5352.18,4,5,5,Champions
114461,2025-04-15,261,1,72.3,3,2,1,Others
114462,2025-06-22,193,4,2455.33,3,4,4,Loyal
114464,2024-11-07,420,5,1341.43,2,5,3,At Risk
114465,2024-08-16,503,2,1006.01,2,3,3,Others
114467,2025-09-20,103,2,157.01,4,3,1,Potential Loyalists
114472,2025-10-03,90,19,10392.88,4,5,5,Champions
114473,2023-11-28,765,1,69.78,1,2,1,Lost
114474,2023-09-30,824,2,975.9300000000001,1,3,3,Others
114475,2025-12-01,31,1,984.63,5,2,3,Potential Loyalists
114476,2025-04-28,248,3,295.74,3,4,2,Others
114478,2023-05-18,959,1,154.78,1,2,1,Lost
114479,2025-12-09,23,3,799.85,5,4,3,Loyal
114480,2023-11-08,785,3,2100.52,1,4,4,At Risk
114481,2025-11-21,41,2,391.82,5,3,2,Potential Loyalists
114482,2025-09-08,115,1,253.51999999999998,4,2,1,Potential Loyalists
114483,2025-10-23,70,1,1258.0,4,2,3,Potential Loyalists
114484,2025-11-13,49,7,2578.73,4,5,4,Champions
114485,2025-11-29,33,1,202.67000000000002,5,2,1,Potential Loyalists
114486,2025-11-29,33,7,5962.35,5,5,5,Champions
114487,2025-11-11,51,1,91.14,4,2,1,Potential Loyalists
114489,2025-08-25,129,2,1454.74,3,3,4,Others
114490,2025-07-02,183,1,232.0,3,2,1,Others
114491,2025-11-30,32,3,195.26999999999998,5,4,1,Others
114493,2025-12-19,13,5,1629.49,5,5,4,Champions
114494,2025-03-16,291,2,2378.8,2,3,4,Others
114495,2025-12-13,19,12,3469.96,5,5,5,Champions
114496,2025-11-06,56,9,4378.67,4,5,5,Champions
114497,2025-08-22,132,5,2685.25,3,5,5,Loyal
114500,2025-12-27,5,3,927.72,5,4,3,Loyal
114501,2025-12-03,29,1,306.48,5,2,2,Potential Loyalists
114503,2023-08-27,858,1,34.21,1,2,1,Lost
114504,2025-12-27,5,2,337.33,5,3,2,Potential Loyalists
114505,2025-12-29,3,13,3765.73,5,5,5,Champions
114506,2025-12-07,25,10,4785.94,5,5,5,Champions
114507,2025-11-24,38,8,3321.79,5,5,5,Champions
114510,2025-11-19,43,7,2611.83,4,5,4,Champions
114511,2025-09-02,121,8,2666.7499999999995,4,5,5,Champions
114512,2024-12-15,382,1,129.44,2,2,1,Lost
114513,2023-10-12,812,2,263.18,1,3,1,Others
114514,2025-06-16,199,5,464.96000000000004,3,5,2,Others
114515,2024-12-20,377,1,173.75,2,2,1,Lost
114516,2025-12-19,13,1,888.88,5,2,3,Potential Loyalists
114517,2024-11-26,401,1,533.72,2,2,2,Lost
114518,2025-12-10,22,8,2853.13,5,5,5,Champions
114524,2023-05-14,963,1,135.3,1,2,1,Lost
114525,2025-01-04,362,6,4134.49,2,5,5,At Risk
114526,2025-06-25,190,5,2426.41,3,5,4,Loyal
114528,2025-06-21,194,3,2375.19,3,4,4,Loyal
114529,2024-05-03,608,1,251.77999999999997,1,2,1,Lost
114530,2025-05-10,236,5,2706.5499999999997,3,5,5,Loyal
114531,2025-12-03,29,2,334.53,5,3,2,Potential Loyalists
114532,2025-10-15,78,2,205.32,4,3,1,Potential Loyalists
114533,2025-06-06,209,4,1733.19,3,4,4,Loyal
114534,2023-09-16,838,1,98.69,1,2,1,Lost
114535,2025-05-23,223,1,115.53,3,2,1,Others
114537,2023-08-21,864,1,1613.46,1,2,4,Lost
114538,2023-12-01,762,1,279.21,1,2,1,Lost
114539,2025-08-15,139,3,793.14,3,4,3,Loyal
114540,2024-12-02,395,2,560.0699999999999,2,3,2,Others
114541,2025-03-01,306,6,4339.3,2,5,5,At Risk
114545,2025-06-15,200,5,1713.57,3,5,4,Loyal
114546,2025-11-24,38,2,560.8199999999999,5,3,2,Potential Loyalists
114548,2025-12-09,23,4,2074.52,5,4,4,Champions
114549,2025-12-12,20,11,9458.109999999999,5,5,5,Champions
114550,2025-04-16,260,2,1448.6799999999998,3,3,4,Others
114552,2025-11-23,39,2,1933.7499999999998,5,3,4,Potential Loyalists
114553,2023-06-06,940,1,118.15,1,2,1,Lost
114554,2025-12-25,7,3,564.49,5,4,2,Others
114556,2024-11-25,402,3,2325.56,2,4,4,At Risk
114557,2025-12-15,17,3,1263.71,5,4,3,Loyal
114558,2025-11-17,45,1,2751.35,4,2,5,Potential Loyalists
114559,2025-12-18,14,2,479.95,5,3,2,Potential Loyalists
114561,2025-12-31,1,5,1395.5500000000002,5,5,3,Loyal
114562,2025-11-17,45,4,2005.25,4,4,4,Champions
114563,2025-09-19,104,5,1971.94,4,5,4,Champions
114565,2025-08-15,139,4,1428.6100000000001,3,4,4,Loyal
114566,2025-03-24,283,3,2170.15,2,4,4,At Risk
114567,2025-08-02,152,4,1293.8999999999999,3,4,3,Loyal
114569,2025-09-27,96,1,801.52,4,2,3,Potential Loyalists
114570,2025-08-25,129,6,3941.25,3,5,5,Loyal
114571,2025-11-01,61,1,283.38,4,2,1,Potential Loyalists
114573,2024-08-21,498,1,361.22,2,2,2,Lost
114574,2024-07-15,535,2,262.92,1,3,1,Others
114577,2023-07-20,896,1,594.2,1,2,2,Lost
114578,2025-07-08,177,4,3165.13,3,4,5,Loyal
114579,2025-06-11,204,3,1228.21,3,4,3,Loyal
114580,2025-05-17,229,7,1853.8200000000002,3,5,4,Loyal
114581,2025-06-17,198,2,560.9,3,3,2,Others
114582,2023-12-25,738,1,1036.85,1,2,3,Lost
114584,2025-12-15,17,8,2763.91,5,5,5,Champions
114586,2024-03-19,653,2,836.24,1,3,3,Others
114587,2023-12-16,747,1,102.72,1,2,1,Lost
114588,2024-05-02,609,2,766.88,1,3,3,Others
114589,2025-08-18,136,1,359.42999999999995,3,2,2,Others
114590,2023-10-11,813,2,1271.69,1,3,3,Others
114592,2024-06-18,562,2,778.5800000000002,1,3,3,Others
114594,2025-03-29,278,4,997.32,3,4,3,Loyal
114596,2025-11-16,46,6,3055.3,4,5,5,Champions
114597,2025-11-12,50,3,1652.07,4,4,4,Champions
114599,2024-01-13,719,1,561.5699999999999,1,2,2,Lost
114600,2025-09-03,120,10,2399.21,4,5,4,Champions
114601,2025-01-31,335,3,4049.74,2,4,5,At Risk
114604,2025-11-25,37,3,801.0799999999999,5,4,3,Loyal
114605,2025-07-17,168,3,2264.85,3,4,4,Loyal
114606,2025-03-19,288,2,772.3,2,3,3,Others
114607,2025-11-22,40,10,4025.6099999999997,5,5,5,Champions
114608,2025-10-21,72,3,1835.6399999999999,4,4,4,Champions
114610,2025-03-18,289,2,473.49,2,3,2,Others
114611,2023-12-31,732,1,610.33,1,2,2,Lost
114612,2025-12-03,29,2,1366.78,5,3,3,Potential Loyalists
114613,2025-01-22,344,1,120.82,2,2,1,Lost
114614,2024-11-07,420,1,841.88,2,2,3,Lost
114615,2024-07-24,526,1,132.85,2,2,1,Lost
114616,2025-11-13,49,1,219.58,4,2,1,Potential Loyalists
114618,2024-04-21,620,2,525.31,1,3,2,Others
114619,2024-08-18,501,3,1075.46,2,4,3,At Risk
114620,2025-03-23,284,10,4637.17,2,5,5,At Risk
114621,2025-08-08,146,7,2810.26,3,5,5,Loyal
114622,2023-06-03,943,1,2105.6,1,2,4,Lost
114623,2025-05-13,233,2,689.99,3,3,2,Others
114624,2025-12-15,17,1,8024.400000000001,5,2,5,Potential Loyalists
114625,2025-09-24,99,1,717.0999999999999,4,2,2,Potential Loyalists
114626,2023-10-12,812,1,544.48,1,2,2,Lost
114627,2025-11-21,41,4,1873.1699999999998,5,4,4,Champions
114628,2025-09-07,116,4,1774.08,4,4,4,Champions
114629,2025-03-27,280,3,1023.64,3,4,3,Loyal
114630,2025-11-09,53,1,392.72,4,2,2,Potential Loyalists
114632,2025-12-06,26,3,418.24,5,4,2,Others
114633,2024-11-18,409,2,2092.6,2,3,4,Others
114634,2025-03-10,297,4,872.14,2,4,3,At Risk
114635,2025-10-31,62,3,1799.47,4,4,4,Champions
114636,2025-12-29,3,7,2226.44,5,5,4,Champions
114637,2025-12-27,5,2,521.5,5,3,2,Potential Loyalists
114638,2024-10-12,446,2,292.58,2,3,1,Others
114639,2025-05-29,217,4,6589.75,3,4,5,Loyal
114641,2025-06-29,186,11,7578.12,3,5,5,Loyal
114642,2025-10-24,69,4,1129.56,4,4,3,Loyal
114643,2025-06-09,206,2,2605.39,3,3,4,Others
114644,2024-08-28,491,2,669.97,2,3,2,Others
114645,2025-08-22,132,1,172.42000000000002,3,2,1,Others
114646,2025-04-14,262,2,437.79,3,3,2,Others
114647,2024-02-26,675,1,85.37,1,2,1,Lost
114649,2024-01-18,714,1,387.75,1,2,2,Lost
114650,2025-07-24,161,4,969.3,3,4,3,Loyal
114651,2025-12-22,10,77,35004.84,5,5,5,Champions
114653,2024-12-17,380,5,1039.54,2,5,3,At Risk
114654,2025-03-09,298,2,1080.6799999999998,2,3,3,Others
114655,2025-01-21,345,3,1652.31,2,4,4,At Risk
114656,2025-08-19,135,10,5382.67,3,5,5,Loyal
114659,2025-11-18,44,2,195.42000000000002,4,3,1,Potential Loyalists
114660,2025-09-29,94,1,65.14,4,2,1,Potential Loyalists
114662,2025-01-31,335,3,847.9000000000001,2,4,3,At Risk
114663,2024-11-21,406,2,1689.3600000000001,2,3,4,Others
114664,2025-01-05,361,2,662.0899999999999,2,3,2,Others
114665,2023-11-03,790,1,326.57,1,2,2,Lost
114666,2025-09-16,107,1,65.82,4,2,1,Potential Loyalists
114667,2024-12-31,366,3,1042.38,2,4,3,At Risk
114669,2025-11-23,39,3,1270.97,5,4,3,Loyal
114670,2023-10-12,812,2,338.43,1,3,2,Others
114671,2024-02-28,673,1,476.65,1,2,2,Lost
114672,2025-08-14,140,3,1025.98,3,4,3,Loyal
114673,2025-07-14,171,6,1857.45,3,5,4,Loyal
114674,2025-08-25,129,8,3889.64,3,5,5,Loyal
114675,2024-03-05,667,1,176.9,1,2,1,Lost
114676,2025-11-03,59,4,433.88,4,4,2,Others
114677,2025-02-17,318,4,1118.28,2,4,3,At Risk
114680,2025-03-30,277,2,136.74,3,3,1,Others
114681,2025-11-21,41,11,2682.59,5,5,5,Champions
114682,2025-05-18,228,1,341.7,3,2,2,Others
114683,2025-08-16,138,2,618.36,3,3,2,Others
114684,2025-12-28,4,4,3474.13,5,4,5,Champions
114685,2025-11-11,51,2,193.99,4,3,1,Potential Loyalists
114686,2025-11-25,37,2,1818.67,5,3,4,Potential Loyalists
114688,2025-11-15,47,1,143.26,4,2,1,Potential Loyalists
114689,2025-07-16,169,4,1864.48,3,4,4,Loyal
114690,2025-03-31,276,1,116.44000000000001,3,2,1,Others
114691,2024-08-22,497,3,675.35,2,4,2,Others
114692,2025-08-22,132,3,272.38,3,4,1,Others
114693,2024-05-29,582,3,889.06,1,4,3,At Risk
114694,2025-02-15,320,1,171.14,2,2,1,Lost
114695,2025-12-01,31,8,4071.2000000000003,5,5,5,Champions
114696,2024-08-29,490,2,505.20000000000005,2,3,2,Others
114697,2025-12-11,21,8,8117.889999999999,5,5,5,Champions
114698,2023-10-09,815,1,97.12,1,2,1,Lost
114699,2023-08-30,855,1,293.46,1,2,1,Lost
114700,2024-12-06,391,1,81.24,2,2,1,Lost
114701,2025-11-07,55,2,1141.05,4,3,3,Potential Loyalists
114702,2024-04-30,611,2,926.21,1,3,3,Others
114704,2025-12-20,12,2,99.01,5,3,1,Potential Loyalists
114706,2023-11-21,772,2,369.92,1,3,2,Others
114707,2025-12-22,10,5,3034.5099999999998,5,5,5,Champions
114708,2025-10-02,91,1,153.3,4,2,1,Potential Loyalists
114710,2025-12-12,20,4,2687.62,5,4,5,Champions
114711,2023-12-22,741,1,68.72,1,2,1,Lost
114713,2025-04-03,273,3,1721.95,3,4,4,Loyal
114714,2025-02-20,315,1,15.96,2,2,1,Lost
114716,2024-09-13,475,3,707.49,2,4,2,Others
114717,2023-08-17,868,1,314.02,1,2,2,Lost
114718,2025-12-10,22,41,18069.34,5,5,5,Champions
114719,2025-01-12,354,3,1099.77,2,4,3,At Risk
114720,2025-06-03,212,3,1838.68,3,4,4,Loyal
114722,2024-12-18,379,1,27.24,2,2,1,Lost
114723,2024-11-02,425,1,443.94,2,2,2,Lost
114724,2025-01-01,365,1,78.42,2,2,1,Lost
114725,2024-09-14,474,2,1143.8600000000001,2,3,3,Others
114726,2023-10-30,794,1,59.47,1,2,1,Lost
114729,2025-10-15,78,1,652.64,4,2,2,Potential Loyalists
114730,2023-05-06,971,1,758.64,1,2,3,Lost
114731,2025-05-17,229,3,1762.24,3,4,4,Loyal
114732,2024-07-17,533,1,52.19,2,2,1,Lost
114733,2025-02-26,309,3,487.32,2,4,2,Others
114734,2025-12-07,25,5,919.45,5,5,3,Loyal
114735,2025-12-07,25,12,5691.31,5,5,5,Champions
114736,2025-08-28,126,11,1847.16,4,5,4,Champions
114737,2024-10-11,447,2,1724.29,2,3,4,Others
114739,2023-08-06,879,2,1819.51,1,3,4,Others
114741,2025-11-06,56,1,409.31,4,2,2,Potential Loyalists
114742,2025-11-03,59,2,919.97,4,3,3,Potential Loyalists
114743,2025-01-09,357,3,954.4,2,4,3,At Risk
114744,2025-09-25,98,5,1711.46,4,5,4,Champions
114745,2024-12-03,394,1,921.0799999999999,2,2,3,Lost
114746,2025-10-28,65,11,5572.73,4,5,5,Champions
114747,2024-10-09,449,1,463.71999999999997,2,2,2,Lost
114748,2024-11-05,422,2,713.62,2,3,2,Others
114749,2025-12-24,8,6,2830.38,5,5,5,Champions
114752,2023-12-10,753,4,3246.7400000000002,1,4,5,At Risk
114754,2024-02-19,682,1,934.35,1,2,3,Lost
114756,2025-12-02,30,4,2095.19,5,4,4,Champions
114757,2024-07-22,528,1,309.47,2,2,2,Lost
114759,2025-12-18,14,22,8083.82,5,5,5,Champions
114760,2024-12-30,367,1,430.14,2,2,2,Lost
114762,2025-09-21,102,3,976.66,4,4,3,Loyal
114766,2024-08-20,499,1,266.24,2,2,1,Lost
114767,2025-10-30,63,3,529.24,4,4,2,Others
114768,2024-03-17,655,2,1117.1299999999999,1,3,3,Others
114769,2025-09-04,119,3,420.47,4,4,2,Others
114770,2024-01-31,701,2,707.9,1,3,2,Others
114773,2025-09-03,120,7,1998.29,4,5,4,Champions
114774,2023-09-04,850,1,1905.6100000000001,1,2,4,Lost
114775,2025-10-28,65,1,893.07,4,2,3,Potential Loyalists
114779,2025-05-10,236,7,1415.79,3,5,4,Loyal
114781,2025-09-27,96,6,2736.43,4,5,5,Champions
114782,2025-09-06,117,2,811.27,4,3,3,Potential Loyalists
114783,2024-11-13,414,1,106.99,2,2,1,Lost
114784,2025-12-29,3,2,367.37,5,3,2,Potential Loyalists
114785,2025-01-28,338,2,909.78,2,3,3,Others
114786,2025-06-10,205,4,1555.69,3,4,4,Loyal
114787,2024-06-13,567,2,498.08,1,3,2,Others
114790,2025-05-24,222,3,2627.86,3,4,4,Loyal
114791,2024-06-07,573,1,63.43,1,2,1,Lost
114792,2025-07-23,162,7,3879.1,3,5,5,Loyal
114793,2025-11-12,50,4,887.0799999999999,4,4,3,Loyal
114794,2025-12-05,27,2,269.83,5,3,1,Potential Loyalists
114799,2025-07-27,158,5,3413.06,3,5,5,Loyal
114801,2025-07-11,174,2,660.67,3,3,2,Others
114802,2025-09-24,99,6,1557.92,4,5,4,Champions
114804,2025-01-16,350,3,1131.66,2,4,3,At Risk
114805,2023-08-25,860,1,27.15,1,2,1,Lost
114806,2025-12-04,28,7,2276.0,5,5,4,Champions
114807,2024-05-24,587,1,257.81,1,2,1,Lost
114808,2025-08-05,149,5,750.47,3,5,3,Loyal
114810,2025-12-26,6,5,1502.87,5,5,4,Champions
114811,2024-04-10,631,1,59.11,1,2,1,Lost
114812,2025-11-07,55,4,474.79,4,4,2,Others
114814,2025-12-23,9,3,816.44,5,4,3,Loyal
114815,2024-01-20,712,1,1709.24,1,2,4,Lost
114816,2025-03-16,291,4,1265.6,2,4,3,At Risk
114817,2025-12-06,26,2,2984.09,5,3,5,Potential Loyalists
114818,2025-12-27,5,10,3000.2,5,5,5,Champions
114819,2024-11-06,421,1,663.34,2,2,2,Lost
114820,2025-06-02,213,6,2848.08,3,5,5,Loyal
114823,2024-10-23,435,2,1064.44,2,3,3,Others
114825,2025-09-27,96,16,10231.18,4,5,5,Champions
114826,2024-04-04,637,2,1515.28,1,3,4,Others
114828,2024-07-02,548,1,169.47,1,2,1,Lost
114830,2025-05-19,227,1,184.95,3,2,1,Others
114831,2025-12-11,21,3,1073.04,5,4,3,Loyal
114833,2025-01-02,364,1,331.76,2,2,2,Lost
114835,2024-12-24,373,1,790.79,2,2,3,Lost
114836,2025-12-22,10,32,16903.63,5,5,5,Champions
114837,2025-12-26,6,5,1849.49,5,5,4,Champions
114838,2023-10-27,797,2,767.6400000000001,1,3,3,Others
114839,2025-03-08,299,1,901.46,2,2,3,Lost
114840,2025-07-14,171,1,181.84,3,2,1,Others
114841,2025-03-29,278,12,3336.11,3,5,5,Loyal
114842,2025-12-24,8,6,1076.92,5,5,3,Loyal
114843,2025-10-10,83,4,1254.46,4,4,3,Loyal
114844,2023-01-11,1086,1,291.64000000000004,1,2,1,Lost
114845,2025-06-16,199,4,1003.04,3,4,3,Loyal
114846,2025-12-20,12,6,1956.18,5,5,4,Champions
114847,2024-08-27,492,1,83.52,2,2,1,Lost
114849,2025-10-19,74,1,966.92,4,2,3,Potential Loyalists
114850,2025-07-21,164,1,100.03,3,2,1,Others
114851,2025-12-26,6,4,2057.39,5,4,4,Champions
114852,2023-01-12,1085,1,542.88,1,2,2,Lost
114855,2025-05-08,238,1,906.24,3,2,3,Others
114856,2024-08-23,496,2,1714.1299999999999,2,3,4,Others
114858,2025-04-24,252,6,1173.19,3,5,3,Loyal
114859,2025-09-06,117,4,1232.4199999999998,4,4,3,Loyal
114860,2025-08-03,151,6,869.43,3,5,3,Loyal
114861,2025-10-20,73,6,1239.07,4,5,3,Loyal
114863,2024-05-13,598,2,286.14,1,3,1,Others
114864,2025-03-21,286,2,1442.8700000000001,2,3,4,Others
114865,2024-12-10,387,2,2634.29,2,3,4,Others
114866,2024-11-16,411,1,206.42,2,2,1,Lost
114869,2025-03-26,281,2,992.04,3,3,3,Others
114870,2025-04-06,270,1,470.63,3,2,2,Others
114871,2025-11-23,39,1,349.83000000000004,5,2,2,Potential Loyalists
114872,2025-03-31,276,3,1898.21,3,4,4,Loyal
114873,2025-09-07,116,6,1456.34,4,5,4,Champions
114875,2025-06-17,198,3,594.59,3,4,2,Others
114877,2025-05-13,233,8,3546.7799999999997,3,5,5,Loyal
114878,2025-12-28,4,3,651.11,5,4,2,Others
114879,2023-12-24,739,1,215.2,1,2,1,Lost
114880,2025-01-03,363,1,118.53,2,2,1,Lost
114883,2023-12-12,751,1,23.12,1,2,1,Lost
114884,2025-10-16,77,4,2921.18,4,4,5,Champions
114885,2025-10-30,63,8,2897.22,4,5,5,Champions
114886,2025-11-02,60,4,1237.29,4,4,3,Loyal
114887,2023-07-14,902,1,380.31,1,2,2,Lost
114888,2025-12-11,21,4,1320.6200000000001,5,4,3,Loyal
114889,2025-06-30,185,3,979.6800000000001,3,4,3,Loyal
114890,2025-12-22,10,3,929.9100000000001,5,4,3,Loyal
114891,2025-12-21,11,8,3239.41,5,5,5,Champions
114892,2025-12-10,22,19,5934.43,5,5,5,Champions
114893,2024-11-09,418,2,951.2,2,3,3,Others
114894,2023-10-12,812,1,837.53,1,2,3,Lost
114895,2025-01-23,343,1,985.48,2,2,3,Lost
114896,2024-09-12,476,1,335.36,2,2,2,Lost
114897,2025-12-11,21,2,402.56,5,3,2,Potential Loyalists
114898,2023-08-18,867,1,610.96,1,2,2,Lost
114899,2024-09-21,467,1,145.01999999999998,2,2,1,Lost
114900,2024-06-24,556,3,408.0,1,4,2,Others
114901,2024-10-28,430,3,452.95,2,4,2,Others
114902,2025-10-17,76,6,2441.31,4,5,4,Champions
114904,2025-11-26,36,2,435.71000000000004,5,3,2,Potential Loyalists
114905,2023-12-27,736,1,1683.1,1,2,4,Lost
114906,2025-07-23,162,3,271.53999999999996,3,4,1,Others
114907,2023-11-10,783,1,608.23,1,2,2,Lost
114908,2025-06-28,187,1,467.65,3,2,2,Others
114909,2025-02-21,314,4,636.76,2,4,2,Others
114913,2025-12-01,31,5,3505.38,5,5,5,Champions
114914,2025-06-16,199,2,522.1,3,3,2,Others
114915,2025-10-07,86,4,2675.32,4,4,5,Champions
114916,2025-07-23,162,4,368.02,3,4,2,Others
114918,2025-11-19,43,3,902.53,4,4,3,Loyal
114919,2025-12-10,22,3,855.08,5,4,3,Loyal
114920,2025-11-10,52,1,1084.37,4,2,3,Potential Loyalists
114921,2025-10-02,91,3,668.54,4,4,2,Others
114924,2025-11-18,44,1,86.86,4,2,1,Potential Loyalists
114926,2023-12-08,755,1,711.3,1,2,2,Lost
114927,2025-03-28,279,5,3377.51,3,5,5,Loyal
114928,2024-11-16,411,3,1221.3,2,4,3,At Risk
114929,2023-12-05,758,1,1763.43,1,2,4,Lost
114930,2024-11-14,413,1,66.08,2,2,1,Lost
114932,2024-05-10,601,2,221.13,1,3,1,Others
114934,2025-12-15,17,8,4780.67,5,5,5,Champions
114936,2025-10-11,82,3,1782.83,4,4,4,Champions
114937,2025-01-26,340,1,595.61,2,2,2,Lost
114938,2025-11-17,45,7,1570.52,4,5,4,Champions
114939,2025-11-19,43,4,3719.96,4,4,5,Champions
114940,2025-06-17,198,3,2863.05,3,4,5,Loyal
114942,2025-10-19,74,8,5899.87,4,5,5,Champions
114943,2025-11-12,50,1,211.15,4,2,1,Potential Loyalists
114945,2025-12-03,29,4,438.14,5,4,2,Others
114946,2025-10-18,75,2,302.5,4,3,2,Potential Loyalists
114950,2025-11-06,56,1,99.25,4,2,1,Potential Loyalists
114951,2025-09-03,120,4,2390.42,4,4,4,Champions
114952,2025-07-16,169,2,506.18,3,3,2,Others
114953,2025-05-19,227,2,178.53,3,3,1,Others
114954,2025-07-09,176,2,1252.62,3,3,3,Others
114955,2025-10-21,72,1,484.55,4,2,2,Potential Loyalists
114957,2025-01-25,341,3,1422.92,2,4,4,At Risk
114958,2024-05-24,587,1,12.99,1,2,1,Lost
114960,2025-06-19,196,5,881.09,3,5,3,Loyal
114961,2025-01-25,341,1,105.28,2,2,1,Lost
114963,2025-11-03,59,2,542.65,4,3,2,Potential Loyalists
114964,2025-12-23,9,3,118.08,5,4,1,Others
114965,2025-08-16,138,1,29.11,3,2,1,Others
114966,2025-10-01,92,2,484.43,4,3,2,Potential Loyalists
114967,2023-05-08,969,1,202.05,1,2,1,Lost
114968,2025-10-19,74,1,296.15999999999997,4,2,2,Potential Loyalists
114970,2024-11-19,408,2,168.74,2,3,1,Others
114971,2024-10-24,434,2,2511.6400000000003,2,3,4,Others
114972,2025-12-28,4,4,361.12,5,4,2,Others
114973,2025-11-04,58,6,3046.85,4,5,5,Champions
114974,2024-07-31,519,4,552.4,2,4,2,Others
114975,2025-05-27,219,3,432.66999999999996,3,4,2,Others
114977,2025-11-22,40,1,202.07,5,2,1,Potential Loyalists
114978,2024-03-21,651,2,769.72,1,3,3,Others
114979,2025-10-17,76,6,5871.0199999999995,4,5,5,Champions
114980,2025-12-24,8,9,4349.32,5,5,5,Champions
114981,2025-08-29,125,3,4524.58,4,4,5,Champions
114982,2024-01-16,716,2,1237.3500000000001,1,3,3,Others
114983,2023-04-10,997,1,194.3,1,2,1,Lost
114984,2025-04-20,256,5,1132.7,3,5,3,Loyal
114986,2025-05-03,243,1,148.93,3,2,1,Others
114987,2025-10-09,84,8,3026.0,4,5,5,Champions
114988,2025-02-28,307,3,761.5,2,4,3,At Risk
114989,2025-01-19,347,1,368.52,2,2,2,Lost
114990,2023-02-04,1062,1,121.33,1,2,1,Lost
114991,2025-08-04,150,13,6083.42,3,5,5,Loyal
114992,2025-08-12,142,6,3164.12,3,5,5,Loyal
114993,2025-11-21,41,5,3230.1400000000003,5,5,5,Champions
114994,2025-06-14,201,4,1147.29,3,4,3,Loyal
114995,2025-12-19,13,28,15981.26,5,5,5,Champions
114996,2025-11-24,38,3,410.51,5,4,2,Others
114997,2023-10-18,806,2,864.38,1,3,3,Others
114998,2024-12-20,377,4,983.35,2,4,3,At Risk
115000,2025-09-15,108,11,5122.78,4,5,5,Champions
